location_key,province_code,province_name,commune_code,commune_name,latitude,longitude,region,climate_zone
1,01,Thành phố Hà Nội,00004,Phường Ba Đình,21.0395325,105.8364230,Bắc Bộ,Nhiệt đới gió mùa có mùa đông lạnh
2,01,Thành phố Hà Nội,00008,Phường Ngọc Hà,21.0394508,105.8171166,Bắc Bộ,Nhiệt đới gió mùa có mùa đông lạnh
3,01,Thành phố Hà Nội,00025,Phường Giảng Võ,21.0275077,105.8211546,Bắc Bộ,Nhiệt đới gió mùa có mùa đông lạnh
4,01,Thành phố Hà Nội,00070,Phường Hoàn Kiếm,21.0323032,105.8506925,Bắc Bộ,Nhiệt đới gió mùa có mùa đông lạnh
5,01,Thành phố Hà Nội,00082,Phường Cửa Nam,21.0231627,105.8508042,Bắc Bộ,Nhiệt đới gió mùa có mùa đông lạnh
6,01,Thành phố Hà Nội,00091,Phường Phú Thượng,21.0846271,105.8073225,Bắc Bộ,Nhiệt đới gió mùa có mùa đông lạnh
7,01,Thành phố Hà Nội,00097,Phường Hồng Hà,21.0482815,105.8524226,Bắc Bộ,Nhiệt đới gió mùa có mùa đông lạnh
8,01,Thành phố Hà Nội,00103,Phường Tây Hồ,21.0627805,105.8184637,Bắc Bộ,Nhiệt đới gió mùa có mùa đông lạnh
9,01,Thành phố Hà Nội,00118,Phường Bồ Đề,21.0501718,105.8758500,Bắc Bộ,Nhiệt đới gió mùa có mùa đông lạnh
10,01,Thành phố Hà Nội,00127,Phường Việt Hưng,21.0637193,105.9057639,Bắc Bộ,Nhiệt đới gió mùa có mùa đông lạnh
11,01,Thành phố Hà Nội,00136,Phường Phúc Lợi,21.0412063,105.9180020,Bắc Bộ,Nhiệt đới gió mùa có mùa đông lạnh
12,01,Thành phố Hà Nội,00145,Phường Long Biên,21.0226431,105.8987912,Bắc Bộ,Nhiệt đới gió mùa có mùa đông lạnh
13,01,Thành phố Hà Nội,00160,Phường Nghĩa Đô,21.0437643,105.7937364,Bắc Bộ,Nhiệt đới gió mùa có mùa đông lạnh
14,01,Thành phố Hà Nội,00166,Phường Cầu Giấy,21.0296730,105.7901417,Bắc Bộ,Nhiệt đới gió mùa có mùa đông lạnh
15,01,Thành phố Hà Nội,00175,Phường Yên Hòa,21.0138801,105.7957239,Bắc Bộ,Nhiệt đới gió mùa có mùa đông lạnh
16,01,Thành phố Hà Nội,00190,Phường Ô Chợ Dừa,21.0213340,105.8243089,Bắc Bộ,Nhiệt đới gió mùa có mùa đông lạnh
17,01,Thành phố Hà Nội,00199,Phường Láng,21.0203937,105.8048673,Bắc Bộ,Nhiệt đới gió mùa có mùa đông lạnh
18,01,Thành phố Hà Nội,00226,Phường Văn Miếu - Quốc Tử Giám,21.0191312,105.8361676,Bắc Bộ,Nhiệt đới gió mùa có mùa đông lạnh
19,01,Thành phố Hà Nội,00229,Phường Kim Liên,21.0062884,105.8321391,Bắc Bộ,Nhiệt đới gió mùa có mùa đông lạnh
20,01,Thành phố Hà Nội,00235,Phường Đống Đa,21.0109970,105.8182669,Bắc Bộ,Nhiệt đới gió mùa có mùa đông lạnh
21,01,Thành phố Hà Nội,00256,Phường Hai Bà Trưng,21.0148770,105.8521471,Bắc Bộ,Nhiệt đới gió mùa có mùa đông lạnh
22,01,Thành phố Hà Nội,00283,Phường Vĩnh Tuy,20.9973910,105.8679235,Bắc Bộ,Nhiệt đới gió mùa có mùa đông lạnh
23,01,Thành phố Hà Nội,00292,Phường Bạch Mai,21.0024564,105.8514470,Bắc Bộ,Nhiệt đới gió mùa có mùa đông lạnh
24,01,Thành phố Hà Nội,00301,Phường Vĩnh Hưng,20.9911891,105.8828976,Bắc Bộ,Nhiệt đới gió mùa có mùa đông lạnh
25,01,Thành phố Hà Nội,00316,Phường Định Công,20.9834576,105.8285614,Bắc Bộ,Nhiệt đới gió mùa có mùa đông lạnh
26,01,Thành phố Hà Nội,00322,Phường Tương Mai,20.9899896,105.8530145,Bắc Bộ,Nhiệt đới gió mùa có mùa đông lạnh
27,01,Thành phố Hà Nội,00328,Phường Lĩnh Nam,20.9755570,105.8986487,Bắc Bộ,Nhiệt đới gió mùa có mùa đông lạnh
28,01,Thành phố Hà Nội,00331,Phường Hoàng Mai,20.9740598,105.8619324,Bắc Bộ,Nhiệt đới gió mùa có mùa đông lạnh
29,01,Thành phố Hà Nội,00337,Phường Hoàng Liệt,20.9619101,105.8365400,Bắc Bộ,Nhiệt đới gió mùa có mùa đông lạnh
30,01,Thành phố Hà Nội,00340,Phường Yên Sở,20.9638518,105.8658241,Bắc Bộ,Nhiệt đới gió mùa có mùa đông lạnh
31,01,Thành phố Hà Nội,00352,Phường Phương Liệt,20.9934972,105.8315495,Bắc Bộ,Nhiệt đới gió mùa có mùa đông lạnh
32,01,Thành phố Hà Nội,00364,Phường Khương Đình,20.9908045,105.8134369,Bắc Bộ,Nhiệt đới gió mùa có mùa đông lạnh
33,01,Thành phố Hà Nội,00367,Phường Thanh Xuân,20.9984954,105.8044453,Bắc Bộ,Nhiệt đới gió mùa có mùa đông lạnh
52,01,Thành phố Hà Nội,00376,Xã Sóc Sơn,21.2453317,105.8497650,Bắc Bộ,Nhiệt đới gió mùa có mùa đông lạnh
53,01,Thành phố Hà Nội,00382,Xã Kim Anh,21.2954733,105.7737938,Bắc Bộ,Nhiệt đới gió mùa có mùa đông lạnh
54,01,Thành phố Hà Nội,00385,Xã Trung Giã,21.3314675,105.8324511,Bắc Bộ,Nhiệt đới gió mùa có mùa đông lạnh
55,01,Thành phố Hà Nội,00430,Xã Đa Phúc,21.2472380,105.9129756,Bắc Bộ,Nhiệt đới gió mùa có mùa đông lạnh
56,01,Thành phố Hà Nội,00433,Xã Nội Bài,21.2359298,105.7734367,Bắc Bộ,Nhiệt đới gió mùa có mùa đông lạnh
57,01,Thành phố Hà Nội,00454,Xã Đông Anh,21.1104815,105.8757685,Bắc Bộ,Nhiệt đới gió mùa có mùa đông lạnh
58,01,Thành phố Hà Nội,00466,Xã Phúc Thịnh,21.1587267,105.8087258,Bắc Bộ,Nhiệt đới gió mùa có mùa đông lạnh
59,01,Thành phố Hà Nội,00475,Xã Thư Lâm,21.1625428,105.8844077,Bắc Bộ,Nhiệt đới gió mùa có mùa đông lạnh
60,01,Thành phố Hà Nội,00493,Xã Thiên Lộc,21.1258664,105.7606770,Bắc Bộ,Nhiệt đới gió mùa có mùa đông lạnh
61,01,Thành phố Hà Nội,00508,Xã Vĩnh Thanh,21.1034963,105.8175451,Bắc Bộ,Nhiệt đới gió mùa có mùa đông lạnh
62,01,Thành phố Hà Nội,00541,Xã Phù Đổng,21.0790743,105.9324504,Bắc Bộ,Nhiệt đới gió mùa có mùa đông lạnh
63,01,Thành phố Hà Nội,00562,Xã Thuận An,21.0328461,105.9821275,Bắc Bộ,Nhiệt đới gió mùa có mùa đông lạnh
64,01,Thành phố Hà Nội,00565,Xã Gia Lâm,21.0023910,105.9515672,Bắc Bộ,Nhiệt đới gió mùa có mùa đông lạnh
65,01,Thành phố Hà Nội,00577,Xã Bát Tràng,20.9685527,105.9075268,Bắc Bộ,Nhiệt đới gió mùa có mùa đông lạnh
34,01,Thành phố Hà Nội,00592,Phường Từ Liêm,21.0216402,105.7671293,Bắc Bộ,Nhiệt đới gió mùa có mùa đông lạnh
35,01,Thành phố Hà Nội,00598,Phường Thượng Cát,21.0870218,105.7488577,Bắc Bộ,Nhiệt đới gió mùa có mùa đông lạnh
36,01,Thành phố Hà Nội,00602,Phường Đông Ngạc,21.0896952,105.7853269,Bắc Bộ,Nhiệt đới gió mùa có mùa đông lạnh
37,01,Thành phố Hà Nội,00611,Phường Xuân Đỉnh,21.0668425,105.7960227,Bắc Bộ,Nhiệt đới gió mùa có mùa đông lạnh
38,01,Thành phố Hà Nội,00613,Phường Tây Tựu,21.0674851,105.7316058,Bắc Bộ,Nhiệt đới gió mùa có mùa đông lạnh
39,01,Thành phố Hà Nội,00619,Phường Phú Diễn,21.0482672,105.7635616,Bắc Bộ,Nhiệt đới gió mùa có mùa đông lạnh
40,01,Thành phố Hà Nội,00622,Phường Xuân Phương,21.0312368,105.7479104,Bắc Bộ,Nhiệt đới gió mùa có mùa đông lạnh
41,01,Thành phố Hà Nội,00634,Phường Tây Mỗ,21.0002596,105.7482306,Bắc Bộ,Nhiệt đới gió mùa có mùa đông lạnh
42,01,Thành phố Hà Nội,00637,Phường Đại Mỗ,20.9931168,105.7768258,Bắc Bộ,Nhiệt đới gió mùa có mùa đông lạnh
66,01,Thành phố Hà Nội,00640,Xã Thanh Trì,20.9395485,105.8613378,Bắc Bộ,Nhiệt đới gió mùa có mùa đông lạnh
43,01,Thành phố Hà Nội,00643,Phường Thanh Liệt,20.9704857,105.8023692,Bắc Bộ,Nhiệt đới gió mùa có mùa đông lạnh
67,01,Thành phố Hà Nội,00664,Xã Đại Thanh,20.9343343,105.8190047,Bắc Bộ,Nhiệt đới gió mùa có mùa đông lạnh
68,01,Thành phố Hà Nội,00679,Xã Ngọc Hồi,20.9128431,105.8337875,Bắc Bộ,Nhiệt đới gió mùa có mùa đông lạnh
69,01,Thành phố Hà Nội,00685,Xã Nam Phù,20.9191327,105.8864588,Bắc Bộ,Nhiệt đới gió mùa có mùa đông lạnh
70,01,Thành phố Hà Nội,04930,Xã Yên Xuân,20.9739465,105.4788546,Bắc Bộ,Nhiệt đới gió mùa có mùa đông lạnh
71,01,Thành phố Hà Nội,08974,Xã Quang Minh,21.1988786,105.7528702,Bắc Bộ,Nhiệt đới gió mùa có mùa đông lạnh
72,01,Thành phố Hà Nội,08980,Xã Yên Lãng,21.1709072,105.6641008,Bắc Bộ,Nhiệt đới gió mùa có mùa đông lạnh
73,01,Thành phố Hà Nội,08995,Xã Tiến Thắng,21.2077839,105.6852390,Bắc Bộ,Nhiệt đới gió mùa có mùa đông lạnh
74,01,Thành phố Hà Nội,09022,Xã Mê Linh,21.1472274,105.7346206,Bắc Bộ,Nhiệt đới gió mùa có mùa đông lạnh
44,01,Thành phố Hà Nội,09552,Phường Kiến Hưng,20.9509503,105.7853025,Bắc Bộ,Nhiệt đới gió mùa có mùa đông lạnh
45,01,Thành phố Hà Nội,09556,Phường Hà Đông,20.9744367,105.7788461,Bắc Bộ,Nhiệt đới gió mùa có mùa đông lạnh
46,01,Thành phố Hà Nội,09562,Phường Yên Nghĩa,20.9499151,105.7372532,Bắc Bộ,Nhiệt đới gió mùa có mùa đông lạnh
47,01,Thành phố Hà Nội,09568,Phường Phú Lương,20.9384472,105.7718521,Bắc Bộ,Nhiệt đới gió mùa có mùa đông lạnh
48,01,Thành phố Hà Nội,09574,Phường Sơn Tây,21.1427003,105.4869248,Bắc Bộ,Nhiệt đới gió mùa có mùa đông lạnh
49,01,Thành phố Hà Nội,09604,Phường Tùng Thiện,21.1224604,105.4586831,Bắc Bộ,Nhiệt đới gió mùa có mùa đông lạnh
75,01,Thành phố Hà Nội,09616,Xã Đoài Phương,21.0639642,105.4949079,Bắc Bộ,Nhiệt đới gió mùa có mùa đông lạnh
76,01,Thành phố Hà Nội,09619,Xã Quảng Oai,21.1781628,105.4304611,Bắc Bộ,Nhiệt đới gió mùa có mùa đông lạnh
77,01,Thành phố Hà Nội,09634,Xã Cổ Đô,21.2843846,105.3739517,Bắc Bộ,Nhiệt đới gió mùa có mùa đông lạnh
78,01,Thành phố Hà Nội,09661,Xã Minh Châu,21.0021636,105.7490656,Bắc Bộ,Nhiệt đới gió mùa có mùa đông lạnh
79,01,Thành phố Hà Nội,09664,Xã Vật Lại,21.2114276,105.3795100,Bắc Bộ,Nhiệt đới gió mùa có mùa đông lạnh
80,01,Thành phố Hà Nội,09676,Xã Bất Bạt,21.1613704,105.3313683,Bắc Bộ,Nhiệt đới gió mùa có mùa đông lạnh
81,01,Thành phố Hà Nội,09694,Xã Suối Hai,21.1243133,105.3762730,Bắc Bộ,Nhiệt đới gió mùa có mùa đông lạnh
82,01,Thành phố Hà Nội,09700,Xã Ba Vì,21.0728675,105.3534680,Bắc Bộ,Nhiệt đới gió mùa có mùa đông lạnh
83,01,Thành phố Hà Nội,09706,Xã Yên Bài,21.0439319,105.4317144,Bắc Bộ,Nhiệt đới gió mùa có mùa đông lạnh
84,01,Thành phố Hà Nội,09715,Xã Phúc Thọ,21.1075020,105.5460615,Bắc Bộ,Nhiệt đới gió mùa có mùa đông lạnh
85,01,Thành phố Hà Nội,09739,Xã Phúc Lộc,21.1493417,105.5720271,Bắc Bộ,Nhiệt đới gió mùa có mùa đông lạnh
86,01,Thành phố Hà Nội,09772,Xã Hát Môn,21.0888568,105.6200290,Bắc Bộ,Nhiệt đới gió mùa có mùa đông lạnh
87,01,Thành phố Hà Nội,09784,Xã Đan Phượng,21.0944654,105.6685506,Bắc Bộ,Nhiệt đới gió mùa có mùa đông lạnh
88,01,Thành phố Hà Nội,09787,Xã Liên Minh,21.1303488,105.6510505,Bắc Bộ,Nhiệt đới gió mùa có mùa đông lạnh
89,01,Thành phố Hà Nội,09817,Xã Ô Diên,21.1057078,105.7102051,Bắc Bộ,Nhiệt đới gió mùa có mùa đông lạnh
90,01,Thành phố Hà Nội,09832,Xã Hoài Đức,21.0630487,105.7061118,Bắc Bộ,Nhiệt đới gió mùa có mùa đông lạnh
91,01,Thành phố Hà Nội,09856,Xã Dương Hòa,21.0489321,105.6711972,Bắc Bộ,Nhiệt đới gió mùa có mùa đông lạnh
92,01,Thành phố Hà Nội,09871,Xã Sơn Đồng,21.0269650,105.7085827,Bắc Bộ,Nhiệt đới gió mùa có mùa đông lạnh
93,01,Thành phố Hà Nội,09877,Xã An Khánh,20.9833286,105.7083908,Bắc Bộ,Nhiệt đới gió mùa có mùa đông lạnh
50,01,Thành phố Hà Nội,09886,Phường Dương Nội,20.9795394,105.7503041,Bắc Bộ,Nhiệt đới gió mùa có mùa đông lạnh
94,01,Thành phố Hà Nội,09895,Xã Quốc Oai,21.0082475,105.6472365,Bắc Bộ,Nhiệt đới gió mùa có mùa đông lạnh
95,01,Thành phố Hà Nội,09910,Xã Kiều Phú,20.9733027,105.6021605,Bắc Bộ,Nhiệt đới gió mùa có mùa đông lạnh
96,01,Thành phố Hà Nội,09931,Xã Hưng Đạo,20.9697279,105.6578173,Bắc Bộ,Nhiệt đới gió mùa có mùa đông lạnh
97,01,Thành phố Hà Nội,09952,Xã Phú Cát,20.9492243,105.5565077,Bắc Bộ,Nhiệt đới gió mùa có mùa đông lạnh
98,01,Thành phố Hà Nội,09955,Xã Thạch Thất,21.0666388,105.5617779,Bắc Bộ,Nhiệt đới gió mùa có mùa đông lạnh
99,01,Thành phố Hà Nội,09982,Xã Hạ Bằng,21.0161116,105.5711475,Bắc Bộ,Nhiệt đới gió mùa có mùa đông lạnh
100,01,Thành phố Hà Nội,09988,Xã Hòa Lạc,21.0135176,105.5067601,Bắc Bộ,Nhiệt đới gió mùa có mùa đông lạnh
101,01,Thành phố Hà Nội,10003,Xã Tây Phương,21.0403672,105.6115528,Bắc Bộ,Nhiệt đới gió mùa có mùa đông lạnh
51,01,Thành phố Hà Nội,10015,Phường Chương Mỹ,20.9260756,105.7025720,Bắc Bộ,Nhiệt đới gió mùa có mùa đông lạnh
102,01,Thành phố Hà Nội,10030,Xã Phú Nghĩa,20.9182618,105.6394102,Bắc Bộ,Nhiệt đới gió mùa có mùa đông lạnh
103,01,Thành phố Hà Nội,10045,Xã Xuân Mai,20.8612469,105.6024741,Bắc Bộ,Nhiệt đới gió mùa có mùa đông lạnh
104,01,Thành phố Hà Nội,10072,Xã Quảng Bị,20.8712133,105.6992986,Bắc Bộ,Nhiệt đới gió mùa có mùa đông lạnh
105,01,Thành phố Hà Nội,10081,Xã Trần Phú,20.8369999,105.6627406,Bắc Bộ,Nhiệt đới gió mùa có mùa đông lạnh
106,01,Thành phố Hà Nội,10096,Xã Hòa Phú,20.8322158,105.7250837,Bắc Bộ,Nhiệt đới gió mùa có mùa đông lạnh
107,01,Thành phố Hà Nội,10114,Xã Thanh Oai,20.8440838,105.7677486,Bắc Bộ,Nhiệt đới gió mùa có mùa đông lạnh
108,01,Thành phố Hà Nội,10126,Xã Bình Minh,20.9038999,105.7575205,Bắc Bộ,Nhiệt đới gió mùa có mùa đông lạnh
109,01,Thành phố Hà Nội,10144,Xã Tam Hưng,20.8786211,105.7934311,Bắc Bộ,Nhiệt đới gió mùa có mùa đông lạnh
110,01,Thành phố Hà Nội,10180,Xã Dân Hòa,20.8105226,105.7945126,Bắc Bộ,Nhiệt đới gió mùa có mùa đông lạnh
111,01,Thành phố Hà Nội,10183,Xã Thường Tín,21.0021636,105.7490656,Bắc Bộ,Nhiệt đới gió mùa có mùa đông lạnh
112,01,Thành phố Hà Nội,10210,Xã Hồng Vân,20.8797354,105.8981732,Bắc Bộ,Nhiệt đới gió mùa có mùa đông lạnh
113,01,Thành phố Hà Nội,10231,Xã Thượng Phúc,20.8290987,105.8481119,Bắc Bộ,Nhiệt đới gió mùa có mùa đông lạnh
114,01,Thành phố Hà Nội,10237,Xã Chương Dương,20.8353914,105.8982681,Bắc Bộ,Nhiệt đới gió mùa có mùa đông lạnh
115,01,Thành phố Hà Nội,10273,Xã Phú Xuyên,20.7633442,105.9226694,Bắc Bộ,Nhiệt đới gió mùa có mùa đông lạnh
116,01,Thành phố Hà Nội,10279,Xã Phượng Dực,20.7718688,105.8420646,Bắc Bộ,Nhiệt đới gió mùa có mùa đông lạnh
117,01,Thành phố Hà Nội,10330,Xã Chuyên Mỹ,20.7154958,105.8812018,Bắc Bộ,Nhiệt đới gió mùa có mùa đông lạnh
118,01,Thành phố Hà Nội,10342,Xã Đại Xuyên,20.6971907,105.9533171,Bắc Bộ,Nhiệt đới gió mùa có mùa đông lạnh
119,01,Thành phố Hà Nội,10354,Xã Vân Đình,20.7361980,105.7750362,Bắc Bộ,Nhiệt đới gió mùa có mùa đông lạnh
120,01,Thành phố Hà Nội,10369,Xã Ứng Thiên,20.7731976,105.7707792,Bắc Bộ,Nhiệt đới gió mùa có mùa đông lạnh
121,01,Thành phố Hà Nội,10402,Xã Ứng Hòa,20.6924103,105.8404686,Bắc Bộ,Nhiệt đới gió mùa có mùa đông lạnh
122,01,Thành phố Hà Nội,10417,Xã Hòa Xá,20.6673126,105.7997374,Bắc Bộ,Nhiệt đới gió mùa có mùa đông lạnh
123,01,Thành phố Hà Nội,10441,Xã Mỹ Đức,20.6539269,105.6973661,Bắc Bộ,Nhiệt đới gió mùa có mùa đông lạnh
124,01,Thành phố Hà Nội,10459,Xã Phúc Sơn,20.7811635,105.6838330,Bắc Bộ,Nhiệt đới gió mùa có mùa đông lạnh
125,01,Thành phố Hà Nội,10465,Xã Hồng Sơn,20.7158534,105.7140549,Bắc Bộ,Nhiệt đới gió mùa có mùa đông lạnh
126,01,Thành phố Hà Nội,10489,Xã Hương Sơn,20.6199994,105.7524160,Bắc Bộ,Nhiệt đới gió mùa có mùa đông lạnh
127,04,Cao Bằng,01273,Phường Thục Phán,22.6760592,106.2016172,Bắc Bộ,Nhiệt đới gió mùa có mùa đông lạnh
128,04,Cao Bằng,01279,Phường Nùng Trí Cao,22.6883295,106.2492935,Bắc Bộ,Nhiệt đới gió mùa có mùa đông lạnh
129,04,Cao Bằng,01288,Phường Tân Giang,22.6220853,106.2681307,Bắc Bộ,Nhiệt đới gió mùa có mùa đông lạnh
130,04,Cao Bằng,01290,Xã Bảo Lâm,22.8324753,105.5467292,Bắc Bộ,Nhiệt đới gió mùa có mùa đông lạnh
131,04,Cao Bằng,01294,Xã Lý Bôn,22.9383572,105.5502397,Bắc Bộ,Nhiệt đới gió mùa có mùa đông lạnh
132,04,Cao Bằng,01297,Xã Nam Quang,22.9196120,105.4293496,Bắc Bộ,Nhiệt đới gió mùa có mùa đông lạnh
133,04,Cao Bằng,01304,Xã Quảng Lâm,22.8556976,105.3812869,Bắc Bộ,Nhiệt đới gió mùa có mùa đông lạnh
134,04,Cao Bằng,01318,Xã Yên Thổ,22.7327482,105.5451691,Bắc Bộ,Nhiệt đới gió mùa có mùa đông lạnh
135,04,Cao Bằng,01321,Xã Bảo Lạc,22.9508080,105.6810931,Bắc Bộ,Nhiệt đới gió mùa có mùa đông lạnh
136,04,Cao Bằng,01324,Xã Cốc Pàng,23.0426670,105.5814661,Bắc Bộ,Nhiệt đới gió mùa có mùa đông lạnh
137,04,Cao Bằng,01327,Xã Cô Ba,22.9999599,105.7151258,Bắc Bộ,Nhiệt đới gió mùa có mùa đông lạnh
138,04,Cao Bằng,01336,Xã Khánh Xuân,22.9327741,105.7571613,Bắc Bộ,Nhiệt đới gió mùa có mùa đông lạnh
139,04,Cao Bằng,01339,Xã Xuân Trường,22.8948933,105.8161294,Bắc Bộ,Nhiệt đới gió mùa có mùa đông lạnh
140,04,Cao Bằng,01351,Xã Hưng Đạo,22.8387702,105.6763368,Bắc Bộ,Nhiệt đới gió mùa có mùa đông lạnh
141,04,Cao Bằng,01354,Xã Huy Giáp,22.7961127,105.7795023,Bắc Bộ,Nhiệt đới gió mùa có mùa đông lạnh
142,04,Cao Bằng,01360,Xã Sơn Lộ,22.7412397,105.6572954,Bắc Bộ,Nhiệt đới gió mùa có mùa đông lạnh
143,04,Cao Bằng,01363,Xã Thông Nông,22.7818371,105.9824058,Bắc Bộ,Nhiệt đới gió mùa có mùa đông lạnh
144,04,Cao Bằng,01366,Xã Cần Yên,22.8842957,105.9233017,Bắc Bộ,Nhiệt đới gió mùa có mùa đông lạnh
145,04,Cao Bằng,01387,Xã Thanh Long,22.7615997,105.9430650,Bắc Bộ,Nhiệt đới gió mùa có mùa đông lạnh
146,04,Cao Bằng,01392,Xã Trường Hà,22.9035930,106.0281703,Bắc Bộ,Nhiệt đới gió mùa có mùa đông lạnh
147,04,Cao Bằng,01393,Xã Lũng Nặm,22.9354163,106.0956320,Bắc Bộ,Nhiệt đới gió mùa có mùa đông lạnh
148,04,Cao Bằng,01414,Xã Tổng Cọt,22.9443355,106.1846667,Bắc Bộ,Nhiệt đới gió mùa có mùa đông lạnh
149,04,Cao Bằng,01438,Xã Hà Quảng,22.8560086,106.1689611,Bắc Bộ,Nhiệt đới gió mùa có mùa đông lạnh
150,04,Cao Bằng,01447,Xã Trà Lĩnh,22.8290846,106.3236752,Bắc Bộ,Nhiệt đới gió mùa có mùa đông lạnh
151,04,Cao Bằng,01456,Xã Quang Hán,22.8295108,106.2635288,Bắc Bộ,Nhiệt đới gió mùa có mùa đông lạnh
152,04,Cao Bằng,01465,Xã Quang Trung,22.8387519,106.3906641,Bắc Bộ,Nhiệt đới gió mùa có mùa đông lạnh
153,04,Cao Bằng,01477,Xã Trùng Khánh,22.8365009,106.5261200,Bắc Bộ,Nhiệt đới gió mùa có mùa đông lạnh
154,04,Cao Bằng,01489,Xã Đình Phong,22.8967160,106.5680354,Bắc Bộ,Nhiệt đới gió mùa có mùa đông lạnh
155,04,Cao Bằng,01501,Xã Đàm Thủy,22.8344444,106.6506617,Bắc Bộ,Nhiệt đới gió mùa có mùa đông lạnh
156,04,Cao Bằng,01525,Xã Đoài Dương,22.7614708,106.5119951,Bắc Bộ,Nhiệt đới gió mùa có mùa đông lạnh
157,04,Cao Bằng,01537,Xã Lý Quốc,22.7937052,106.7581339,Bắc Bộ,Nhiệt đới gió mùa có mùa đông lạnh
158,04,Cao Bằng,01552,Xã Quang Long,22.7352889,106.6929483,Bắc Bộ,Nhiệt đới gió mùa có mùa đông lạnh
159,04,Cao Bằng,01558,Xã Hạ Lang,22.6501477,106.7126298,Bắc Bộ,Nhiệt đới gió mùa có mùa đông lạnh
160,04,Cao Bằng,01561,Xã Vinh Quý,22.6808890,106.6206915,Bắc Bộ,Nhiệt đới gió mùa có mùa đông lạnh
161,04,Cao Bằng,01576,Xã Quảng Uyên,22.6932913,106.4428819,Bắc Bộ,Nhiệt đới gió mùa có mùa đông lạnh
162,04,Cao Bằng,01594,Xã Độc Lập,22.7106157,106.4981287,Bắc Bộ,Nhiệt đới gió mùa có mùa đông lạnh
163,04,Cao Bằng,01618,Xã Hạnh Phúc,22.6249411,106.4199112,Bắc Bộ,Nhiệt đới gió mùa có mùa đông lạnh
164,04,Cao Bằng,01636,Xã Bế Văn Đàn,22.6069063,106.5492166,Bắc Bộ,Nhiệt đới gió mùa có mùa đông lạnh
165,04,Cao Bằng,01648,Xã Phục Hòa,22.5297908,106.5381281,Bắc Bộ,Nhiệt đới gió mùa có mùa đông lạnh
166,04,Cao Bằng,01654,Xã Hòa An,22.7463898,106.1869236,Bắc Bộ,Nhiệt đới gió mùa có mùa đông lạnh
167,04,Cao Bằng,01660,Xã Nam Tuấn,22.7843380,106.1116731,Bắc Bộ,Nhiệt đới gió mùa có mùa đông lạnh
168,04,Cao Bằng,01699,Xã Nguyễn Huệ,22.6999563,106.2991359,Bắc Bộ,Nhiệt đới gió mùa có mùa đông lạnh
169,04,Cao Bằng,01708,Xã Bạch Đằng,22.5967405,106.1638663,Bắc Bộ,Nhiệt đới gió mùa có mùa đông lạnh
170,04,Cao Bằng,01726,Xã Nguyên Bình,22.6502017,105.9599369,Bắc Bộ,Nhiệt đới gió mùa có mùa đông lạnh
171,04,Cao Bằng,01729,Xã Tĩnh Túc,22.6494932,105.8892682,Bắc Bộ,Nhiệt đới gió mùa có mùa đông lạnh
172,04,Cao Bằng,01738,Xã Ca Thành,22.7261196,105.8339308,Bắc Bộ,Nhiệt đới gió mùa có mùa đông lạnh
173,04,Cao Bằng,01747,Xã Minh Tâm,22.6991933,106.0853736,Bắc Bộ,Nhiệt đới gió mùa có mùa đông lạnh
174,04,Cao Bằng,01768,Xã Phan Thanh,22.6163424,105.8388018,Bắc Bộ,Nhiệt đới gió mùa có mùa đông lạnh
175,04,Cao Bằng,01774,Xã Tam Kim,22.6064270,106.0179879,Bắc Bộ,Nhiệt đới gió mùa có mùa đông lạnh
176,04,Cao Bằng,01777,Xã Thành Công,22.5400455,105.8711249,Bắc Bộ,Nhiệt đới gió mùa có mùa đông lạnh
177,04,Cao Bằng,01786,Xã Đông Khê,22.4295110,106.4316812,Bắc Bộ,Nhiệt đới gió mùa có mùa đông lạnh
178,04,Cao Bằng,01789,Xã Canh Tân,22.5153046,106.2708007,Bắc Bộ,Nhiệt đới gió mùa có mùa đông lạnh
179,04,Cao Bằng,01792,Xã Kim Đồng,22.5406595,106.3436658,Bắc Bộ,Nhiệt đới gió mùa có mùa đông lạnh
180,04,Cao Bằng,01795,Xã Minh Khai,22.4833109,106.1760132,Bắc Bộ,Nhiệt đới gió mùa có mùa đông lạnh
181,04,Cao Bằng,01807,Xã Thạch An,22.5066481,106.4210269,Bắc Bộ,Nhiệt đới gió mùa có mùa đông lạnh
182,04,Cao Bằng,01822,Xã Đức Long,22.4436778,106.5047212,Bắc Bộ,Nhiệt đới gió mùa có mùa đông lạnh
183,08,Tuyên Quang,00691,Phường Hà Giang 2,22.8304057,104.9889649,Bắc Bộ,Nhiệt đới gió mùa có mùa đông lạnh
184,08,Tuyên Quang,00694,Phường Hà Giang 1,22.4542681,105.0849943,Bắc Bộ,Nhiệt đới gió mùa có mùa đông lạnh
190,08,Tuyên Quang,00700,Xã Ngọc Đường,22.8453186,105.0231608,Bắc Bộ,Nhiệt đới gió mùa có mùa đông lạnh
191,08,Tuyên Quang,00706,Xã Phú Linh,22.7518840,105.0204134,Bắc Bộ,Nhiệt đới gió mùa có mùa đông lạnh
192,08,Tuyên Quang,00715,Xã Lũng Cú,23.3611108,105.3184370,Bắc Bộ,Nhiệt đới gió mùa có mùa đông lạnh
193,08,Tuyên Quang,00721,Xã Đồng Văn,23.2782975,105.3615214,Bắc Bộ,Nhiệt đới gió mùa có mùa đông lạnh
194,08,Tuyên Quang,00733,Xã Sà Phìn,23.2569283,105.2499976,Bắc Bộ,Nhiệt đới gió mùa có mùa đông lạnh
3169,08,Tuyên Quang,00745,Xã Phố Bảng,22.4542681,105.0849943,Bắc Bộ,Nhiệt đới gió mùa có mùa đông lạnh
196,08,Tuyên Quang,00763,Xã Lũng Phìn,23.1354120,105.2792054,Bắc Bộ,Nhiệt đới gió mùa có mùa đông lạnh
197,08,Tuyên Quang,00769,Xã Mèo Vạc,23.1633187,105.4104440,Bắc Bộ,Nhiệt đới gió mùa có mùa đông lạnh
198,08,Tuyên Quang,00778,Xã Sơn Vĩ,23.2466028,105.4695338,Bắc Bộ,Nhiệt đới gió mùa có mùa đông lạnh
199,08,Tuyên Quang,00787,Xã Sủng Máng,23.1645160,105.3186641,Bắc Bộ,Nhiệt đới gió mùa có mùa đông lạnh
200,08,Tuyên Quang,00802,Xã Khâu Vai,23.1138379,105.4805811,Bắc Bộ,Nhiệt đới gió mùa có mùa đông lạnh
201,08,Tuyên Quang,00808,Xã Tát Ngà,23.0868802,105.3662019,Bắc Bộ,Nhiệt đới gió mùa có mùa đông lạnh
202,08,Tuyên Quang,00817,Xã Niêm Sơn,23.0365596,105.4210151,Bắc Bộ,Nhiệt đới gió mùa có mùa đông lạnh
203,08,Tuyên Quang,00820,Xã Yên Minh,23.1172045,105.1491234,Bắc Bộ,Nhiệt đới gió mùa có mùa đông lạnh
204,08,Tuyên Quang,00829,Xã Thắng Mố,23.1939638,105.1013715,Bắc Bộ,Nhiệt đới gió mùa có mùa đông lạnh
205,08,Tuyên Quang,00832,Xã Bạch Đích,23.1714716,105.0539034,Bắc Bộ,Nhiệt đới gió mùa có mùa đông lạnh
206,08,Tuyên Quang,00847,Xã Mậu Duệ,23.0655917,105.2377382,Bắc Bộ,Nhiệt đới gió mùa có mùa đông lạnh
207,08,Tuyên Quang,00859,Xã Ngọc Long,22.4542681,105.0849943,Bắc Bộ,Nhiệt đới gió mùa có mùa đông lạnh
208,08,Tuyên Quang,00865,Xã Đường Thượng,22.9855353,105.2389981,Bắc Bộ,Nhiệt đới gió mùa có mùa đông lạnh
209,08,Tuyên Quang,00871,Xã Du Già,22.9311718,105.2229058,Bắc Bộ,Nhiệt đới gió mùa có mùa đông lạnh
210,08,Tuyên Quang,00874,Xã Quản Bạ,23.0208257,104.9642125,Bắc Bộ,Nhiệt đới gió mùa có mùa đông lạnh
211,08,Tuyên Quang,00883,Xã Cán Tỷ,23.1269709,105.0156665,Bắc Bộ,Nhiệt đới gió mùa có mùa đông lạnh
212,08,Tuyên Quang,00889,Xã Nghĩa Thuận,23.1282557,104.9492024,Bắc Bộ,Nhiệt đới gió mùa có mùa đông lạnh
213,08,Tuyên Quang,00892,Xã Tùng Vài,23.0664682,104.9169528,Bắc Bộ,Nhiệt đới gió mùa có mùa đông lạnh
214,08,Tuyên Quang,00901,Xã Lùng Tám,23.0493090,105.0438435,Bắc Bộ,Nhiệt đới gió mùa có mùa đông lạnh
215,08,Tuyên Quang,00913,Xã Vị Xuyên,22.6699867,104.9814888,Bắc Bộ,Nhiệt đới gió mùa có mùa đông lạnh
216,08,Tuyên Quang,00919,Xã Minh Tân,22.9600008,104.9480136,Bắc Bộ,Nhiệt đới gió mùa có mùa đông lạnh
217,08,Tuyên Quang,00922,Xã Thuận Hòa,22.9064961,105.0060019,Bắc Bộ,Nhiệt đới gió mùa có mùa đông lạnh
218,08,Tuyên Quang,00925,Xã Tùng Bá,22.8763630,105.0800979,Bắc Bộ,Nhiệt đới gió mùa có mùa đông lạnh
219,08,Tuyên Quang,00928,Xã Thanh Thủy,22.8736975,104.9041515,Bắc Bộ,Nhiệt đới gió mùa có mùa đông lạnh
220,08,Tuyên Quang,00937,Xã Lao Chải,22.8373148,104.7683397,Bắc Bộ,Nhiệt đới gió mùa có mùa đông lạnh
221,08,Tuyên Quang,00952,Xã Cao Bồ,22.4542681,105.0849943,Bắc Bộ,Nhiệt đới gió mùa có mùa đông lạnh
222,08,Tuyên Quang,00958,Xã Thượng Sơn,22.6554518,104.8572824,Bắc Bộ,Nhiệt đới gió mùa có mùa đông lạnh
223,08,Tuyên Quang,00967,Xã Việt Lâm,22.6239100,104.9416755,Bắc Bộ,Nhiệt đới gió mùa có mùa đông lạnh
224,08,Tuyên Quang,00970,Xã Linh Hồ,22.7002734,105.0589160,Bắc Bộ,Nhiệt đới gió mùa có mùa đông lạnh
225,08,Tuyên Quang,00976,Xã Bạch Ngọc,22.5878020,105.0493450,Bắc Bộ,Nhiệt đới gió mùa có mùa đông lạnh
226,08,Tuyên Quang,00982,Xã Minh Sơn,22.8237249,105.2005269,Bắc Bộ,Nhiệt đới gió mùa có mùa đông lạnh
227,08,Tuyên Quang,00985,Xã Giáp Trung,22.7692094,105.3071773,Bắc Bộ,Nhiệt đới gió mùa có mùa đông lạnh
228,08,Tuyên Quang,00991,Xã Bắc Mê,22.7382587,105.3107381,Bắc Bộ,Nhiệt đới gió mùa có mùa đông lạnh
229,08,Tuyên Quang,00994,Xã Minh Ngọc,22.7732100,105.1684235,Bắc Bộ,Nhiệt đới gió mùa có mùa đông lạnh
230,08,Tuyên Quang,01006,Xã Yên Cường,22.6849226,105.3781958,Bắc Bộ,Nhiệt đới gió mùa có mùa đông lạnh
231,08,Tuyên Quang,01012,Xã Đường Hồng,22.6438905,105.4239271,Bắc Bộ,Nhiệt đới gió mùa có mùa đông lạnh
232,08,Tuyên Quang,01021,Xã Hoàng Su Phì,22.7425331,104.6791699,Bắc Bộ,Nhiệt đới gió mùa có mùa đông lạnh
233,08,Tuyên Quang,01024,Xã Bản Máy,22.7828728,104.5827913,Bắc Bộ,Nhiệt đới gió mùa có mùa đông lạnh
234,08,Tuyên Quang,01033,Xã Thàng Tín,22.7651472,104.6815397,Bắc Bộ,Nhiệt đới gió mùa có mùa đông lạnh
235,08,Tuyên Quang,01051,Xã Tân Tiến,22.7444419,104.7647480,Bắc Bộ,Nhiệt đới gió mùa có mùa đông lạnh
236,08,Tuyên Quang,01057,Xã Pờ Ly Ngài,22.7046941,104.6251855,Bắc Bộ,Nhiệt đới gió mùa có mùa đông lạnh
237,08,Tuyên Quang,01075,Xã Nậm Dịch,22.6579113,104.7047123,Bắc Bộ,Nhiệt đới gió mùa có mùa đông lạnh
238,08,Tuyên Quang,01084,Xã Hồ Thầu,22.5621092,104.6869065,Bắc Bộ,Nhiệt đới gió mùa có mùa đông lạnh
239,08,Tuyên Quang,01090,Xã Thông Nguyên,22.5208553,104.7382704,Bắc Bộ,Nhiệt đới gió mùa có mùa đông lạnh
240,08,Tuyên Quang,01096,Xã Pà Vầy Sủ,22.6626609,104.4269013,Bắc Bộ,Nhiệt đới gió mùa có mùa đông lạnh
241,08,Tuyên Quang,01108,Xã Xín Mần,22.7376722,104.4968458,Bắc Bộ,Nhiệt đới gió mùa có mùa đông lạnh
242,08,Tuyên Quang,01117,Xã Trung Thịnh,22.7018506,104.5577718,Bắc Bộ,Nhiệt đới gió mùa có mùa đông lạnh
243,08,Tuyên Quang,01141,Xã Nấm Dẩn,22.6128260,104.4850867,Bắc Bộ,Nhiệt đới gió mùa có mùa đông lạnh
244,08,Tuyên Quang,01144,Xã Quảng Nguyên,22.5703748,104.5769871,Bắc Bộ,Nhiệt đới gió mùa có mùa đông lạnh
245,08,Tuyên Quang,01147,Xã Khuôn Lùng,22.5177189,104.5059796,Bắc Bộ,Nhiệt đới gió mùa có mùa đông lạnh
246,08,Tuyên Quang,01153,Xã Bắc Quang,22.4148267,104.8063603,Bắc Bộ,Nhiệt đới gió mùa có mùa đông lạnh
247,08,Tuyên Quang,01156,Xã Vĩnh Tuy,22.2735157,104.8869298,Bắc Bộ,Nhiệt đới gió mùa có mùa đông lạnh
248,08,Tuyên Quang,01165,Xã Đồng Tâm,22.4955037,104.9462721,Bắc Bộ,Nhiệt đới gió mùa có mùa đông lạnh
249,08,Tuyên Quang,01171,Xã Tân Quang,22.4967572,104.8742248,Bắc Bộ,Nhiệt đới gió mùa có mùa đông lạnh
250,08,Tuyên Quang,01180,Xã Bằng Hành,22.4327687,104.9898015,Bắc Bộ,Nhiệt đới gió mùa có mùa đông lạnh
251,08,Tuyên Quang,01192,Xã Liên Hiệp,22.3921978,105.0344018,Bắc Bộ,Nhiệt đới gió mùa có mùa đông lạnh
252,08,Tuyên Quang,01201,Xã Hùng An,22.3405561,104.8736617,Bắc Bộ,Nhiệt đới gió mùa có mùa đông lạnh
253,08,Tuyên Quang,01216,Xã Đồng Yên,22.1976052,104.7754242,Bắc Bộ,Nhiệt đới gió mùa có mùa đông lạnh
254,08,Tuyên Quang,01225,Xã Tiên Nguyên,22.5073506,104.6838061,Bắc Bộ,Nhiệt đới gió mùa có mùa đông lạnh
255,08,Tuyên Quang,01234,Xã Yên Thành,22.4125805,104.5490560,Bắc Bộ,Nhiệt đới gió mùa có mùa đông lạnh
256,08,Tuyên Quang,01237,Xã Quang Bình,22.4106345,104.5809892,Bắc Bộ,Nhiệt đới gió mùa có mùa đông lạnh
257,08,Tuyên Quang,01243,Xã Tân Trịnh,22.4114851,104.7150297,Bắc Bộ,Nhiệt đới gió mùa có mùa đông lạnh
258,08,Tuyên Quang,01246,Xã Bằng Lang,22.3638902,104.6360103,Bắc Bộ,Nhiệt đới gió mùa có mùa đông lạnh
259,08,Tuyên Quang,01255,Xã Xuân Giang,22.3211322,104.6686158,Bắc Bộ,Nhiệt đới gió mùa có mùa đông lạnh
260,08,Tuyên Quang,01261,Xã Tiên Yên,22.2802761,104.7079475,Bắc Bộ,Nhiệt đới gió mùa có mùa đông lạnh
185,08,Tuyên Quang,02212,Phường Nông Tiến,21.8145424,105.2266967,Bắc Bộ,Nhiệt đới gió mùa có mùa đông lạnh
186,08,Tuyên Quang,02215,Phường Minh Xuân,21.8212434,105.1832971,Bắc Bộ,Nhiệt đới gió mùa có mùa đông lạnh
261,08,Tuyên Quang,02221,Xã Nà Hang,22.3481955,105.3818946,Bắc Bộ,Nhiệt đới gió mùa có mùa đông lạnh
262,08,Tuyên Quang,02239,Xã Thượng Nông,22.6100639,105.5036792,Bắc Bộ,Nhiệt đới gió mùa có mùa đông lạnh
263,08,Tuyên Quang,02245,Xã Côn Lôn,22.5280010,105.4410946,Bắc Bộ,Nhiệt đới gió mùa có mùa đông lạnh
264,08,Tuyên Quang,02248,Xã Yên Hoa,22.4542681,105.0849943,Bắc Bộ,Nhiệt đới gió mùa có mùa đông lạnh
265,08,Tuyên Quang,02260,Xã Hồng Thái,22.4199241,105.5052071,Bắc Bộ,Nhiệt đới gió mùa có mùa đông lạnh
266,08,Tuyên Quang,02266,Xã Lâm Bình,22.4542681,105.0849943,Bắc Bộ,Nhiệt đới gió mùa có mùa đông lạnh
267,08,Tuyên Quang,02269,Xã Thượng Lâm,22.4775463,105.2990314,Bắc Bộ,Nhiệt đới gió mùa có mùa đông lạnh
268,08,Tuyên Quang,02287,Xã Chiêm Hóa,22.1439406,105.2714938,Bắc Bộ,Nhiệt đới gió mùa có mùa đông lạnh
269,08,Tuyên Quang,02296,Xã Bình An,22.3681165,105.1869619,Bắc Bộ,Nhiệt đới gió mùa có mùa đông lạnh
270,08,Tuyên Quang,02302,Xã Minh Quang,22.3245254,105.1876469,Bắc Bộ,Nhiệt đới gió mùa có mùa đông lạnh
271,08,Tuyên Quang,02305,Xã Trung Hà,22.2988985,105.1071013,Bắc Bộ,Nhiệt đới gió mùa có mùa đông lạnh
272,08,Tuyên Quang,02308,Xã Tân Mỹ,22.2565961,105.1988525,Bắc Bộ,Nhiệt đới gió mùa có mùa đông lạnh
273,08,Tuyên Quang,02317,Xã Yên Lập,22.2180738,105.3466424,Bắc Bộ,Nhiệt đới gió mùa có mùa đông lạnh
274,08,Tuyên Quang,02320,Xã Tân An,22.1927554,105.2088412,Bắc Bộ,Nhiệt đới gió mùa có mùa đông lạnh
275,08,Tuyên Quang,02332,Xã Kiên Đài,22.1755791,105.3462261,Bắc Bộ,Nhiệt đới gió mùa có mùa đông lạnh
276,08,Tuyên Quang,02350,Xã Kim Bình,22.0936018,105.3113856,Bắc Bộ,Nhiệt đới gió mùa có mùa đông lạnh
277,08,Tuyên Quang,02353,Xã Hòa An,22.0939460,105.2431425,Bắc Bộ,Nhiệt đới gió mùa có mùa đông lạnh
278,08,Tuyên Quang,02359,Xã Tri Phú,22.0207272,105.4095999,Bắc Bộ,Nhiệt đới gió mùa có mùa đông lạnh
279,08,Tuyên Quang,02365,Xã Yên Nguyên,22.0680474,105.1742812,Bắc Bộ,Nhiệt đới gió mùa có mùa đông lạnh
280,08,Tuyên Quang,02374,Xã Hàm Yên,22.0394107,105.0347046,Bắc Bộ,Nhiệt đới gió mùa có mùa đông lạnh
281,08,Tuyên Quang,02380,Xã Bạch Xa,22.2254306,104.9701208,Bắc Bộ,Nhiệt đới gió mùa có mùa đông lạnh
282,08,Tuyên Quang,02392,Xã Phù Lưu,22.1657182,105.0161038,Bắc Bộ,Nhiệt đới gió mùa có mùa đông lạnh
283,08,Tuyên Quang,02398,Xã Yên Phú,22.1247355,104.9883599,Bắc Bộ,Nhiệt đới gió mùa có mùa đông lạnh
284,08,Tuyên Quang,02404,Xã Bình Xa,22.0543609,105.1190845,Bắc Bộ,Nhiệt đới gió mùa có mùa đông lạnh
285,08,Tuyên Quang,02407,Xã Thái Sơn,21.9918063,105.0685173,Bắc Bộ,Nhiệt đới gió mùa có mùa đông lạnh
286,08,Tuyên Quang,02419,Xã Thái Hòa,21.9689453,105.0965433,Bắc Bộ,Nhiệt đới gió mùa có mùa đông lạnh
287,08,Tuyên Quang,02425,Xã Hùng Đức,21.9137382,105.1000733,Bắc Bộ,Nhiệt đới gió mùa có mùa đông lạnh
288,08,Tuyên Quang,02434,Xã Lực Hành,22.0104218,105.2095842,Bắc Bộ,Nhiệt đới gió mùa có mùa đông lạnh
289,08,Tuyên Quang,02437,Xã Kiến Thiết,22.0023994,105.3204131,Bắc Bộ,Nhiệt đới gió mùa có mùa đông lạnh
290,08,Tuyên Quang,02449,Xã Xuân Vân,21.9451553,105.2271366,Bắc Bộ,Nhiệt đới gió mùa có mùa đông lạnh
291,08,Tuyên Quang,02455,Xã Hùng Lợi,21.8945531,105.4680204,Bắc Bộ,Nhiệt đới gió mùa có mùa đông lạnh
292,08,Tuyên Quang,02458,Xã Trung Sơn,21.8765036,105.4302871,Bắc Bộ,Nhiệt đới gió mùa có mùa đông lạnh
293,08,Tuyên Quang,02470,Xã Tân Long,21.8734321,105.2266860,Bắc Bộ,Nhiệt đới gió mùa có mùa đông lạnh
294,08,Tuyên Quang,02473,Xã Yên Sơn,21.8797832,105.1377982,Bắc Bộ,Nhiệt đới gió mùa có mùa đông lạnh
295,08,Tuyên Quang,02494,Xã Thái Bình,21.7973395,105.2599990,Bắc Bộ,Nhiệt đới gió mùa có mùa đông lạnh
187,08,Tuyên Quang,02509,Phường Mỹ Lâm,21.7705548,105.1313817,Bắc Bộ,Nhiệt đới gió mùa có mùa đông lạnh
188,08,Tuyên Quang,02512,Phường An Tường,21.7905753,105.2179742,Bắc Bộ,Nhiệt đới gió mùa có mùa đông lạnh
189,08,Tuyên Quang,02524,Phường Bình Thuận,21.7225288,105.2301793,Bắc Bộ,Nhiệt đới gió mùa có mùa đông lạnh
296,08,Tuyên Quang,02530,Xã Nhữ Khê,21.6995116,105.1759225,Bắc Bộ,Nhiệt đới gió mùa có mùa đông lạnh
297,08,Tuyên Quang,02536,Xã Sơn Dương,21.6982755,105.3916841,Bắc Bộ,Nhiệt đới gió mùa có mùa đông lạnh
298,08,Tuyên Quang,02545,Xã Tân Trào,21.7745505,105.4442417,Bắc Bộ,Nhiệt đới gió mùa có mùa đông lạnh
299,08,Tuyên Quang,02548,Xã Bình Ca,21.7368552,105.2832145,Bắc Bộ,Nhiệt đới gió mùa có mùa đông lạnh
300,08,Tuyên Quang,02554,Xã Minh Thanh,21.7534019,105.4260192,Bắc Bộ,Nhiệt đới gió mùa có mùa đông lạnh
301,08,Tuyên Quang,02572,Xã Đông Thọ,21.6518670,105.2777402,Bắc Bộ,Nhiệt đới gió mùa có mùa đông lạnh
302,08,Tuyên Quang,02578,Xã Tân Thanh,21.6262648,105.4103304,Bắc Bộ,Nhiệt đới gió mùa có mùa đông lạnh
303,08,Tuyên Quang,02608,Xã Hồng Sơn,21.5932234,105.2911357,Bắc Bộ,Nhiệt đới gió mùa có mùa đông lạnh
304,08,Tuyên Quang,02611,Xã Phú Lương,21.5415335,105.4321984,Bắc Bộ,Nhiệt đới gió mùa có mùa đông lạnh
305,08,Tuyên Quang,02620,Xã Sơn Thủy,21.5702330,105.4670936,Bắc Bộ,Nhiệt đới gió mùa có mùa đông lạnh
306,08,Tuyên Quang,02623,Xã Trường Sinh,21.5502764,105.3157917,Bắc Bộ,Nhiệt đới gió mùa có mùa đông lạnh
307,11,Điện Biên,03127,Phường Điện Biên Phủ,21.4140962,103.0576943,Bắc Bộ,Nhiệt đới gió mùa có mùa đông lạnh
308,11,Điện Biên,03151,Phường Mường Lay,21.6255995,103.1156844,Bắc Bộ,Nhiệt đới gió mùa có mùa đông lạnh
310,11,Điện Biên,03158,Xã Sín Thầu,22.3958973,102.2745720,Bắc Bộ,Nhiệt đới gió mùa có mùa đông lạnh
311,11,Điện Biên,03160,Xã Mường Nhé,21.6255995,103.1156844,Bắc Bộ,Nhiệt đới gió mùa có mùa đông lạnh
312,11,Điện Biên,03162,Xã Nậm Kè,22.0619829,102.5143555,Bắc Bộ,Nhiệt đới gió mùa có mùa đông lạnh
313,11,Điện Biên,03163,Xã Mường Toong,22.1839144,102.5818160,Bắc Bộ,Nhiệt đới gió mùa có mùa đông lạnh
314,11,Điện Biên,03164,Xã Quảng Lâm,21.6255995,103.1156844,Bắc Bộ,Nhiệt đới gió mùa có mùa đông lạnh
315,11,Điện Biên,03166,Xã Mường Chà,21.9786223,102.7777717,Bắc Bộ,Nhiệt đới gió mùa có mùa đông lạnh
316,11,Điện Biên,03169,Xã Nà Hỳ,21.8333380,102.7325616,Bắc Bộ,Nhiệt đới gió mùa có mùa đông lạnh
317,11,Điện Biên,03172,Xã Na Sang,21.7755238,103.0614101,Bắc Bộ,Nhiệt đới gió mùa có mùa đông lạnh
318,11,Điện Biên,03175,Xã Chà Tở,21.9896598,102.9376092,Bắc Bộ,Nhiệt đới gió mùa có mùa đông lạnh
319,11,Điện Biên,03176,Xã Nà Bủng,21.7258132,102.7160411,Bắc Bộ,Nhiệt đới gió mùa có mùa đông lạnh
320,11,Điện Biên,03181,Xã Mường Tùng,21.9519678,103.0926433,Bắc Bộ,Nhiệt đới gió mùa có mùa đông lạnh
321,11,Điện Biên,03193,Xã Pa Ham,21.8913285,103.2239097,Bắc Bộ,Nhiệt đới gió mùa có mùa đông lạnh
3170,11,Điện Biên,03194,Xã Nậm Nèn,21.6255995,103.1156844,Bắc Bộ,Nhiệt đới gió mùa có mùa đông lạnh
323,11,Điện Biên,03199,Xã Si Pa Phìn,21.8098376,102.9201731,Bắc Bộ,Nhiệt đới gió mùa có mùa đông lạnh
324,11,Điện Biên,03202,Xã Mường Pồn,21.5869655,103.0296833,Bắc Bộ,Nhiệt đới gió mùa có mùa đông lạnh
325,11,Điện Biên,03203,Xã Na Son,21.2972456,103.2143726,Bắc Bộ,Nhiệt đới gió mùa có mùa đông lạnh
326,11,Điện Biên,03208,Xã Xa Dung,21.3182894,103.2995758,Bắc Bộ,Nhiệt đới gió mùa có mùa đông lạnh
327,11,Điện Biên,03214,Xã Mường Luân,21.2469241,103.3801762,Bắc Bộ,Nhiệt đới gió mùa có mùa đông lạnh
328,11,Điện Biên,03217,Xã Tủa Chùa,21.8221187,103.3617164,Bắc Bộ,Nhiệt đới gió mùa có mùa đông lạnh
329,11,Điện Biên,03220,Xã Tủa Thàng,22.0324290,103.4386917,Bắc Bộ,Nhiệt đới gió mùa có mùa đông lạnh
330,11,Điện Biên,03226,Xã Sín Chải,22.0538305,103.3480596,Bắc Bộ,Nhiệt đới gió mùa có mùa đông lạnh
331,11,Điện Biên,03241,Xã Sính Phình,21.9436694,103.3270886,Bắc Bộ,Nhiệt đới gió mùa có mùa đông lạnh
332,11,Điện Biên,03244,Xã Sáng Nhè,21.8465622,103.4586649,Bắc Bộ,Nhiệt đới gió mùa có mùa đông lạnh
333,11,Điện Biên,03253,Xã Tuần Giáo,21.6307492,103.4439122,Bắc Bộ,Nhiệt đới gió mùa có mùa đông lạnh
334,11,Điện Biên,03256,Xã Mường Ảng,21.6255995,103.1156844,Bắc Bộ,Nhiệt đới gió mùa có mùa đông lạnh
335,11,Điện Biên,03260,Xã Pú Nhung,21.7226384,103.4901395,Bắc Bộ,Nhiệt đới gió mùa có mùa đông lạnh
336,11,Điện Biên,03268,Xã Mường Mùn,21.7248422,103.3184198,Bắc Bộ,Nhiệt đới gió mùa có mùa đông lạnh
337,11,Điện Biên,03283,Xã Chiềng Sinh,21.6100291,103.3363912,Bắc Bộ,Nhiệt đới gió mùa có mùa đông lạnh
338,11,Điện Biên,03295,Xã Quài Tở,21.5417485,103.4569434,Bắc Bộ,Nhiệt đới gió mùa có mùa đông lạnh
339,11,Điện Biên,03301,Xã Búng Lao,21.5463226,103.2891237,Bắc Bộ,Nhiệt đới gió mùa có mùa đông lạnh
340,11,Điện Biên,03313,Xã Mường Lạn,21.4514940,103.3176827,Bắc Bộ,Nhiệt đới gió mùa có mùa đông lạnh
341,11,Điện Biên,03316,Xã Nà Tấu,21.5624221,103.1443005,Bắc Bộ,Nhiệt đới gió mùa có mùa đông lạnh
342,11,Điện Biên,03325,Xã Mường Phăng,21.4726893,103.1044667,Bắc Bộ,Nhiệt đới gió mùa có mùa đông lạnh
343,11,Điện Biên,03328,Xã Thanh Nưa,21.4215085,102.9733819,Bắc Bộ,Nhiệt đới gió mùa có mùa đông lạnh
309,11,Điện Biên,03334,Phường Mường Thanh,21.3662597,103.0342256,Bắc Bộ,Nhiệt đới gió mùa có mùa đông lạnh
344,11,Điện Biên,03349,Xã Thanh Yên,21.3060702,102.9473232,Bắc Bộ,Nhiệt đới gió mùa có mùa đông lạnh
345,11,Điện Biên,03352,Xã Thanh An,21.3018221,103.0464810,Bắc Bộ,Nhiệt đới gió mùa có mùa đông lạnh
346,11,Điện Biên,03356,Xã Sam Mứn,21.2072348,102.9486785,Bắc Bộ,Nhiệt đới gió mùa có mùa đông lạnh
347,11,Điện Biên,03358,Xã Núa Ngam,21.1792549,103.0525592,Bắc Bộ,Nhiệt đới gió mùa có mùa đông lạnh
348,11,Điện Biên,03368,Xã Mường Nhà,21.0277314,103.1676378,Bắc Bộ,Nhiệt đới gió mùa có mùa đông lạnh
349,11,Điện Biên,03370,Xã Pu Nhi,21.3456912,103.1344866,Bắc Bộ,Nhiệt đới gió mùa có mùa đông lạnh
350,11,Điện Biên,03382,Xã Phình Giàng,21.1251928,103.2244561,Bắc Bộ,Nhiệt đới gió mùa có mùa đông lạnh
351,11,Điện Biên,03385,Xã Tìa Dình,21.1414586,103.3380428,Bắc Bộ,Nhiệt đới gió mùa có mùa đông lạnh
352,12,Lai Châu,03388,Phường Đoàn Kết,22.4346620,103.4083566,Bắc Bộ,Nhiệt đới gió mùa có mùa đông lạnh
354,12,Lai Châu,03390,Xã Bình Lư,22.3447785,103.6740102,Bắc Bộ,Nhiệt đới gió mùa có mùa đông lạnh
355,12,Lai Châu,03394,Xã Sin Suối Hồ,22.3033776,103.2925936,Bắc Bộ,Nhiệt đới gió mùa có mùa đông lạnh
356,12,Lai Châu,03405,Xã Tả Lèng,22.4020653,103.5614634,Bắc Bộ,Nhiệt đới gió mùa có mùa đông lạnh
353,12,Lai Châu,03408,Phường Tân Phong,22.3033776,103.2925936,Bắc Bộ,Nhiệt đới gió mùa có mùa đông lạnh
357,12,Lai Châu,03424,Xã Bản Bo,22.2821755,103.6875087,Bắc Bộ,Nhiệt đới gió mùa có mùa đông lạnh
358,12,Lai Châu,03430,Xã Khun Há,22.2624328,103.5722984,Bắc Bộ,Nhiệt đới gió mùa có mùa đông lạnh
359,12,Lai Châu,03433,Xã Bum Tở,22.3655099,102.7816303,Bắc Bộ,Nhiệt đới gió mùa có mùa đông lạnh
360,12,Lai Châu,03434,Xã Nậm Hàng,22.1554429,103.0225753,Bắc Bộ,Nhiệt đới gió mùa có mùa đông lạnh
361,12,Lai Châu,03439,Xã Thu Lũm,22.6680449,102.4341279,Bắc Bộ,Nhiệt đới gió mùa có mùa đông lạnh
362,12,Lai Châu,03442,Xã Pa Ủ,22.6177413,102.6882835,Bắc Bộ,Nhiệt đới gió mùa có mùa đông lạnh
363,12,Lai Châu,03445,Xã Mường Tè,22.5047520,102.6427617,Bắc Bộ,Nhiệt đới gió mùa có mùa đông lạnh
364,12,Lai Châu,03451,Xã Mù Cả,22.4666024,102.4860208,Bắc Bộ,Nhiệt đới gió mùa có mùa đông lạnh
365,12,Lai Châu,03460,Xã Hua Bum,22.3689962,102.9881240,Bắc Bộ,Nhiệt đới gió mùa có mùa đông lạnh
366,12,Lai Châu,03463,Xã Tà Tổng,22.3013712,102.6122144,Bắc Bộ,Nhiệt đới gió mùa có mùa đông lạnh
367,12,Lai Châu,03466,Xã Bum Nưa,22.4867415,102.8701540,Bắc Bộ,Nhiệt đới gió mùa có mùa đông lạnh
368,12,Lai Châu,03472,Xã Mường Mô,22.1766960,102.8509769,Bắc Bộ,Nhiệt đới gió mùa có mùa đông lạnh
369,12,Lai Châu,03478,Xã Sìn Hồ,22.3202319,103.2240286,Bắc Bộ,Nhiệt đới gió mùa có mùa đông lạnh
370,12,Lai Châu,03487,Xã Lê Lợi,22.1845188,103.1446714,Bắc Bộ,Nhiệt đới gió mùa có mùa đông lạnh
371,12,Lai Châu,03503,Xã Pa Tần,22.4051231,103.1087574,Bắc Bộ,Nhiệt đới gió mùa có mùa đông lạnh
372,12,Lai Châu,03508,Xã Hồng Thu,22.4340605,103.2811175,Bắc Bộ,Nhiệt đới gió mùa có mùa đông lạnh
373,12,Lai Châu,03517,Xã Nậm Tăm,22.2883284,103.3931458,Bắc Bộ,Nhiệt đới gió mùa có mùa đông lạnh
374,12,Lai Châu,03529,Xã Tủa Sín Chải,22.1904268,103.2748055,Bắc Bộ,Nhiệt đới gió mùa có mùa đông lạnh
375,12,Lai Châu,03532,Xã Pu Sam Cáp,22.3033776,103.2925936,Bắc Bộ,Nhiệt đới gió mùa có mùa đông lạnh
376,12,Lai Châu,03538,Xã Nậm Mạ,22.1499064,103.4388058,Bắc Bộ,Nhiệt đới gió mùa có mùa đông lạnh
377,12,Lai Châu,03544,Xã Nậm Cuổi,22.0750991,103.4778355,Bắc Bộ,Nhiệt đới gió mùa có mùa đông lạnh
378,12,Lai Châu,03549,Xã Phong Thổ,22.5668050,103.2215942,Bắc Bộ,Nhiệt đới gió mùa có mùa đông lạnh
379,12,Lai Châu,03562,Xã Sì Lở Lầu,22.7450885,103.3682538,Bắc Bộ,Nhiệt đới gió mùa có mùa đông lạnh
380,12,Lai Châu,03571,Xã Dào San,22.6677175,103.3521683,Bắc Bộ,Nhiệt đới gió mùa có mùa đông lạnh
381,12,Lai Châu,03583,Xã Khổng Lào,22.5909635,103.3780847,Bắc Bộ,Nhiệt đới gió mùa có mùa đông lạnh
382,12,Lai Châu,03595,Xã Than Uyên,21.9586367,103.8810322,Bắc Bộ,Nhiệt đới gió mùa có mùa đông lạnh
383,12,Lai Châu,03598,Xã Tân Uyên,22.1394193,103.7366570,Bắc Bộ,Nhiệt đới gió mùa có mùa đông lạnh
384,12,Lai Châu,03601,Xã Mường Khoa,22.2222407,103.7170572,Bắc Bộ,Nhiệt đới gió mùa có mùa đông lạnh
385,12,Lai Châu,03613,Xã Nậm Sỏ,22.0569590,103.5920731,Bắc Bộ,Nhiệt đới gió mùa có mùa đông lạnh
386,12,Lai Châu,03616,Xã Pắc Ta,22.1077534,103.8571293,Bắc Bộ,Nhiệt đới gió mùa có mùa đông lạnh
387,12,Lai Châu,03618,Xã Mường Than,22.0234851,103.8624976,Bắc Bộ,Nhiệt đới gió mùa có mùa đông lạnh
388,12,Lai Châu,03637,Xã Mường Kim,21.8823593,103.8016457,Bắc Bộ,Nhiệt đới gió mùa có mùa đông lạnh
389,12,Lai Châu,03640,Xã Khoen On,21.7710794,103.8489105,Bắc Bộ,Nhiệt đới gió mùa có mùa đông lạnh
390,14,Sơn La,03646,Phường Tô Hiệu,21.3264066,103.9245159,Bắc Bộ,Nhiệt đới gió mùa có mùa đông lạnh
391,14,Sơn La,03664,Phường Chiềng An,21.3843192,103.8947303,Bắc Bộ,Nhiệt đới gió mùa có mùa đông lạnh
392,14,Sơn La,03670,Phường Chiềng Cơi,21.2979223,103.8718261,Bắc Bộ,Nhiệt đới gió mùa có mùa đông lạnh
393,14,Sơn La,03679,Phường Chiềng Sinh,21.3082751,103.9689545,Bắc Bộ,Nhiệt đới gió mùa có mùa đông lạnh
398,14,Sơn La,03688,Xã Mường Chiên,21.9190464,103.5855480,Bắc Bộ,Nhiệt đới gió mùa có mùa đông lạnh
399,14,Sơn La,03694,Xã Mường Giôn,21.7493341,103.6810802,Bắc Bộ,Nhiệt đới gió mùa có mùa đông lạnh
400,14,Sơn La,03703,Xã Quỳnh Nhai,21.6334987,103.6169539,Bắc Bộ,Nhiệt đới gió mùa có mùa đông lạnh
401,14,Sơn La,03712,Xã Mường Sại,21.5983551,103.7347784,Bắc Bộ,Nhiệt đới gió mùa có mùa đông lạnh
402,14,Sơn La,03721,Xã Thuận Châu,21.4372940,103.7096298,Bắc Bộ,Nhiệt đới gió mùa có mùa đông lạnh
403,14,Sơn La,03724,Xã Bình Thuận,21.5547506,103.5946748,Bắc Bộ,Nhiệt đới gió mùa có mùa đông lạnh
404,14,Sơn La,03727,Xã Mường É,21.4989745,103.5572825,Bắc Bộ,Nhiệt đới gió mùa có mùa đông lạnh
405,14,Sơn La,03754,Xã Chiềng La,21.4667519,103.7648093,Bắc Bộ,Nhiệt đới gió mùa có mùa đông lạnh
406,14,Sơn La,03757,Xã Mường Khiêng,21.4897587,103.8900194,Bắc Bộ,Nhiệt đới gió mùa có mùa đông lạnh
407,14,Sơn La,03760,Xã Mường Bám,21.3762412,103.3881955,Bắc Bộ,Nhiệt đới gió mùa có mùa đông lạnh
408,14,Sơn La,03763,Xã Long Hẹ,21.4468137,103.5056825,Bắc Bộ,Nhiệt đới gió mùa có mùa đông lạnh
409,14,Sơn La,03781,Xã Co Mạ,21.3050972,103.5291535,Bắc Bộ,Nhiệt đới gió mùa có mùa đông lạnh
410,14,Sơn La,03784,Xã Nậm Lầu,21.3691624,103.6700998,Bắc Bộ,Nhiệt đới gió mùa có mùa đông lạnh
411,14,Sơn La,03799,Xã Muổi Nọi,21.3002463,103.7958752,Bắc Bộ,Nhiệt đới gió mùa có mùa đông lạnh
412,14,Sơn La,03808,Xã Mường La,21.5337988,104.0509642,Bắc Bộ,Nhiệt đới gió mùa có mùa đông lạnh
413,14,Sơn La,03814,Xã Chiềng Lao,21.6424253,103.9455166,Bắc Bộ,Nhiệt đới gió mùa có mùa đông lạnh
414,14,Sơn La,03820,Xã Ngọc Chiến,21.6108857,104.2018827,Bắc Bộ,Nhiệt đới gió mùa có mùa đông lạnh
415,14,Sơn La,03847,Xã Mường Bú,21.4022962,104.0369309,Bắc Bộ,Nhiệt đới gió mùa có mùa đông lạnh
416,14,Sơn La,03850,Xã Chiềng Hoa,21.4644528,104.2032769,Bắc Bộ,Nhiệt đới gió mùa có mùa đông lạnh
417,14,Sơn La,03856,Xã Bắc Yên,21.1881248,104.4525383,Bắc Bộ,Nhiệt đới gió mùa có mùa đông lạnh
418,14,Sơn La,03862,Xã Xím Vàng,21.3559709,104.3258146,Bắc Bộ,Nhiệt đới gió mùa có mùa đông lạnh
419,14,Sơn La,03868,Xã Tà Xùa,21.3270227,104.4930825,Bắc Bộ,Nhiệt đới gió mùa có mùa đông lạnh
420,14,Sơn La,03871,Xã Pắc Ngà,21.2997152,104.2304359,Bắc Bộ,Nhiệt đới gió mùa có mùa đông lạnh
421,14,Sơn La,03880,Xã Tạ Khoa,21.1644534,104.3308062,Bắc Bộ,Nhiệt đới gió mùa có mùa đông lạnh
422,14,Sơn La,03892,Xã Chiềng Sại,21.0709876,104.4585041,Bắc Bộ,Nhiệt đới gió mùa có mùa đông lạnh
423,14,Sơn La,03901,Xã Suối Tọ,21.3222065,104.5994723,Bắc Bộ,Nhiệt đới gió mùa có mùa đông lạnh
424,14,Sơn La,03907,Xã Mường Cơi,21.3063590,104.7642894,Bắc Bộ,Nhiệt đới gió mùa có mùa đông lạnh
425,14,Sơn La,03910,Xã Phù Yên,21.2673711,104.6608890,Bắc Bộ,Nhiệt đới gió mùa có mùa đông lạnh
426,14,Sơn La,03922,Xã Gia Phù,21.1792752,104.5565002,Bắc Bộ,Nhiệt đới gió mùa có mùa đông lạnh
427,14,Sơn La,03943,Xã Mường Bang,21.1668099,104.7923731,Bắc Bộ,Nhiệt đới gió mùa có mùa đông lạnh
428,14,Sơn La,03958,Xã Tường Hạ,21.1409416,104.6725859,Bắc Bộ,Nhiệt đới gió mùa có mùa đông lạnh
429,14,Sơn La,03961,Xã Kim Bon,21.1097012,104.5843358,Bắc Bộ,Nhiệt đới gió mùa có mùa đông lạnh
430,14,Sơn La,03970,Xã Tân Phong,21.2007683,104.0897908,Bắc Bộ,Nhiệt đới gió mùa có mùa đông lạnh
394,14,Sơn La,03979,Phường Mộc Sơn,20.8077481,104.6451680,Bắc Bộ,Nhiệt đới gió mùa có mùa đông lạnh
395,14,Sơn La,03980,Phường Mộc Châu,21.2007683,104.0897908,Bắc Bộ,Nhiệt đới gió mùa có mùa đông lạnh
396,14,Sơn La,03982,Phường Thảo Nguyên,20.8561688,104.6831199,Bắc Bộ,Nhiệt đới gió mùa có mùa đông lạnh
431,14,Sơn La,03985,Xã Chiềng Sơn,20.7406682,104.6636903,Bắc Bộ,Nhiệt đới gió mùa có mùa đông lạnh
432,14,Sơn La,03997,Xã Tân Yên,20.9794205,104.5887787,Bắc Bộ,Nhiệt đới gió mùa có mùa đông lạnh
433,14,Sơn La,04000,Xã Đoàn Kết,20.9662944,104.7237511,Bắc Bộ,Nhiệt đới gió mùa có mùa đông lạnh
434,14,Sơn La,04006,Xã Song Khủa,20.9219991,104.8985488,Bắc Bộ,Nhiệt đới gió mùa có mùa đông lạnh
435,14,Sơn La,04018,Xã Tô Múa,20.9246354,104.8164678,Bắc Bộ,Nhiệt đới gió mùa có mùa đông lạnh
397,14,Sơn La,04033,Phường Vân Sơn,21.2007683,104.0897908,Bắc Bộ,Nhiệt đới gió mùa có mùa đông lạnh
436,14,Sơn La,04045,Xã Lóng Sập,20.7923609,104.5081135,Bắc Bộ,Nhiệt đới gió mùa có mùa đông lạnh
437,14,Sơn La,04048,Xã Vân Hồ,20.7958205,104.8470110,Bắc Bộ,Nhiệt đới gió mùa có mùa đông lạnh
438,14,Sơn La,04057,Xã Xuân Nha,20.6668974,104.7393939,Bắc Bộ,Nhiệt đới gió mùa có mùa đông lạnh
439,14,Sơn La,04075,Xã Yên Châu,21.0807033,104.2943233,Bắc Bộ,Nhiệt đới gió mùa có mùa đông lạnh
440,14,Sơn La,04078,Xã Chiềng Hặc,21.2007683,104.0897908,Bắc Bộ,Nhiệt đới gió mùa có mùa đông lạnh
441,14,Sơn La,04087,Xã Yên Sơn,21.0091578,104.1858725,Bắc Bộ,Nhiệt đới gió mùa có mùa đông lạnh
442,14,Sơn La,04096,Xã Lóng Phiêng,20.8831852,104.3866877,Bắc Bộ,Nhiệt đới gió mùa có mùa đông lạnh
443,14,Sơn La,04099,Xã Phiêng Khoài,20.9565318,104.2934043,Bắc Bộ,Nhiệt đới gió mùa có mùa đông lạnh
444,14,Sơn La,04105,Xã Mai Sơn,21.1461691,104.1579881,Bắc Bộ,Nhiệt đới gió mùa có mùa đông lạnh
445,14,Sơn La,04108,Xã Chiềng Sung,21.2007683,104.0897908,Bắc Bộ,Nhiệt đới gió mùa có mùa đông lạnh
446,14,Sơn La,04117,Xã Mường Chanh,21.2196758,103.8750959,Bắc Bộ,Nhiệt đới gió mùa có mùa đông lạnh
447,14,Sơn La,04123,Xã Chiềng Mung,21.2776613,104.0466500,Bắc Bộ,Nhiệt đới gió mùa có mùa đông lạnh
448,14,Sơn La,04132,Xã Chiềng Mai,21.1895167,103.9806101,Bắc Bộ,Nhiệt đới gió mùa có mùa đông lạnh
449,14,Sơn La,04136,Xã Tà Hộc,21.2448190,104.2176684,Bắc Bộ,Nhiệt đới gió mùa có mùa đông lạnh
450,14,Sơn La,04144,Xã Phiêng Cằm,21.1523391,103.8352448,Bắc Bộ,Nhiệt đới gió mùa có mùa đông lạnh
451,14,Sơn La,04159,Xã Phiêng Pằn,21.0541959,104.0421666,Bắc Bộ,Nhiệt đới gió mùa có mùa đông lạnh
452,14,Sơn La,04168,Xã Sông Mã,21.0899123,103.7362567,Bắc Bộ,Nhiệt đới gió mùa có mùa đông lạnh
453,14,Sơn La,04171,Xã Bó Sinh,21.2586759,103.4690222,Bắc Bộ,Nhiệt đới gió mùa có mùa đông lạnh
454,14,Sơn La,04183,Xã Mường Lầm,21.1400651,103.4654588,Bắc Bộ,Nhiệt đới gió mùa có mùa đông lạnh
455,14,Sơn La,04186,Xã Nậm Ty,21.2231435,103.6613090,Bắc Bộ,Nhiệt đới gió mùa có mùa đông lạnh
456,14,Sơn La,04195,Xã Chiềng Sơ,21.2007683,104.0897908,Bắc Bộ,Nhiệt đới gió mùa có mùa đông lạnh
457,14,Sơn La,04204,Xã Chiềng Khoong,20.9644877,103.7542135,Bắc Bộ,Nhiệt đới gió mùa có mùa đông lạnh
458,14,Sơn La,04210,Xã Huổi Một,21.0330011,103.6464248,Bắc Bộ,Nhiệt đới gió mùa có mùa đông lạnh
459,14,Sơn La,04219,Xã Mường Hung,20.9608343,103.8760526,Bắc Bộ,Nhiệt đới gió mùa có mùa đông lạnh
460,14,Sơn La,04222,Xã Chiềng Khương,20.9617385,104.0034565,Bắc Bộ,Nhiệt đới gió mùa có mùa đông lạnh
461,14,Sơn La,04228,Xã Púng Bánh,21.0040913,103.4717152,Bắc Bộ,Nhiệt đới gió mùa có mùa đông lạnh
462,14,Sơn La,04231,Xã Sốp Cộp,20.8688576,103.5716964,Bắc Bộ,Nhiệt đới gió mùa có mùa đông lạnh
463,14,Sơn La,04240,Xã Mường Lèo,20.8993767,103.3584772,Bắc Bộ,Nhiệt đới gió mùa có mùa đông lạnh
464,14,Sơn La,04246,Xã Mường Lạn,20.7678163,103.7077185,Bắc Bộ,Nhiệt đới gió mùa có mùa đông lạnh
465,15,Lào Cai,02647,Phường Lào Cai,22.5062715,104.0032020,Bắc Bộ,Nhiệt đới gió mùa có mùa đông lạnh
466,15,Lào Cai,02671,Phường Cam Đường,22.4263552,104.0114969,Bắc Bộ,Nhiệt đới gió mùa có mùa đông lạnh
475,15,Lào Cai,02680,Xã Hợp Thành,22.3756871,103.9743436,Bắc Bộ,Nhiệt đới gió mùa có mùa đông lạnh
476,15,Lào Cai,02683,Xã Bát Xát,22.5205056,103.8645061,Bắc Bộ,Nhiệt đới gió mùa có mùa đông lạnh
477,15,Lào Cai,02686,Xã A Mú Sung,22.7340502,103.6616830,Bắc Bộ,Nhiệt đới gió mùa có mùa đông lạnh
478,15,Lào Cai,02695,Xã Trịnh Tường,22.6376580,103.7441033,Bắc Bộ,Nhiệt đới gió mùa có mùa đông lạnh
479,15,Lào Cai,02701,Xã Y Tý,22.0520541,104.3790635,Bắc Bộ,Nhiệt đới gió mùa có mùa đông lạnh
480,15,Lào Cai,02707,Xã Dền Sáng,22.0520541,104.3790635,Bắc Bộ,Nhiệt đới gió mùa có mùa đông lạnh
481,15,Lào Cai,02725,Xã Bản Xèo,22.5161108,103.7669318,Bắc Bộ,Nhiệt đới gió mùa có mùa đông lạnh
482,15,Lào Cai,02728,Xã Mường Hum,22.4695507,103.6513240,Bắc Bộ,Nhiệt đới gió mùa có mùa đông lạnh
483,15,Lào Cai,02746,Xã Cốc San,22.4606452,103.9244878,Bắc Bộ,Nhiệt đới gió mùa có mùa đông lạnh
484,15,Lào Cai,02752,Xã Pha Long,22.0520541,104.3790635,Bắc Bộ,Nhiệt đới gió mùa có mùa đông lạnh
485,15,Lào Cai,02761,Xã Mường Khương,22.7303232,104.0981520,Bắc Bộ,Nhiệt đới gió mùa có mùa đông lạnh
486,15,Lào Cai,02782,Xã Cao Sơn,22.6237798,104.1525951,Bắc Bộ,Nhiệt đới gió mùa có mùa đông lạnh
487,15,Lào Cai,02788,Xã Bản Lầu,22.5968248,104.0624679,Bắc Bộ,Nhiệt đới gió mùa có mùa đông lạnh
488,15,Lào Cai,02809,Xã Si Ma Cai,22.6768497,104.2839456,Bắc Bộ,Nhiệt đới gió mùa có mùa đông lạnh
489,15,Lào Cai,02824,Xã Sín Chéng,22.6614645,104.2091195,Bắc Bộ,Nhiệt đới gió mùa có mùa đông lạnh
490,15,Lào Cai,02839,Xã Bắc Hà,22.5244582,104.3100208,Bắc Bộ,Nhiệt đới gió mùa có mùa đông lạnh
491,15,Lào Cai,02842,Xã Tả Củ Tỷ,22.6264016,104.3935854,Bắc Bộ,Nhiệt đới gió mùa có mùa đông lạnh
492,15,Lào Cai,02848,Xã Lùng Phình,22.6205018,104.3384261,Bắc Bộ,Nhiệt đới gió mùa có mùa đông lạnh
493,15,Lào Cai,02869,Xã Bản Liền,22.4947457,104.3834483,Bắc Bộ,Nhiệt đới gió mùa có mùa đông lạnh
494,15,Lào Cai,02890,Xã Bảo Nhai,22.4628556,104.2176374,Bắc Bộ,Nhiệt đới gió mùa có mùa đông lạnh
495,15,Lào Cai,02896,Xã Cốc Lầu,22.3949357,104.3532419,Bắc Bộ,Nhiệt đới gió mùa có mùa đông lạnh
496,15,Lào Cai,02902,Xã Phong Hải,22.4775754,104.1229667,Bắc Bộ,Nhiệt đới gió mùa có mùa đông lạnh
497,15,Lào Cai,02905,Xã Bảo Thắng,22.3667147,104.1452320,Bắc Bộ,Nhiệt đới gió mùa có mùa đông lạnh
498,15,Lào Cai,02908,Xã Tằng Loỏng,22.2600520,104.1377474,Bắc Bộ,Nhiệt đới gió mùa có mùa đông lạnh
499,15,Lào Cai,02923,Xã Gia Phú,22.3419851,104.0857351,Bắc Bộ,Nhiệt đới gió mùa có mùa đông lạnh
500,15,Lào Cai,02926,Xã Xuân Quang,22.3661621,104.2320321,Bắc Bộ,Nhiệt đới gió mùa có mùa đông lạnh
501,15,Lào Cai,02947,Xã Bảo Yên,22.2090434,104.4652026,Bắc Bộ,Nhiệt đới gió mùa có mùa đông lạnh
502,15,Lào Cai,02953,Xã Nghĩa Đô,22.4166610,104.4416963,Bắc Bộ,Nhiệt đới gió mùa có mùa đông lạnh
503,15,Lào Cai,02962,Xã Xuân Hòa,22.2919545,104.5032129,Bắc Bộ,Nhiệt đới gió mùa có mùa đông lạnh
504,15,Lào Cai,02968,Xã Thượng Hà,22.2905667,104.3767591,Bắc Bộ,Nhiệt đới gió mùa có mùa đông lạnh
505,15,Lào Cai,02989,Xã Bảo Hà,22.1927302,104.3410621,Bắc Bộ,Nhiệt đới gió mùa có mùa đông lạnh
506,15,Lào Cai,02998,Xã Phúc Khánh,22.1691357,104.5507784,Bắc Bộ,Nhiệt đới gió mùa có mùa đông lạnh
507,15,Lào Cai,03004,Xã Ngũ Chỉ Sơn,22.4343748,103.7863013,Bắc Bộ,Nhiệt đới gió mùa có mùa đông lạnh
467,15,Lào Cai,03006,Phường Sa Pa,22.3359172,103.8423664,Bắc Bộ,Nhiệt đới gió mùa có mùa đông lạnh
508,15,Lào Cai,03013,Xã Tả Phìn,22.3921948,103.8681998,Bắc Bộ,Nhiệt đới gió mùa có mùa đông lạnh
509,15,Lào Cai,03037,Xã Tả Van,22.2436769,103.8763125,Bắc Bộ,Nhiệt đới gió mùa có mùa đông lạnh
510,15,Lào Cai,03043,Xã Mường Bo,22.2243586,104.0248189,Bắc Bộ,Nhiệt đới gió mùa có mùa đông lạnh
511,15,Lào Cai,03046,Xã Bản Hồ,22.2414276,103.9450500,Bắc Bộ,Nhiệt đới gió mùa có mùa đông lạnh
512,15,Lào Cai,03061,Xã Võ Lao,22.1753088,104.1602487,Bắc Bộ,Nhiệt đới gió mùa có mùa đông lạnh
513,15,Lào Cai,03076,Xã Nậm Chày,22.1162682,104.0961570,Bắc Bộ,Nhiệt đới gió mùa có mùa đông lạnh
514,15,Lào Cai,03082,Xã Văn Bàn,22.1213407,104.2540873,Bắc Bộ,Nhiệt đới gió mùa có mùa đông lạnh
515,15,Lào Cai,03085,Xã Nậm Xé,22.0428204,104.0024107,Bắc Bộ,Nhiệt đới gió mùa có mùa đông lạnh
516,15,Lào Cai,03091,Xã Chiềng Ken,22.0014844,104.3839391,Bắc Bộ,Nhiệt đới gió mùa có mùa đông lạnh
517,15,Lào Cai,03103,Xã Khánh Yên,22.0124645,104.2951647,Bắc Bộ,Nhiệt đới gió mùa có mùa đông lạnh
518,15,Lào Cai,03106,Xã Dương Quỳ,22.0237994,104.1674721,Bắc Bộ,Nhiệt đới gió mùa có mùa đông lạnh
519,15,Lào Cai,03121,Xã Minh Lương,21.9776670,104.0940875,Bắc Bộ,Nhiệt đới gió mùa có mùa đông lạnh
468,15,Lào Cai,04252,Phường Yên Bái,21.7140222,104.8931122,Bắc Bộ,Nhiệt đới gió mùa có mùa đông lạnh
469,15,Lào Cai,04273,Phường Nam Cường,21.7525938,104.8867043,Bắc Bộ,Nhiệt đới gió mùa có mùa đông lạnh
470,15,Lào Cai,04279,Phường Văn Phú,21.6961203,104.9448890,Bắc Bộ,Nhiệt đới gió mùa có mùa đông lạnh
471,15,Lào Cai,04288,Phường Nghĩa Lộ,21.5924609,104.4878511,Bắc Bộ,Nhiệt đới gió mùa có mùa đông lạnh
520,15,Lào Cai,04303,Xã Lục Yên,22.1179042,104.7760461,Bắc Bộ,Nhiệt đới gió mùa có mùa đông lạnh
521,15,Lào Cai,04309,Xã Lâm Thượng,22.2202309,104.6836075,Bắc Bộ,Nhiệt đới gió mùa có mùa đông lạnh
522,15,Lào Cai,04336,Xã Tân Lĩnh,22.0776229,104.7509512,Bắc Bộ,Nhiệt đới gió mùa có mùa đông lạnh
523,15,Lào Cai,04342,Xã Khánh Hòa,22.1113309,104.6383535,Bắc Bộ,Nhiệt đới gió mùa có mùa đông lạnh
3171,15,Lào Cai,04345,Xã Mường Lai,22.0520541,104.3790635,Bắc Bộ,Nhiệt đới gió mùa có mùa đông lạnh
3172,15,Lào Cai,04363,Xã Phúc Lợi,22.0520541,104.3790635,Bắc Bộ,Nhiệt đới gió mùa có mùa đông lạnh
526,15,Lào Cai,04375,Xã Mậu A,21.9015488,104.7126756,Bắc Bộ,Nhiệt đới gió mùa có mùa đông lạnh
527,15,Lào Cai,04381,Xã Lâm Giang,22.1067875,104.4818024,Bắc Bộ,Nhiệt đới gió mùa có mùa đông lạnh
3173,15,Lào Cai,04387,Xã Châu Quế,22.0520541,104.3790635,Bắc Bộ,Nhiệt đới gió mùa có mùa đông lạnh
529,15,Lào Cai,04399,Xã Đông Cuông,21.9829765,104.6024850,Bắc Bộ,Nhiệt đới gió mùa có mùa đông lạnh
530,15,Lào Cai,04402,Xã Phong Dụ Hạ,21.8961499,104.5099345,Bắc Bộ,Nhiệt đới gió mùa có mùa đông lạnh
531,15,Lào Cai,04423,Xã Phong Dụ Thượng,21.8240964,104.4312532,Bắc Bộ,Nhiệt đới gió mùa có mùa đông lạnh
3174,15,Lào Cai,04429,Xã Tân Hợp,22.0520541,104.3790635,Bắc Bộ,Nhiệt đới gió mùa có mùa đông lạnh
3175,15,Lào Cai,04441,Xã Xuân Ái,22.0520541,104.3790635,Bắc Bộ,Nhiệt đới gió mùa có mùa đông lạnh
3176,15,Lào Cai,04450,Xã Mỏ Vàng,22.0520541,104.3790635,Bắc Bộ,Nhiệt đới gió mùa có mùa đông lạnh
535,15,Lào Cai,04456,Xã Mù Cang Chải,21.8514382,104.1177209,Bắc Bộ,Nhiệt đới gió mùa có mùa đông lạnh
536,15,Lào Cai,04462,Xã Nậm Có,21.8592518,104.2762537,Bắc Bộ,Nhiệt đới gió mùa có mùa đông lạnh
537,15,Lào Cai,04465,Xã Khao Mang,21.9078898,103.9748758,Bắc Bộ,Nhiệt đới gió mùa có mùa đông lạnh
538,15,Lào Cai,04474,Xã Lao Chải,21.8167810,104.0057699,Bắc Bộ,Nhiệt đới gió mùa có mùa đông lạnh
539,15,Lào Cai,04489,Xã Chế Tạo,21.7074050,104.0314767,Bắc Bộ,Nhiệt đới gió mùa có mùa đông lạnh
540,15,Lào Cai,04492,Xã Púng Luông,21.7421931,104.1892230,Bắc Bộ,Nhiệt đới gió mùa có mùa đông lạnh
541,15,Lào Cai,04498,Xã Trấn Yên,22.0520541,104.3790635,Bắc Bộ,Nhiệt đới gió mùa có mùa đông lạnh
542,15,Lào Cai,04531,Xã Quy Mông,21.7242786,104.7661897,Bắc Bộ,Nhiệt đới gió mùa có mùa đông lạnh
3177,15,Lào Cai,04537,Xã Lương Thịnh,22.0520541,104.3790635,Bắc Bộ,Nhiệt đới gió mùa có mùa đông lạnh
472,15,Lào Cai,04543,Phường Âu Lâu,21.6616493,104.9017420,Bắc Bộ,Nhiệt đới gió mùa có mùa đông lạnh
544,15,Lào Cai,04564,Xã Việt Hồng,21.6008972,104.8524244,Bắc Bộ,Nhiệt đới gió mùa có mùa đông lạnh
545,15,Lào Cai,04576,Xã Hưng Khánh,21.5982492,104.7137774,Bắc Bộ,Nhiệt đới gió mùa có mùa đông lạnh
546,15,Lào Cai,04585,Xã Hạnh Phúc,21.4808756,104.3503738,Bắc Bộ,Nhiệt đới gió mùa có mùa đông lạnh
547,15,Lào Cai,04603,Xã Tà Xi Láng,21.4700722,104.6050493,Bắc Bộ,Nhiệt đới gió mùa có mùa đông lạnh
548,15,Lào Cai,04606,Xã Trạm Tấu,21.5562379,104.4256214,Bắc Bộ,Nhiệt đới gió mùa có mùa đông lạnh
549,15,Lào Cai,04609,Xã Phình Hồ,21.4526758,104.5088904,Bắc Bộ,Nhiệt đới gió mùa có mùa đông lạnh
3178,15,Lào Cai,04630,Xã Tú Lệ,22.0520541,104.3790635,Bắc Bộ,Nhiệt đới gió mùa có mùa đông lạnh
551,15,Lào Cai,04636,Xã Gia Hội,21.7001550,104.3801803,Bắc Bộ,Nhiệt đới gió mùa có mùa đông lạnh
552,15,Lào Cai,04651,Xã Sơn Lương,21.7044095,104.5094628,Bắc Bộ,Nhiệt đới gió mùa có mùa đông lạnh
553,15,Lào Cai,04660,Xã Liên Sơn,21.6433958,104.4976826,Bắc Bộ,Nhiệt đới gió mùa có mùa đông lạnh
473,15,Lào Cai,04663,Phường Trung Tâm,21.5881154,104.5462981,Bắc Bộ,Nhiệt đới gió mùa có mùa đông lạnh
554,15,Lào Cai,04672,Xã Văn Chấn,21.5735558,104.6099002,Bắc Bộ,Nhiệt đới gió mùa có mùa đông lạnh
474,15,Lào Cai,04681,Phường Cầu Thia,21.5550808,104.4980891,Bắc Bộ,Nhiệt đới gió mùa có mùa đông lạnh
555,15,Lào Cai,04693,Xã Cát Thịnh,21.4639464,104.6998624,Bắc Bộ,Nhiệt đới gió mùa có mùa đông lạnh
3179,15,Lào Cai,04699,Xã Chấn Thịnh,22.0520541,104.3790635,Bắc Bộ,Nhiệt đới gió mùa có mùa đông lạnh
3180,15,Lào Cai,04705,Xã Thượng Bằng La,22.0520541,104.3790635,Bắc Bộ,Nhiệt đới gió mùa có mùa đông lạnh
558,15,Lào Cai,04711,Xã Nghĩa Tâm,21.4107179,104.8515686,Bắc Bộ,Nhiệt đới gió mùa có mùa đông lạnh
559,15,Lào Cai,04714,Xã Yên Bình,21.7734880,104.9529190,Bắc Bộ,Nhiệt đới gió mùa có mùa đông lạnh
560,15,Lào Cai,04717,Xã Thác Bà,21.7594515,105.0360271,Bắc Bộ,Nhiệt đới gió mùa có mùa đông lạnh
561,15,Lào Cai,04726,Xã Cảm Nhân,22.0043956,104.9303558,Bắc Bộ,Nhiệt đới gió mùa có mùa đông lạnh
562,15,Lào Cai,04744,Xã Yên Thành,21.8919277,104.9756367,Bắc Bộ,Nhiệt đới gió mùa có mùa đông lạnh
563,15,Lào Cai,04750,Xã Bảo Ái,21.8970181,104.8547385,Bắc Bộ,Nhiệt đới gió mùa có mùa đông lạnh
564,19,Thái Nguyên,01840,Phường Đức Xuân,22.1695986,105.8481797,Bắc Bộ,Nhiệt đới gió mùa có mùa đông lạnh
565,19,Thái Nguyên,01843,Phường Bắc Kạn,22.1389670,105.8308996,Bắc Bộ,Nhiệt đới gió mùa có mùa đông lạnh
579,19,Thái Nguyên,01849,Xã Phong Quang,22.1560323,105.8240399,Bắc Bộ,Nhiệt đới gió mùa có mùa đông lạnh
580,19,Thái Nguyên,01864,Xã Bằng Thành,22.6123580,105.6606732,Bắc Bộ,Nhiệt đới gió mùa có mùa đông lạnh
581,19,Thái Nguyên,01879,Xã Cao Minh,21.8870813,105.8199541,Bắc Bộ,Nhiệt đới gió mùa có mùa đông lạnh
582,19,Thái Nguyên,01882,Xã Nghiên Loan,22.4979445,105.7414793,Bắc Bộ,Nhiệt đới gió mùa có mùa đông lạnh
583,19,Thái Nguyên,01894,Xã Phúc Lộc,22.4645582,105.8363016,Bắc Bộ,Nhiệt đới gió mùa có mùa đông lạnh
584,19,Thái Nguyên,01906,Xã Ba Bể,22.4439373,105.6645193,Bắc Bộ,Nhiệt đới gió mùa có mùa đông lạnh
585,19,Thái Nguyên,01912,Xã Chợ Rã,22.4513398,105.7229790,Bắc Bộ,Nhiệt đới gió mùa có mùa đông lạnh
586,19,Thái Nguyên,01921,Xã Thượng Minh,21.8870813,105.8199541,Bắc Bộ,Nhiệt đới gió mùa có mùa đông lạnh
587,19,Thái Nguyên,01933,Xã Đồng Phúc,22.3201902,105.7231256,Bắc Bộ,Nhiệt đới gió mùa có mùa đông lạnh
588,19,Thái Nguyên,01936,Xã Nà Phặc,22.3803146,105.8972208,Bắc Bộ,Nhiệt đới gió mùa có mùa đông lạnh
589,19,Thái Nguyên,01942,Xã Bằng Vân,22.4743780,106.0504165,Bắc Bộ,Nhiệt đới gió mùa có mùa đông lạnh
590,19,Thái Nguyên,01954,Xã Ngân Sơn,22.4315844,105.9981801,Bắc Bộ,Nhiệt đới gió mùa có mùa đông lạnh
591,19,Thái Nguyên,01957,Xã Thượng Quan,22.3702466,106.0079041,Bắc Bộ,Nhiệt đới gió mùa có mùa đông lạnh
592,19,Thái Nguyên,01960,Xã Hiệp Lực,22.3109996,105.9536367,Bắc Bộ,Nhiệt đới gió mùa có mùa đông lạnh
593,19,Thái Nguyên,01969,Xã Phủ Thông,22.2731370,105.8794340,Bắc Bộ,Nhiệt đới gió mùa có mùa đông lạnh
594,19,Thái Nguyên,01981,Xã Vĩnh Thông,22.1855259,105.9945312,Bắc Bộ,Nhiệt đới gió mùa có mùa đông lạnh
595,19,Thái Nguyên,02008,Xã Cẩm Giàng,22.2051613,105.8778856,Bắc Bộ,Nhiệt đới gió mùa có mùa đông lạnh
596,19,Thái Nguyên,02014,Xã Bạch Thông,22.1204774,105.7602466,Bắc Bộ,Nhiệt đới gió mùa có mùa đông lạnh
597,19,Thái Nguyên,02020,Xã Chợ Đồn,22.1576226,105.5945987,Bắc Bộ,Nhiệt đới gió mùa có mùa đông lạnh
598,19,Thái Nguyên,02026,Xã Nam Cường,22.3089101,105.5735899,Bắc Bộ,Nhiệt đới gió mùa có mùa đông lạnh
599,19,Thái Nguyên,02038,Xã Quảng Bạch,22.2779185,105.5816742,Bắc Bộ,Nhiệt đới gió mùa có mùa đông lạnh
600,19,Thái Nguyên,02044,Xã Yên Thịnh,22.2375021,105.5021622,Bắc Bộ,Nhiệt đới gió mùa có mùa đông lạnh
601,19,Thái Nguyên,02071,Xã Nghĩa Tá,22.0203503,105.5530024,Bắc Bộ,Nhiệt đới gió mùa có mùa đông lạnh
602,19,Thái Nguyên,02083,Xã Yên Phong,22.0401052,105.6045498,Bắc Bộ,Nhiệt đới gió mùa có mùa đông lạnh
603,19,Thái Nguyên,02086,Xã Chợ Mới,21.9015334,105.7938442,Bắc Bộ,Nhiệt đới gió mùa có mùa đông lạnh
604,19,Thái Nguyên,02101,Xã Thanh Mai,22.0383998,105.7723070,Bắc Bộ,Nhiệt đới gió mùa có mùa đông lạnh
605,19,Thái Nguyên,02104,Xã Tân Kỳ,22.0248496,105.8325358,Bắc Bộ,Nhiệt đới gió mùa có mùa đông lạnh
606,19,Thái Nguyên,02107,Xã Thanh Thịnh,21.9253885,105.7990520,Bắc Bộ,Nhiệt đới gió mùa có mùa đông lạnh
607,19,Thái Nguyên,02116,Xã Yên Bình,21.9357508,105.9558404,Bắc Bộ,Nhiệt đới gió mùa có mùa đông lạnh
608,19,Thái Nguyên,02143,Xã Văn Lang,22.2825201,106.0609301,Bắc Bộ,Nhiệt đới gió mùa có mùa đông lạnh
609,19,Thái Nguyên,02152,Xã Cường Lợi,22.2933980,106.1771572,Bắc Bộ,Nhiệt đới gió mùa có mùa đông lạnh
610,19,Thái Nguyên,02155,Xã Na Rì,22.2460076,106.1843856,Bắc Bộ,Nhiệt đới gió mùa có mùa đông lạnh
611,19,Thái Nguyên,02176,Xã Trần Phú,22.1695322,106.1417553,Bắc Bộ,Nhiệt đới gió mùa có mùa đông lạnh
612,19,Thái Nguyên,02185,Xã Côn Minh,22.1268599,106.0219320,Bắc Bộ,Nhiệt đới gió mùa có mùa đông lạnh
613,19,Thái Nguyên,02191,Xã Xuân Dương,22.0288103,106.0752435,Bắc Bộ,Nhiệt đới gió mùa có mùa đông lạnh
566,19,Thái Nguyên,05443,Phường Phan Đình Phùng,21.5873786,105.8405390,Bắc Bộ,Nhiệt đới gió mùa có mùa đông lạnh
567,19,Thái Nguyên,05455,Phường Quyết Thắng,21.5802022,105.7987735,Bắc Bộ,Nhiệt đới gió mùa có mùa đông lạnh
568,19,Thái Nguyên,05467,Phường Gia Sàng,21.5790298,105.8502201,Bắc Bộ,Nhiệt đới gió mùa có mùa đông lạnh
569,19,Thái Nguyên,05482,Phường Quan Triều,21.6105443,105.8077114,Bắc Bộ,Nhiệt đới gió mùa có mùa đông lạnh
614,19,Thái Nguyên,05488,Xã Đại Phúc,21.6310754,105.6398034,Bắc Bộ,Nhiệt đới gió mùa có mùa đông lạnh
570,19,Thái Nguyên,05500,Phường Tích Lương,21.5477698,105.8477875,Bắc Bộ,Nhiệt đới gió mùa có mùa đông lạnh
615,19,Thái Nguyên,05503,Xã Tân Cương,21.5314863,105.7691267,Bắc Bộ,Nhiệt đới gió mùa có mùa đông lạnh
571,19,Thái Nguyên,05518,Phường Sông Công,21.4672136,105.8454901,Bắc Bộ,Nhiệt đới gió mùa có mùa đông lạnh
572,19,Thái Nguyên,05528,Phường Bách Quang,21.5050603,105.8689946,Bắc Bộ,Nhiệt đới gió mùa có mùa đông lạnh
573,19,Thái Nguyên,05533,Phường Bá Xuyên,21.4903549,105.8366459,Bắc Bộ,Nhiệt đới gió mùa có mùa đông lạnh
616,19,Thái Nguyên,05542,Xã Lam Vỹ,22.0087974,105.6771028,Bắc Bộ,Nhiệt đới gió mùa có mùa đông lạnh
617,19,Thái Nguyên,05551,Xã Kim Phượng,21.9386199,105.6572469,Bắc Bộ,Nhiệt đới gió mùa có mùa đông lạnh
618,19,Thái Nguyên,05563,Xã Phượng Tiến,21.9399649,105.6961999,Bắc Bộ,Nhiệt đới gió mùa có mùa đông lạnh
619,19,Thái Nguyên,05569,Xã Định Hóa,21.9067485,105.6407108,Bắc Bộ,Nhiệt đới gió mùa có mùa đông lạnh
620,19,Thái Nguyên,05581,Xã Trung Hội,21.8870813,105.8199541,Bắc Bộ,Nhiệt đới gió mùa có mùa đông lạnh
621,19,Thái Nguyên,05587,Xã Bình Yên,21.8482921,105.5884924,Bắc Bộ,Nhiệt đới gió mùa có mùa đông lạnh
622,19,Thái Nguyên,05602,Xã Phú Đình,21.8287838,105.5522676,Bắc Bộ,Nhiệt đới gió mùa có mùa đông lạnh
623,19,Thái Nguyên,05605,Xã Bình Thành,21.8870813,105.8199541,Bắc Bộ,Nhiệt đới gió mùa có mùa đông lạnh
624,19,Thái Nguyên,05611,Xã Phú Lương,21.7242057,105.7065216,Bắc Bộ,Nhiệt đới gió mùa có mùa đông lạnh
625,19,Thái Nguyên,05620,Xã Yên Trạch,21.7861592,105.7090013,Bắc Bộ,Nhiệt đới gió mùa có mùa đông lạnh
626,19,Thái Nguyên,05632,Xã Hợp Thành,21.7753270,105.6566166,Bắc Bộ,Nhiệt đới gió mùa có mùa đông lạnh
627,19,Thái Nguyên,05641,Xã Vô Tranh,21.6467145,105.7569458,Bắc Bộ,Nhiệt đới gió mùa có mùa đông lạnh
628,19,Thái Nguyên,05662,Xã Trại Cau,21.8870813,105.8199541,Bắc Bộ,Nhiệt đới gió mùa có mùa đông lạnh
629,19,Thái Nguyên,05665,Xã Văn Lăng,21.7736559,105.8286746,Bắc Bộ,Nhiệt đới gió mùa có mùa đông lạnh
630,19,Thái Nguyên,05674,Xã Quang Sơn,21.6986849,105.8719465,Bắc Bộ,Nhiệt đới gió mùa có mùa đông lạnh
631,19,Thái Nguyên,05680,Xã Văn Hán,21.6688893,105.9360305,Bắc Bộ,Nhiệt đới gió mùa có mùa đông lạnh
632,19,Thái Nguyên,05692,Xã Đồng Hỷ,21.6600160,105.8300235,Bắc Bộ,Nhiệt đới gió mùa có mùa đông lạnh
633,19,Thái Nguyên,05707,Xã Nam Hòa,21.6116959,105.9173142,Bắc Bộ,Nhiệt đới gió mùa có mùa đông lạnh
574,19,Thái Nguyên,05710,Phường Linh Sơn,21.6178111,105.8779666,Bắc Bộ,Nhiệt đới gió mùa có mùa đông lạnh
634,19,Thái Nguyên,05716,Xã Võ Nhai,21.7551719,106.0707100,Bắc Bộ,Nhiệt đới gió mùa có mùa đông lạnh
635,19,Thái Nguyên,05719,Xã Sảng Mộc,21.9063900,106.0051669,Bắc Bộ,Nhiệt đới gió mùa có mùa đông lạnh
636,19,Thái Nguyên,05722,Xã Nghinh Tường,21.8628043,106.0646550,Bắc Bộ,Nhiệt đới gió mùa có mùa đông lạnh
637,19,Thái Nguyên,05725,Xã Thần Sa,21.8870813,105.8199541,Bắc Bộ,Nhiệt đới gió mùa có mùa đông lạnh
638,19,Thái Nguyên,05740,Xã La Hiên,21.7526989,105.9533683,Bắc Bộ,Nhiệt đới gió mùa có mùa đông lạnh
639,19,Thái Nguyên,05746,Xã Tràng Xá,21.6844058,106.0941684,Bắc Bộ,Nhiệt đới gió mùa có mùa đông lạnh
640,19,Thái Nguyên,05755,Xã Dân Tiến,21.6571973,106.1788782,Bắc Bộ,Nhiệt đới gió mùa có mùa đông lạnh
641,19,Thái Nguyên,05773,Xã Phú Xuyên,21.6887610,105.5158928,Bắc Bộ,Nhiệt đới gió mùa có mùa đông lạnh
642,19,Thái Nguyên,05776,Xã Đức Lương,21.7425456,105.5690369,Bắc Bộ,Nhiệt đới gió mùa có mùa đông lạnh
643,19,Thái Nguyên,05788,Xã Phú Lạc,21.6678391,105.6624215,Bắc Bộ,Nhiệt đới gió mùa có mùa đông lạnh
644,19,Thái Nguyên,05800,Xã Phú Thịnh,21.7072301,105.5661142,Bắc Bộ,Nhiệt đới gió mùa có mùa đông lạnh
645,19,Thái Nguyên,05809,Xã An Khánh,21.6356278,105.7239969,Bắc Bộ,Nhiệt đới gió mùa có mùa đông lạnh
646,19,Thái Nguyên,05818,Xã La Bằng,21.6421625,105.6261495,Bắc Bộ,Nhiệt đới gió mùa có mùa đông lạnh
647,19,Thái Nguyên,05830,Xã Đại Từ,21.5814516,105.5955400,Bắc Bộ,Nhiệt đới gió mùa có mùa đông lạnh
648,19,Thái Nguyên,05845,Xã Vạn Phú,21.5510452,105.6467602,Bắc Bộ,Nhiệt đới gió mùa có mùa đông lạnh
649,19,Thái Nguyên,05851,Xã Quân Chu,21.4835519,105.7145631,Bắc Bộ,Nhiệt đới gió mùa có mùa đông lạnh
575,19,Thái Nguyên,05857,Phường Phúc Thuận,21.4591103,105.7649252,Bắc Bộ,Nhiệt đới gió mùa có mùa đông lạnh
576,19,Thái Nguyên,05860,Phường Phổ Yên,21.4182725,105.8715641,Bắc Bộ,Nhiệt đới gió mùa có mùa đông lạnh
650,19,Thái Nguyên,05881,Xã Thành Công,21.3971445,105.8297707,Bắc Bộ,Nhiệt đới gió mùa có mùa đông lạnh
577,19,Thái Nguyên,05890,Phường Vạn Xuân,21.4100068,105.8977750,Bắc Bộ,Nhiệt đới gió mùa có mùa đông lạnh
578,19,Thái Nguyên,05899,Phường Trung Thành,21.8870813,105.8199541,Bắc Bộ,Nhiệt đới gió mùa có mùa đông lạnh
651,19,Thái Nguyên,05908,Xã Phú Bình,21.4740626,105.9552444,Bắc Bộ,Nhiệt đới gió mùa có mùa đông lạnh
652,19,Thái Nguyên,05917,Xã Tân Khánh,21.5320618,105.9594488,Bắc Bộ,Nhiệt đới gió mùa có mùa đông lạnh
653,19,Thái Nguyên,05923,Xã Tân Thành,21.5093584,106.0050549,Bắc Bộ,Nhiệt đới gió mùa có mùa đông lạnh
654,19,Thái Nguyên,05941,Xã Điềm Thụy,21.4731935,105.9172771,Bắc Bộ,Nhiệt đới gió mùa có mùa đông lạnh
655,19,Thái Nguyên,05953,Xã Kha Sơn,21.4231282,106.0032499,Bắc Bộ,Nhiệt đới gió mùa có mùa đông lạnh
656,20,Lạng Sơn,05977,Phường Đông Kinh,21.8452376,106.7630070,Bắc Bộ,Nhiệt đới gió mùa có mùa đông lạnh
657,20,Lạng Sơn,05983,Phường Lương Văn Tri,21.8275157,106.7316926,Bắc Bộ,Nhiệt đới gió mùa có mùa đông lạnh
658,20,Lạng Sơn,05986,Phường Tam Thanh,21.8532147,106.7519907,Bắc Bộ,Nhiệt đới gió mùa có mùa đông lạnh
660,20,Lạng Sơn,06001,Xã Đoàn Kết,22.3879194,106.2644652,Bắc Bộ,Nhiệt đới gió mùa có mùa đông lạnh
661,20,Lạng Sơn,06004,Xã Quốc Khánh,22.3414998,106.5126057,Bắc Bộ,Nhiệt đới gió mùa có mùa đông lạnh
662,20,Lạng Sơn,06019,Xã Tân Tiến,22.2852811,106.3238511,Bắc Bộ,Nhiệt đới gió mùa có mùa đông lạnh
663,20,Lạng Sơn,06037,Xã Kháng Chiến,22.2663480,106.6017198,Bắc Bộ,Nhiệt đới gió mùa có mùa đông lạnh
664,20,Lạng Sơn,06040,Xã Thất Khê,22.3017114,106.4319186,Bắc Bộ,Nhiệt đới gió mùa có mùa đông lạnh
665,20,Lạng Sơn,06046,Xã Tràng Định,21.8491782,106.5747589,Bắc Bộ,Nhiệt đới gió mùa có mùa đông lạnh
666,20,Lạng Sơn,06058,Xã Quốc Việt,22.2157642,106.6325648,Bắc Bộ,Nhiệt đới gió mùa có mùa đông lạnh
667,20,Lạng Sơn,06073,Xã Hoa Thám,22.1801643,106.3677298,Bắc Bộ,Nhiệt đới gió mùa có mùa đông lạnh
668,20,Lạng Sơn,06076,Xã Quý Hòa,22.1779347,106.2761172,Bắc Bộ,Nhiệt đới gió mùa có mùa đông lạnh
669,20,Lạng Sơn,06079,Xã Hồng Phong,22.0665342,106.4142685,Bắc Bộ,Nhiệt đới gió mùa có mùa đông lạnh
670,20,Lạng Sơn,06085,Xã Thiện Hòa,22.0805606,106.1903958,Bắc Bộ,Nhiệt đới gió mùa có mùa đông lạnh
671,20,Lạng Sơn,06091,Xã Thiện Thuật,22.0507536,106.3076994,Bắc Bộ,Nhiệt đới gió mùa có mùa đông lạnh
672,20,Lạng Sơn,06103,Xã Thiện Long,21.9813456,106.1932878,Bắc Bộ,Nhiệt đới gió mùa có mùa đông lạnh
673,20,Lạng Sơn,06112,Xã Bình Gia,21.9709833,106.3432810,Bắc Bộ,Nhiệt đới gió mùa có mùa đông lạnh
674,20,Lạng Sơn,06115,Xã Tân Văn,21.9241385,106.4756090,Bắc Bộ,Nhiệt đới gió mùa có mùa đông lạnh
675,20,Lạng Sơn,06124,Xã Na Sầm,22.0797528,106.6179436,Bắc Bộ,Nhiệt đới gió mùa có mùa đông lạnh
676,20,Lạng Sơn,06148,Xã Thụy Hùng,22.1121738,106.6539892,Bắc Bộ,Nhiệt đới gió mùa có mùa đông lạnh
677,20,Lạng Sơn,06151,Xã Hội Hoan,22.0357859,106.4827749,Bắc Bộ,Nhiệt đới gió mùa có mùa đông lạnh
678,20,Lạng Sơn,06154,Xã Văn Lãng,22.0866351,106.5452274,Bắc Bộ,Nhiệt đới gió mùa có mùa đông lạnh
679,20,Lạng Sơn,06172,Xã Hoàng Văn Thụ,21.9651501,106.6495888,Bắc Bộ,Nhiệt đới gió mùa có mùa đông lạnh
680,20,Lạng Sơn,06184,Xã Đồng Đăng,21.9483520,106.7206208,Bắc Bộ,Nhiệt đới gió mùa có mùa đông lạnh
659,20,Lạng Sơn,06187,Phường Kỳ Lừa,21.8409255,106.8335389,Bắc Bộ,Nhiệt đới gió mùa có mùa đông lạnh
681,20,Lạng Sơn,06196,Xã Ba Sơn,21.9072434,106.9702827,Bắc Bộ,Nhiệt đới gió mùa có mùa đông lạnh
682,20,Lạng Sơn,06211,Xã Cao Lộc,21.9415362,106.8106016,Bắc Bộ,Nhiệt đới gió mùa có mùa đông lạnh
683,20,Lạng Sơn,06220,Xã Công Sơn,21.8804820,106.8874093,Bắc Bộ,Nhiệt đới gió mùa có mùa đông lạnh
684,20,Lạng Sơn,06253,Xã Văn Quan,21.8491782,106.5747589,Bắc Bộ,Nhiệt đới gió mùa có mùa đông lạnh
685,20,Lạng Sơn,06280,Xã Điềm He,21.9439947,106.5653148,Bắc Bộ,Nhiệt đới gió mùa có mùa đông lạnh
686,20,Lạng Sơn,06286,Xã Khánh Khê,21.8577679,106.6720797,Bắc Bộ,Nhiệt đới gió mùa có mùa đông lạnh
687,20,Lạng Sơn,06298,Xã Yên Phúc,21.8152188,106.5486900,Bắc Bộ,Nhiệt đới gió mùa có mùa đông lạnh
688,20,Lạng Sơn,06313,Xã Tri Lễ,21.7815720,106.4428594,Bắc Bộ,Nhiệt đới gió mùa có mùa đông lạnh
689,20,Lạng Sơn,06316,Xã Tân Đoàn,21.7844794,106.6390068,Bắc Bộ,Nhiệt đới gió mùa có mùa đông lạnh
690,20,Lạng Sơn,06325,Xã Bắc Sơn,21.9133646,106.3424400,Bắc Bộ,Nhiệt đới gió mùa có mùa đông lạnh
691,20,Lạng Sơn,06337,Xã Tân Tri,21.8764833,106.1651798,Bắc Bộ,Nhiệt đới gió mùa có mùa đông lạnh
692,20,Lạng Sơn,06349,Xã Hưng Vũ,21.8020616,106.3657831,Bắc Bộ,Nhiệt đới gió mùa có mùa đông lạnh
693,20,Lạng Sơn,06364,Xã Vũ Lễ,21.8158488,106.1753413,Bắc Bộ,Nhiệt đới gió mùa có mùa đông lạnh
694,20,Lạng Sơn,06367,Xã Vũ Lăng,21.8335116,106.2747042,Bắc Bộ,Nhiệt đới gió mùa có mùa đông lạnh
695,20,Lạng Sơn,06376,Xã Nhất Hòa,21.7373416,106.2579575,Bắc Bộ,Nhiệt đới gió mùa có mùa đông lạnh
696,20,Lạng Sơn,06385,Xã Hữu Lũng,21.5158974,106.3598231,Bắc Bộ,Nhiệt đới gió mùa có mùa đông lạnh
697,20,Lạng Sơn,06391,Xã Yên Bình,21.6390355,106.2647717,Bắc Bộ,Nhiệt đới gió mùa có mùa đông lạnh
698,20,Lạng Sơn,06400,Xã Hữu Liên,21.6719973,106.3741828,Bắc Bộ,Nhiệt đới gió mùa có mùa đông lạnh
699,20,Lạng Sơn,06415,Xã Vân Nham,21.5333586,106.2862638,Bắc Bộ,Nhiệt đới gió mùa có mùa đông lạnh
700,20,Lạng Sơn,06427,Xã Cai Kinh,21.5854067,106.3689994,Bắc Bộ,Nhiệt đới gió mùa có mùa đông lạnh
701,20,Lạng Sơn,06436,Xã Thiện Tân,21.5526698,106.2128712,Bắc Bộ,Nhiệt đới gió mùa có mùa đông lạnh
702,20,Lạng Sơn,06445,Xã Tân Thành,21.5017520,106.4629351,Bắc Bộ,Nhiệt đới gió mùa có mùa đông lạnh
703,20,Lạng Sơn,06457,Xã Tuấn Sơn,21.4596636,106.3491735,Bắc Bộ,Nhiệt đới gió mùa có mùa đông lạnh
704,20,Lạng Sơn,06463,Xã Chi Lăng,21.8491782,106.5747589,Bắc Bộ,Nhiệt đới gió mùa có mùa đông lạnh
705,20,Lạng Sơn,06475,Xã Bằng Mạc,21.7169877,106.5231114,Bắc Bộ,Nhiệt đới gió mùa có mùa đông lạnh
706,20,Lạng Sơn,06481,Xã Chiến Thắng,21.7244045,106.7485773,Bắc Bộ,Nhiệt đới gió mùa có mùa đông lạnh
707,20,Lạng Sơn,06496,Xã Nhân Lý,21.6972089,106.6557529,Bắc Bộ,Nhiệt đới gió mùa có mùa đông lạnh
708,20,Lạng Sơn,06505,Xã Vạn Linh,21.6306209,106.4841009,Bắc Bộ,Nhiệt đới gió mùa có mùa đông lạnh
709,20,Lạng Sơn,06517,Xã Quan Sơn,21.6050838,106.7254530,Bắc Bộ,Nhiệt đới gió mùa có mùa đông lạnh
710,20,Lạng Sơn,06526,Xã Na Dương,21.6839014,106.9169679,Bắc Bộ,Nhiệt đới gió mùa có mùa đông lạnh
711,20,Lạng Sơn,06529,Xã Lộc Bình,21.7851461,106.9075165,Bắc Bộ,Nhiệt đới gió mùa có mùa đông lạnh
712,20,Lạng Sơn,06541,Xã Mẫu Sơn,21.8491782,106.5747589,Bắc Bộ,Nhiệt đới gió mùa có mùa đông lạnh
713,20,Lạng Sơn,06565,Xã Khuất Xá,21.7261833,107.0988544,Bắc Bộ,Nhiệt đới gió mùa có mùa đông lạnh
714,20,Lạng Sơn,06577,Xã Thống Nhất,21.6789639,106.8164704,Bắc Bộ,Nhiệt đới gió mùa có mùa đông lạnh
715,20,Lạng Sơn,06601,Xã Lợi Bác,21.6379349,106.9773283,Bắc Bộ,Nhiệt đới gió mùa có mùa đông lạnh
716,20,Lạng Sơn,06607,Xã Xuân Dương,21.5869701,106.8922931,Bắc Bộ,Nhiệt đới gió mùa có mùa đông lạnh
717,20,Lạng Sơn,06613,Xã Đình Lập,21.5933482,107.0923419,Bắc Bộ,Nhiệt đới gió mùa có mùa đông lạnh
718,20,Lạng Sơn,06616,Xã Thái Bình,21.4503119,106.9730365,Bắc Bộ,Nhiệt đới gió mùa có mùa đông lạnh
719,20,Lạng Sơn,06625,Xã Kiên Mộc,21.6422784,107.2258786,Bắc Bộ,Nhiệt đới gió mùa có mùa đông lạnh
720,20,Lạng Sơn,06637,Xã Châu Sơn,21.4641545,107.1400528,Bắc Bộ,Nhiệt đới gió mùa có mùa đông lạnh
721,22,Quảng Ninh,06652,Phường Hà Tu,20.9684481,107.1593035,Bắc Bộ,Nhiệt đới gió mùa có mùa đông lạnh
722,22,Quảng Ninh,06658,Phường Cao Xanh,20.9744781,107.0811077,Bắc Bộ,Nhiệt đới gió mùa có mùa đông lạnh
723,22,Quảng Ninh,06661,Phường Việt Hưng,20.9948838,106.9715282,Bắc Bộ,Nhiệt đới gió mùa có mùa đông lạnh
724,22,Quảng Ninh,06673,Phường Bãi Cháy,20.9552964,107.0236075,Bắc Bộ,Nhiệt đới gió mùa có mùa đông lạnh
725,22,Quảng Ninh,06676,Phường Hà Lầm,20.9687126,107.1213698,Bắc Bộ,Nhiệt đới gió mùa có mùa đông lạnh
726,22,Quảng Ninh,06685,Phường Hồng Gai,20.9563503,107.0826205,Bắc Bộ,Nhiệt đới gió mùa có mùa đông lạnh
727,22,Quảng Ninh,06688,Phường Hạ Long,20.9472556,107.1164673,Bắc Bộ,Nhiệt đới gió mùa có mùa đông lạnh
728,22,Quảng Ninh,06706,Phường Tuần Châu,20.9729813,106.9320891,Bắc Bộ,Nhiệt đới gió mùa có mùa đông lạnh
729,22,Quảng Ninh,06709,Phường Móng Cái 2,21.1726091,107.2111353,Bắc Bộ,Nhiệt đới gió mùa có mùa đông lạnh
730,22,Quảng Ninh,06712,Phường Móng Cái 1,21.4909263,107.9894473,Bắc Bộ,Nhiệt đới gió mùa có mùa đông lạnh
751,22,Quảng Ninh,06724,Xã Hải Sơn,21.6418721,107.7641836,Bắc Bộ,Nhiệt đới gió mùa có mùa đông lạnh
752,22,Quảng Ninh,06733,Xã Hải Ninh,21.5280522,107.8139053,Bắc Bộ,Nhiệt đới gió mùa có mùa đông lạnh
731,22,Quảng Ninh,06736,Phường Móng Cái 3,21.5429207,107.9034152,Bắc Bộ,Nhiệt đới gió mùa có mùa đông lạnh
753,22,Quảng Ninh,06757,Xã Vĩnh Thực,21.3727843,107.9513049,Bắc Bộ,Nhiệt đới gió mùa có mùa đông lạnh
732,22,Quảng Ninh,06760,Phường Mông Dương,21.0656370,107.3244277,Bắc Bộ,Nhiệt đới gió mùa có mùa đông lạnh
733,22,Quảng Ninh,06778,Phường Quang Hanh,21.0032066,107.2177239,Bắc Bộ,Nhiệt đới gió mùa có mùa đông lạnh
734,22,Quảng Ninh,06781,Phường Cửa Ông,21.0049547,107.3087354,Bắc Bộ,Nhiệt đới gió mùa có mùa đông lạnh
735,22,Quảng Ninh,06793,Phường Cẩm Phả,21.0055337,107.2931781,Bắc Bộ,Nhiệt đới gió mùa có mùa đông lạnh
754,22,Quảng Ninh,06799,Xã Hải Hòa,21.1507452,107.3531115,Bắc Bộ,Nhiệt đới gió mùa có mùa đông lạnh
736,22,Quảng Ninh,06811,Phường Uông Bí,21.0357403,106.7647796,Bắc Bộ,Nhiệt đới gió mùa có mùa đông lạnh
737,22,Quảng Ninh,06820,Phường Vàng Danh,21.0841080,106.8035504,Bắc Bộ,Nhiệt đới gió mùa có mùa đông lạnh
738,22,Quảng Ninh,06832,Phường Yên Tử,21.0442964,106.7111181,Bắc Bộ,Nhiệt đới gió mùa có mùa đông lạnh
755,22,Quảng Ninh,06838,Xã Bình Liêu,21.5196993,107.3655892,Bắc Bộ,Nhiệt đới gió mùa có mùa đông lạnh
756,22,Quảng Ninh,06841,Xã Hoành Mô,21.5956228,107.4887036,Bắc Bộ,Nhiệt đới gió mùa có mùa đông lạnh
757,22,Quảng Ninh,06856,Xã Lục Hồn,21.5580406,107.4355848,Bắc Bộ,Nhiệt đới gió mùa có mùa đông lạnh
758,22,Quảng Ninh,06862,Xã Tiên Yên,21.3316482,107.4003613,Bắc Bộ,Nhiệt đới gió mùa có mùa đông lạnh
759,22,Quảng Ninh,06874,Xã Điền Xá,21.3721824,107.3045548,Bắc Bộ,Nhiệt đới gió mùa có mùa đông lạnh
760,22,Quảng Ninh,06877,Xã Đông Ngũ,21.3362743,107.4841786,Bắc Bộ,Nhiệt đới gió mùa có mùa đông lạnh
761,22,Quảng Ninh,06886,Xã Hải Lạng,21.2828452,107.3749828,Bắc Bộ,Nhiệt đới gió mùa có mùa đông lạnh
762,22,Quảng Ninh,06895,Xã Đầm Hà,21.3537643,107.5914785,Bắc Bộ,Nhiệt đới gió mùa có mùa đông lạnh
763,22,Quảng Ninh,06913,Xã Quảng Tân,21.3614103,107.5825177,Bắc Bộ,Nhiệt đới gió mùa có mùa đông lạnh
764,22,Quảng Ninh,06922,Xã Quảng Hà,21.4504197,107.7377288,Bắc Bộ,Nhiệt đới gió mùa có mùa đông lạnh
765,22,Quảng Ninh,06931,Xã Quảng Đức,21.4821519,107.7502710,Bắc Bộ,Nhiệt đới gió mùa có mùa đông lạnh
766,22,Quảng Ninh,06946,Xã Đường Hoa,21.4894128,107.6296594,Bắc Bộ,Nhiệt đới gió mùa có mùa đông lạnh
767,22,Quảng Ninh,06967,Xã Cái Chiên,21.3239061,107.7694536,Bắc Bộ,Nhiệt đới gió mùa có mùa đông lạnh
768,22,Quảng Ninh,06970,Xã Ba Chẽ,21.2593235,107.2520957,Bắc Bộ,Nhiệt đới gió mùa có mùa đông lạnh
769,22,Quảng Ninh,06979,Xã Kỳ Thượng,21.1952955,107.1194029,Bắc Bộ,Nhiệt đới gió mùa có mùa đông lạnh
770,22,Quảng Ninh,06985,Xã Lương Minh,21.2197697,107.0324987,Bắc Bộ,Nhiệt đới gió mùa có mùa đông lạnh
773,22,Quảng Ninh,06994,Đặc khu Vân Đồn,21.0180885,107.5108313,Bắc Bộ,Nhiệt đới gió mùa có mùa đông lạnh
739,22,Quảng Ninh,07030,Phường Hoành Bồ,21.0259591,106.9921100,Bắc Bộ,Nhiệt đới gió mùa có mùa đông lạnh
771,22,Quảng Ninh,07054,Xã Quảng La,21.0898256,106.8839907,Bắc Bộ,Nhiệt đới gió mùa có mùa đông lạnh
772,22,Quảng Ninh,07060,Xã Thống Nhất,21.0202888,107.1069071,Bắc Bộ,Nhiệt đới gió mùa có mùa đông lạnh
740,22,Quảng Ninh,07069,Phường Mạo Khê,21.0584359,106.5985485,Bắc Bộ,Nhiệt đới gió mùa có mùa đông lạnh
741,22,Quảng Ninh,07081,Phường Bình Khê,21.1073179,106.5836965,Bắc Bộ,Nhiệt đới gió mùa có mùa đông lạnh
742,22,Quảng Ninh,07090,Phường An Sinh,21.1314405,106.5023080,Bắc Bộ,Nhiệt đới gió mùa có mùa đông lạnh
743,22,Quảng Ninh,07093,Phường Đông Triều,21.0836552,106.5138115,Bắc Bộ,Nhiệt đới gió mùa có mùa đông lạnh
744,22,Quảng Ninh,07114,Phường Hoàng Quế,21.0549048,106.6422457,Bắc Bộ,Nhiệt đới gió mùa có mùa đông lạnh
745,22,Quảng Ninh,07132,Phường Quảng Yên,20.9417989,106.8027169,Bắc Bộ,Nhiệt đới gió mùa có mùa đông lạnh
746,22,Quảng Ninh,07135,Phường Đông Mai,21.0044133,106.8468604,Bắc Bộ,Nhiệt đới gió mùa có mùa đông lạnh
747,22,Quảng Ninh,07147,Phường Hiệp Hòa,20.9561797,106.8014109,Bắc Bộ,Nhiệt đới gió mùa có mùa đông lạnh
748,22,Quảng Ninh,07168,Phường Hà An,20.9192943,106.8786171,Bắc Bộ,Nhiệt đới gió mùa có mùa đông lạnh
749,22,Quảng Ninh,07180,Phường Liên Hòa,20.8874436,106.8395387,Bắc Bộ,Nhiệt đới gió mùa có mùa đông lạnh
750,22,Quảng Ninh,07183,Phường Phong Cốc,20.8917081,106.8095164,Bắc Bộ,Nhiệt đới gió mùa có mùa đông lạnh
774,22,Quảng Ninh,07192,Đặc khu Cô Tô,21.1165757,107.8710266,Bắc Bộ,Nhiệt đới gió mùa có mùa đông lạnh
776,24,Bắc Ninh,07210,Phường Bắc Giang,21.2815961,106.1988847,Bắc Bộ,Nhiệt đới gió mùa có mùa đông lạnh
777,24,Bắc Ninh,07228,Phường Đa Mai,21.2938031,106.1737312,Bắc Bộ,Nhiệt đới gió mùa có mùa đông lạnh
809,24,Bắc Ninh,07246,Xã Xuân Lương,21.5818238,106.1023728,Bắc Bộ,Nhiệt đới gió mùa có mùa đông lạnh
810,24,Bắc Ninh,07264,Xã Tam Tiến,21.4916724,106.0717778,Bắc Bộ,Nhiệt đới gió mùa có mùa đông lạnh
811,24,Bắc Ninh,07282,Xã Đồng Kỳ,21.4956928,106.1604057,Bắc Bộ,Nhiệt đới gió mùa có mùa đông lạnh
812,24,Bắc Ninh,07288,Xã Yên Thế,21.4657406,106.1378572,Bắc Bộ,Nhiệt đới gió mùa có mùa đông lạnh
813,24,Bắc Ninh,07294,Xã Bố Hạ,21.4636300,106.1997789,Bắc Bộ,Nhiệt đới gió mùa có mùa đông lạnh
814,24,Bắc Ninh,07306,Xã Nhã Nam,21.4441709,106.0976533,Bắc Bộ,Nhiệt đới gió mùa có mùa đông lạnh
815,24,Bắc Ninh,07330,Xã Phúc Hòa,21.3849639,106.1638960,Bắc Bộ,Nhiệt đới gió mùa có mùa đông lạnh
816,24,Bắc Ninh,07333,Xã Quang Trung,21.4226997,106.0521636,Bắc Bộ,Nhiệt đới gió mùa có mùa đông lạnh
817,24,Bắc Ninh,07339,Xã Tân Yên,21.3671407,106.1298463,Bắc Bộ,Nhiệt đới gió mùa có mùa đông lạnh
818,24,Bắc Ninh,07351,Xã Ngọc Thiện,21.3661894,106.0576035,Bắc Bộ,Nhiệt đới gió mùa có mùa đông lạnh
819,24,Bắc Ninh,07375,Xã Lạng Giang,21.3608722,106.2803853,Bắc Bộ,Nhiệt đới gió mùa có mùa đông lạnh
820,24,Bắc Ninh,07381,Xã Tiên Lục,21.4126445,106.2214287,Bắc Bộ,Nhiệt đới gió mùa có mùa đông lạnh
821,24,Bắc Ninh,07399,Xã Kép,21.4148621,106.2996392,Bắc Bộ,Nhiệt đới gió mùa có mùa đông lạnh
775,24,Bắc Ninh,07420,Xã Mỹ Thái,21.3503789,106.2148326,Bắc Bộ,Nhiệt đới gió mùa có mùa đông lạnh
822,24,Bắc Ninh,07432,Xã Tân Dĩnh,21.2962976,106.2679660,Bắc Bộ,Nhiệt đới gió mùa có mùa đông lạnh
823,24,Bắc Ninh,07444,Xã Lục Nam,21.2973564,106.3822378,Bắc Bộ,Nhiệt đới gió mùa có mùa đông lạnh
824,24,Bắc Ninh,07450,Xã Đông Phú,21.3661768,106.4398146,Bắc Bộ,Nhiệt đới gió mùa có mùa đông lạnh
825,24,Bắc Ninh,07462,Xã Bảo Đài,21.3510269,106.3549769,Bắc Bộ,Nhiệt đới gió mùa có mùa đông lạnh
826,24,Bắc Ninh,07486,Xã Nghĩa Phương,21.2739041,106.4553336,Bắc Bộ,Nhiệt đới gió mùa có mùa đông lạnh
827,24,Bắc Ninh,07489,Xã Trường Sơn,21.2497097,106.5454100,Bắc Bộ,Nhiệt đới gió mùa có mùa đông lạnh
828,24,Bắc Ninh,07492,Xã Lục Sơn,21.2190052,106.6237011,Bắc Bộ,Nhiệt đới gió mùa có mùa đông lạnh
829,24,Bắc Ninh,07498,Xã Bắc Lũng,21.2592739,106.3480584,Bắc Bộ,Nhiệt đới gió mùa có mùa đông lạnh
830,24,Bắc Ninh,07519,Xã Cẩm Lý,21.2092510,106.3601838,Bắc Bộ,Nhiệt đới gió mùa có mùa đông lạnh
778,24,Bắc Ninh,07525,Phường Chũ,21.3861294,106.5837565,Bắc Bộ,Nhiệt đới gió mùa có mùa đông lạnh
831,24,Bắc Ninh,07531,Xã Tân Sơn,21.5706211,106.6159831,Bắc Bộ,Nhiệt đới gió mùa có mùa đông lạnh
832,24,Bắc Ninh,07534,Xã Sa Lý,21.5317390,106.7793456,Bắc Bộ,Nhiệt đới gió mùa có mùa đông lạnh
833,24,Bắc Ninh,07537,Xã Biên Sơn,21.4536351,106.6409849,Bắc Bộ,Nhiệt đới gió mùa có mùa đông lạnh
834,24,Bắc Ninh,07543,Xã Sơn Hải,21.5106049,106.5803302,Bắc Bộ,Nhiệt đới gió mùa có mùa đông lạnh
835,24,Bắc Ninh,07552,Xã Kiên Lao,21.4382519,106.5240743,Bắc Bộ,Nhiệt đới gió mùa có mùa đông lạnh
836,24,Bắc Ninh,07573,Xã Biển Động,21.3885901,106.7523585,Bắc Bộ,Nhiệt đới gió mùa có mùa đông lạnh
837,24,Bắc Ninh,07582,Xã Lục Ngạn,21.3918148,106.6828253,Bắc Bộ,Nhiệt đới gió mùa có mùa đông lạnh
838,24,Bắc Ninh,07594,Xã Đèo Gia,21.3015940,106.6760288,Bắc Bộ,Nhiệt đới gió mùa có mùa đông lạnh
839,24,Bắc Ninh,07603,Xã Nam Dương,21.3133013,106.5863935,Bắc Bộ,Nhiệt đới gió mùa có mùa đông lạnh
779,24,Bắc Ninh,07612,Phường Phượng Sơn,21.3616575,106.5103102,Bắc Bộ,Nhiệt đới gió mùa có mùa đông lạnh
840,24,Bắc Ninh,07615,Xã Sơn Động,21.3241986,106.8466018,Bắc Bộ,Nhiệt đới gió mùa có mùa đông lạnh
841,24,Bắc Ninh,07616,Xã Tây Yên Tử,21.2149007,106.7646805,Bắc Bộ,Nhiệt đới gió mùa có mùa đông lạnh
842,24,Bắc Ninh,07621,Xã Vân Sơn,21.3990195,106.9392373,Bắc Bộ,Nhiệt đới gió mùa có mùa đông lạnh
843,24,Bắc Ninh,07627,Xã Đại Sơn,21.4004523,106.8167230,Bắc Bộ,Nhiệt đới gió mùa có mùa đông lạnh
844,24,Bắc Ninh,07642,Xã Yên Định,21.3440405,106.7908479,Bắc Bộ,Nhiệt đới gió mùa có mùa đông lạnh
845,24,Bắc Ninh,07654,Xã An Lạc,21.3243274,106.9454940,Bắc Bộ,Nhiệt đới gió mùa có mùa đông lạnh
846,24,Bắc Ninh,07663,Xã Tuấn Đạo,21.2718320,106.7680853,Bắc Bộ,Nhiệt đới gió mùa có mùa đông lạnh
847,24,Bắc Ninh,07672,Xã Dương Hưu,21.2293648,106.9051606,Bắc Bộ,Nhiệt đới gió mùa có mùa đông lạnh
780,24,Bắc Ninh,07681,Phường Yên Dũng,21.1965221,106.2179041,Bắc Bộ,Nhiệt đới gió mùa có mùa đông lạnh
781,24,Bắc Ninh,07682,Phường Tân An,21.2492804,106.2971478,Bắc Bộ,Nhiệt đới gió mùa có mùa đông lạnh
782,24,Bắc Ninh,07696,Phường Tiền Phong,21.2400173,106.1757505,Bắc Bộ,Nhiệt đới gió mùa có mùa đông lạnh
783,24,Bắc Ninh,07699,Phường Tân Tiến,21.2560082,106.2418779,Bắc Bộ,Nhiệt đới gió mùa có mùa đông lạnh
848,24,Bắc Ninh,07735,Xã Đồng Việt,21.1560031,106.2888806,Bắc Bộ,Nhiệt đới gió mùa có mùa đông lạnh
784,24,Bắc Ninh,07738,Phường Cảnh Thụy,21.2529854,106.2655843,Bắc Bộ,Nhiệt đới gió mùa có mùa đông lạnh
785,24,Bắc Ninh,07774,Phường Tự Lạn,21.3111239,106.0591507,Bắc Bộ,Nhiệt đới gió mùa có mùa đông lạnh
786,24,Bắc Ninh,07777,Phường Việt Yên,21.2960620,106.1308134,Bắc Bộ,Nhiệt đới gió mùa có mùa đông lạnh
787,24,Bắc Ninh,07795,Phường Nếnh,21.2329503,106.1196697,Bắc Bộ,Nhiệt đới gió mùa có mùa đông lạnh
788,24,Bắc Ninh,07798,Phường Vân Hà,21.2477125,106.0618346,Bắc Bộ,Nhiệt đới gió mùa có mùa đông lạnh
849,24,Bắc Ninh,07822,Xã Hoàng Vân,21.3903396,105.9801135,Bắc Bộ,Nhiệt đới gió mùa có mùa đông lạnh
850,24,Bắc Ninh,07840,Xã Hiệp Hòa,21.3105385,106.0064874,Bắc Bộ,Nhiệt đới gió mùa có mùa đông lạnh
851,24,Bắc Ninh,07864,Xã Hợp Thịnh,21.3384791,105.9273328,Bắc Bộ,Nhiệt đới gió mùa có mùa đông lạnh
852,24,Bắc Ninh,07870,Xã Xuân Cẩm,21.2682204,105.9586278,Bắc Bộ,Nhiệt đới gió mùa có mùa đông lạnh
789,24,Bắc Ninh,09169,Phường Vũ Ninh,21.1876555,106.0857663,Bắc Bộ,Nhiệt đới gió mùa có mùa đông lạnh
790,24,Bắc Ninh,09187,Phường Kinh Bắc,21.2004631,106.0553176,Bắc Bộ,Nhiệt đới gió mùa có mùa đông lạnh
791,24,Bắc Ninh,09190,Phường Võ Cường,21.1646219,106.0543238,Bắc Bộ,Nhiệt đới gió mùa có mùa đông lạnh
853,24,Bắc Ninh,09193,Xã Yên Phong,21.1951036,105.9798526,Bắc Bộ,Nhiệt đới gió mùa có mùa đông lạnh
854,24,Bắc Ninh,09202,Xã Tam Giang,21.2214595,105.9320473,Bắc Bộ,Nhiệt đới gió mùa có mùa đông lạnh
855,24,Bắc Ninh,09205,Xã Yên Trung,21.2303034,105.9987577,Bắc Bộ,Nhiệt đới gió mùa có mùa đông lạnh
856,24,Bắc Ninh,09208,Xã Tam Đa,21.2529854,106.2655843,Bắc Bộ,Nhiệt đới gió mùa có mùa đông lạnh
857,24,Bắc Ninh,09238,Xã Văn Môn,21.1786659,105.9362466,Bắc Bộ,Nhiệt đới gió mùa có mùa đông lạnh
792,24,Bắc Ninh,09247,Phường Quế Võ,21.1617563,106.1611547,Bắc Bộ,Nhiệt đới gió mùa có mùa đông lạnh
793,24,Bắc Ninh,09253,Phường Nhân Hòa,21.1912166,106.1403305,Bắc Bộ,Nhiệt đới gió mùa có mùa đông lạnh
794,24,Bắc Ninh,09265,Phường Phương Liễu,21.1663689,106.1160706,Bắc Bộ,Nhiệt đới gió mùa có mùa đông lạnh
795,24,Bắc Ninh,09286,Phường Nam Sơn,21.1483802,106.1032131,Bắc Bộ,Nhiệt đới gió mùa có mùa đông lạnh
858,24,Bắc Ninh,09292,Xã Phù Lãng,21.1324069,106.2535138,Bắc Bộ,Nhiệt đới gió mùa có mùa đông lạnh
796,24,Bắc Ninh,09295,Phường Bồng Lai,21.1223037,106.1683859,Bắc Bộ,Nhiệt đới gió mùa có mùa đông lạnh
797,24,Bắc Ninh,09301,Phường Đào Viên,21.1333054,106.2115926,Bắc Bộ,Nhiệt đới gió mùa có mùa đông lạnh
859,24,Bắc Ninh,09313,Xã Chi Lăng,21.1034571,106.1202567,Bắc Bộ,Nhiệt đới gió mùa có mùa đông lạnh
860,24,Bắc Ninh,09319,Xã Tiên Du,21.1573477,106.0138026,Bắc Bộ,Nhiệt đới gió mùa có mùa đông lạnh
798,24,Bắc Ninh,09325,Phường Hạp Lĩnh,21.1401003,106.0669402,Bắc Bộ,Nhiệt đới gió mùa có mùa đông lạnh
861,24,Bắc Ninh,09334,Xã Liên Bão,21.1181336,106.0372281,Bắc Bộ,Nhiệt đới gió mùa có mùa đông lạnh
862,24,Bắc Ninh,09340,Xã Đại Đồng,21.0950606,105.9977460,Bắc Bộ,Nhiệt đới gió mùa có mùa đông lạnh
863,24,Bắc Ninh,09343,Xã Tân Chi,21.1036621,106.0848926,Bắc Bộ,Nhiệt đới gió mùa có mùa đông lạnh
864,24,Bắc Ninh,09349,Xã Phật Tích,21.0883758,106.0418110,Bắc Bộ,Nhiệt đới gió mùa có mùa đông lạnh
799,24,Bắc Ninh,09367,Phường Từ Sơn,21.1024293,105.9594001,Bắc Bộ,Nhiệt đới gió mùa có mùa đông lạnh
800,24,Bắc Ninh,09370,Phường Tam Sơn,21.1509101,105.9811328,Bắc Bộ,Nhiệt đới gió mùa có mùa đông lạnh
801,24,Bắc Ninh,09379,Phường Phù Khê,21.2529854,106.2655843,Bắc Bộ,Nhiệt đới gió mùa có mùa đông lạnh
802,24,Bắc Ninh,09385,Phường Đồng Nguyên,21.1301252,105.9620061,Bắc Bộ,Nhiệt đới gió mùa có mùa đông lạnh
803,24,Bắc Ninh,09400,Phường Thuận Thành,21.0518308,106.0837590,Bắc Bộ,Nhiệt đới gió mùa có mùa đông lạnh
804,24,Bắc Ninh,09409,Phường Mão Điền,21.0622050,106.1214423,Bắc Bộ,Nhiệt đới gió mùa có mùa đông lạnh
805,24,Bắc Ninh,09427,Phường Trí Quả,21.0503523,106.0398997,Bắc Bộ,Nhiệt đới gió mùa có mùa đông lạnh
806,24,Bắc Ninh,09430,Phường Trạm Lộ,21.0182274,106.1247965,Bắc Bộ,Nhiệt đới gió mùa có mùa đông lạnh
807,24,Bắc Ninh,09433,Phường Song Liễu,21.0163505,106.0270519,Bắc Bộ,Nhiệt đới gió mùa có mùa đông lạnh
808,24,Bắc Ninh,09445,Phường Ninh Xá,21.0109773,106.0816592,Bắc Bộ,Nhiệt đới gió mùa có mùa đông lạnh
865,24,Bắc Ninh,09454,Xã Gia Bình,21.2529854,106.2655843,Bắc Bộ,Nhiệt đới gió mùa có mùa đông lạnh
866,24,Bắc Ninh,09466,Xã Cao Đức,21.0912481,106.2770346,Bắc Bộ,Nhiệt đới gió mùa có mùa đông lạnh
867,24,Bắc Ninh,09469,Xã Đại Lai,21.0883447,106.1961471,Bắc Bộ,Nhiệt đới gió mùa có mùa đông lạnh
868,24,Bắc Ninh,09475,Xã Nhân Thắng,21.0792491,106.2445459,Bắc Bộ,Nhiệt đới gió mùa có mùa đông lạnh
869,24,Bắc Ninh,09487,Xã Đông Cứu,21.0795449,106.1536570,Bắc Bộ,Nhiệt đới gió mùa có mùa đông lạnh
870,24,Bắc Ninh,09496,Xã Lương Tài,21.0318086,106.2221777,Bắc Bộ,Nhiệt đới gió mùa có mùa đông lạnh
871,24,Bắc Ninh,09499,Xã Trung Kênh,21.0442312,106.2798265,Bắc Bộ,Nhiệt đới gió mùa có mùa đông lạnh
872,24,Bắc Ninh,09523,Xã Trung Chính,21.0117292,106.2344936,Bắc Bộ,Nhiệt đới gió mùa có mùa đông lạnh
873,24,Bắc Ninh,09529,Xã Lâm Thao,21.0046899,106.1674790,Bắc Bộ,Nhiệt đới gió mùa có mùa đông lạnh
875,25,Phú Thọ,04792,Phường Tân Hòa,20.8682649,105.3176913,Bắc Bộ,Nhiệt đới gió mùa có mùa đông lạnh
876,25,Phú Thọ,04795,Phường Hòa Bình,20.8435229,105.3598289,Bắc Bộ,Nhiệt đới gió mùa có mùa đông lạnh
877,25,Phú Thọ,04828,Phường Thống Nhất,20.7796430,105.3369384,Bắc Bộ,Nhiệt đới gió mùa có mùa đông lạnh
890,25,Phú Thọ,04831,Xã Đà Bắc,20.8722477,105.2466580,Bắc Bộ,Nhiệt đới gió mùa có mùa đông lạnh
891,25,Phú Thọ,04846,Xã Đức Nhàn,21.0394262,104.9061665,Bắc Bộ,Nhiệt đới gió mùa có mùa đông lạnh
892,25,Phú Thọ,04849,Xã Tân Pheo,20.9858024,105.0351514,Bắc Bộ,Nhiệt đới gió mùa có mùa đông lạnh
893,25,Phú Thọ,04873,Xã Quy Đức,20.8829564,105.0592891,Bắc Bộ,Nhiệt đới gió mùa có mùa đông lạnh
894,25,Phú Thọ,04876,Xã Cao Sơn,20.8853784,105.1637316,Bắc Bộ,Nhiệt đới gió mùa có mùa đông lạnh
895,25,Phú Thọ,04891,Xã Tiền Phong,20.8009267,105.1877174,Bắc Bộ,Nhiệt đới gió mùa có mùa đông lạnh
878,25,Phú Thọ,04894,Phường Kỳ Sơn,20.8689340,105.4034043,Bắc Bộ,Nhiệt đới gió mùa có mùa đông lạnh
896,25,Phú Thọ,04897,Xã Thịnh Minh,20.9720272,105.3839494,Bắc Bộ,Nhiệt đới gió mùa có mùa đông lạnh
897,25,Phú Thọ,04924,Xã Lương Sơn,20.8942117,105.5052442,Bắc Bộ,Nhiệt đới gió mùa có mùa đông lạnh
898,25,Phú Thọ,04960,Xã Liên Sơn,20.8240283,105.5042361,Bắc Bộ,Nhiệt đới gió mùa có mùa đông lạnh
874,25,Phú Thọ,04978,Xã Kim Bôi,20.6605115,105.5268573,Bắc Bộ,Nhiệt đới gió mùa có mùa đông lạnh
899,25,Phú Thọ,04990,Xã Nật Sơn,20.7457753,105.5263491,Bắc Bộ,Nhiệt đới gió mùa có mùa đông lạnh
900,25,Phú Thọ,05014,Xã Mường Động,20.6892728,105.4448413,Bắc Bộ,Nhiệt đới gió mùa có mùa đông lạnh
901,25,Phú Thọ,05047,Xã Cao Dương,20.6949649,105.6417968,Bắc Bộ,Nhiệt đới gió mùa có mùa đông lạnh
902,25,Phú Thọ,05068,Xã Hợp Kim,20.6492831,105.5861992,Bắc Bộ,Nhiệt đới gió mùa có mùa đông lạnh
903,25,Phú Thọ,05086,Xã Dũng Tiến,20.5709582,105.5661754,Bắc Bộ,Nhiệt đới gió mùa có mùa đông lạnh
904,25,Phú Thọ,05089,Xã Cao Phong,20.7052245,105.3577144,Bắc Bộ,Nhiệt đới gió mùa có mùa đông lạnh
905,25,Phú Thọ,05092,Xã Thung Nai,20.7418290,105.2671593,Bắc Bộ,Nhiệt đới gió mùa có mùa đông lạnh
906,25,Phú Thọ,05116,Xã Mường Thàng,20.6538841,105.3457012,Bắc Bộ,Nhiệt đới gió mùa có mùa đông lạnh
907,25,Phú Thọ,05128,Xã Tân Lạc,20.5825108,105.3223034,Bắc Bộ,Nhiệt đới gió mùa có mùa đông lạnh
908,25,Phú Thọ,05134,Xã Mường Hoa,20.7106647,105.2060049,Bắc Bộ,Nhiệt đới gió mùa có mùa đông lạnh
909,25,Phú Thọ,05152,Xã Vân Sơn,20.5420381,105.1902816,Bắc Bộ,Nhiệt đới gió mùa có mùa đông lạnh
910,25,Phú Thọ,05158,Xã Mường Bi,20.6511601,105.1758276,Bắc Bộ,Nhiệt đới gió mùa có mùa đông lạnh
911,25,Phú Thọ,05191,Xã Toàn Thắng,20.5547697,105.2437884,Bắc Bộ,Nhiệt đới gió mùa có mùa đông lạnh
912,25,Phú Thọ,05200,Xã Mai Châu,20.6509885,105.1139971,Bắc Bộ,Nhiệt đới gió mùa có mùa đông lạnh
913,25,Phú Thọ,05206,Xã Tân Mai,20.7855903,105.0536055,Bắc Bộ,Nhiệt đới gió mùa có mùa đông lạnh
914,25,Phú Thọ,05212,Xã Pà Cò,20.7093109,104.8897667,Bắc Bộ,Nhiệt đới gió mùa có mùa đông lạnh
915,25,Phú Thọ,05245,Xã Bao La,20.6448794,104.9768883,Bắc Bộ,Nhiệt đới gió mùa có mùa đông lạnh
916,25,Phú Thọ,05251,Xã Mai Hạ,20.6102248,105.0571603,Bắc Bộ,Nhiệt đới gió mùa có mùa đông lạnh
917,25,Phú Thọ,05266,Xã Lạc Sơn,20.4503184,105.4871221,Bắc Bộ,Nhiệt đới gió mùa có mùa đông lạnh
918,25,Phú Thọ,05287,Xã Mường Vang,20.5824170,105.4614581,Bắc Bộ,Nhiệt đới gió mùa có mùa đông lạnh
919,25,Phú Thọ,05290,Xã Nhân Nghĩa,20.5538575,105.5166823,Bắc Bộ,Nhiệt đới gió mùa có mùa đông lạnh
920,25,Phú Thọ,05293,Xã Thượng Cốc,20.5423351,105.3934928,Bắc Bộ,Nhiệt đới gió mùa có mùa đông lạnh
921,25,Phú Thọ,05305,Xã Yên Phú,20.4867974,105.4920759,Bắc Bộ,Nhiệt đới gió mùa có mùa đông lạnh
922,25,Phú Thọ,05323,Xã Quyết Thắng,20.4741212,105.3624521,Bắc Bộ,Nhiệt đới gió mùa có mùa đông lạnh
923,25,Phú Thọ,05329,Xã Ngọc Sơn,20.4245744,105.3606466,Bắc Bộ,Nhiệt đới gió mùa có mùa đông lạnh
924,25,Phú Thọ,05347,Xã Đại Đồng,20.4027272,105.4975557,Bắc Bộ,Nhiệt đới gió mùa có mùa đông lạnh
925,25,Phú Thọ,05353,Xã Yên Thủy,20.3857759,105.6009202,Bắc Bộ,Nhiệt đới gió mùa có mùa đông lạnh
926,25,Phú Thọ,05362,Xã Lạc Lương,20.4789956,105.6284767,Bắc Bộ,Nhiệt đới gió mùa có mùa đông lạnh
927,25,Phú Thọ,05386,Xã Yên Trị,20.3720972,105.6830930,Bắc Bộ,Nhiệt đới gió mùa có mùa đông lạnh
928,25,Phú Thọ,05392,Xã Lạc Thủy,20.4767388,105.7968260,Bắc Bộ,Nhiệt đới gió mùa có mùa đông lạnh
929,25,Phú Thọ,05395,Xã An Nghĩa,20.5665973,105.7232647,Bắc Bộ,Nhiệt đới gió mùa có mùa đông lạnh
930,25,Phú Thọ,05425,Xã An Bình,20.4604025,105.7079290,Bắc Bộ,Nhiệt đới gió mùa có mùa đông lạnh
879,25,Phú Thọ,07894,Phường Nông Trang,21.3268648,105.3603901,Bắc Bộ,Nhiệt đới gió mùa có mùa đông lạnh
880,25,Phú Thọ,07900,Phường Việt Trì,21.1320609,105.3191709,Bắc Bộ,Nhiệt đới gió mùa có mùa đông lạnh
881,25,Phú Thọ,07909,Phường Thanh Miếu,21.2948077,105.4310195,Bắc Bộ,Nhiệt đới gió mùa có mùa đông lạnh
882,25,Phú Thọ,07918,Phường Vân Phú,21.3681899,105.3677497,Bắc Bộ,Nhiệt đới gió mùa có mùa đông lạnh
883,25,Phú Thọ,07942,Phường Phú Thọ,21.4323735,105.2303589,Bắc Bộ,Nhiệt đới gió mùa có mùa đông lạnh
884,25,Phú Thọ,07948,Phường Âu Cơ,21.3930005,105.2081397,Bắc Bộ,Nhiệt đới gió mùa có mùa đông lạnh
885,25,Phú Thọ,07954,Phường Phong Châu,21.4209577,105.2623713,Bắc Bộ,Nhiệt đới gió mùa có mùa đông lạnh
931,25,Phú Thọ,07969,Xã Đoan Hùng,21.6181495,105.1831278,Bắc Bộ,Nhiệt đới gió mùa có mùa đông lạnh
932,25,Phú Thọ,07996,Xã Bằng Luân,21.6495976,105.0491110,Bắc Bộ,Nhiệt đới gió mùa có mùa đông lạnh
933,25,Phú Thọ,07999,Xã Chí Đám,21.6751039,105.1664211,Bắc Bộ,Nhiệt đới gió mùa có mùa đông lạnh
934,25,Phú Thọ,08023,Xã Tây Cốc,21.6259791,105.1302163,Bắc Bộ,Nhiệt đới gió mùa có mùa đông lạnh
935,25,Phú Thọ,08038,Xã Chân Mộng,21.5572114,105.2124634,Bắc Bộ,Nhiệt đới gió mùa có mùa đông lạnh
936,25,Phú Thọ,08053,Xã Hạ Hòa,21.5829602,105.0326344,Bắc Bộ,Nhiệt đới gió mùa có mùa đông lạnh
937,25,Phú Thọ,08071,Xã Đan Thượng,21.1320609,105.3191709,Bắc Bộ,Nhiệt đới gió mùa có mùa đông lạnh
938,25,Phú Thọ,08110,Xã Hiền Lương,21.5726820,104.9460825,Bắc Bộ,Nhiệt đới gió mùa có mùa đông lạnh
939,25,Phú Thọ,08113,Xã Yên Kỳ,21.5583231,105.0909192,Bắc Bộ,Nhiệt đới gió mùa có mùa đông lạnh
940,25,Phú Thọ,08134,Xã Văn Lang,21.5201023,104.9797783,Bắc Bộ,Nhiệt đới gió mùa có mùa đông lạnh
941,25,Phú Thọ,08143,Xã Vĩnh Chân,21.5230138,105.0462449,Bắc Bộ,Nhiệt đới gió mùa có mùa đông lạnh
942,25,Phú Thọ,08152,Xã Thanh Ba,21.5289975,105.1145590,Bắc Bộ,Nhiệt đới gió mùa có mùa đông lạnh
943,25,Phú Thọ,08173,Xã Quảng Yên,21.5156793,105.1676766,Bắc Bộ,Nhiệt đới gió mùa có mùa đông lạnh
944,25,Phú Thọ,08203,Xã Hoàng Cương,21.4682772,105.1322442,Bắc Bộ,Nhiệt đới gió mùa có mùa đông lạnh
945,25,Phú Thọ,08209,Xã Đông Thành,21.4534936,105.1960548,Bắc Bộ,Nhiệt đới gió mùa có mùa đông lạnh
946,25,Phú Thọ,08218,Xã Chí Tiên,21.4222180,105.1662414,Bắc Bộ,Nhiệt đới gió mùa có mùa đông lạnh
947,25,Phú Thọ,08227,Xã Liên Minh,21.3587147,105.1995709,Bắc Bộ,Nhiệt đới gió mùa có mùa đông lạnh
948,25,Phú Thọ,08230,Xã Phù Ninh,21.4164551,105.3040902,Bắc Bộ,Nhiệt đới gió mùa có mùa đông lạnh
949,25,Phú Thọ,08236,Xã Phú Mỹ,21.5139422,105.2688388,Bắc Bộ,Nhiệt đới gió mùa có mùa đông lạnh
950,25,Phú Thọ,08245,Xã Trạm Thản,21.4815302,105.2617497,Bắc Bộ,Nhiệt đới gió mùa có mùa đông lạnh
951,25,Phú Thọ,08254,Xã Dân Chủ,21.4731229,105.3087838,Bắc Bộ,Nhiệt đới gió mùa có mùa đông lạnh
952,25,Phú Thọ,08275,Xã Bình Phú,21.4152330,105.3645132,Bắc Bộ,Nhiệt đới gió mùa có mùa đông lạnh
953,25,Phú Thọ,08290,Xã Yên Lập,21.3314600,105.0807639,Bắc Bộ,Nhiệt đới gió mùa có mùa đông lạnh
954,25,Phú Thọ,08296,Xã Sơn Lương,21.4763968,104.9377444,Bắc Bộ,Nhiệt đới gió mùa có mùa đông lạnh
955,25,Phú Thọ,08305,Xã Xuân Viên,21.4029828,104.9843277,Bắc Bộ,Nhiệt đới gió mùa có mùa đông lạnh
956,25,Phú Thọ,08311,Xã Trung Sơn,21.3528884,104.9471684,Bắc Bộ,Nhiệt đới gió mùa có mùa đông lạnh
957,25,Phú Thọ,08323,Xã Thượng Long,21.3194228,105.0119884,Bắc Bộ,Nhiệt đới gió mùa có mùa đông lạnh
958,25,Phú Thọ,08338,Xã Minh Hòa,21.2576789,105.1125116,Bắc Bộ,Nhiệt đới gió mùa có mùa đông lạnh
959,25,Phú Thọ,08341,Xã Cẩm Khê,21.4356776,105.1043233,Bắc Bộ,Nhiệt đới gió mùa có mùa đông lạnh
960,25,Phú Thọ,08344,Xã Tiên Lương,21.4602465,105.0269660,Bắc Bộ,Nhiệt đới gió mùa có mùa đông lạnh
961,25,Phú Thọ,08377,Xã Vân Bán,21.4195400,105.0408865,Bắc Bộ,Nhiệt đới gió mùa có mùa đông lạnh
962,25,Phú Thọ,08398,Xã Phú Khê,21.3867292,105.0974694,Bắc Bộ,Nhiệt đới gió mùa có mùa đông lạnh
963,25,Phú Thọ,08416,Xã Hùng Việt,21.3605789,105.1414701,Bắc Bộ,Nhiệt đới gió mùa có mùa đông lạnh
964,25,Phú Thọ,08431,Xã Đồng Lương,21.3126985,105.1580837,Bắc Bộ,Nhiệt đới gió mùa có mùa đông lạnh
965,25,Phú Thọ,08434,Xã Tam Nông,21.2525455,105.2932250,Bắc Bộ,Nhiệt đới gió mùa có mùa đông lạnh
966,25,Phú Thọ,08443,Xã Hiền Quan,21.3629661,105.2361762,Bắc Bộ,Nhiệt đới gió mùa có mùa đông lạnh
967,25,Phú Thọ,08467,Xã Vạn Xuân,21.3020502,105.2268045,Bắc Bộ,Nhiệt đới gió mùa có mùa đông lạnh
968,25,Phú Thọ,08479,Xã Thọ Văn,21.2533513,105.2464902,Bắc Bộ,Nhiệt đới gió mùa có mùa đông lạnh
969,25,Phú Thọ,08494,Xã Lâm Thao,21.3378728,105.2832142,Bắc Bộ,Nhiệt đới gió mùa có mùa đông lạnh
970,25,Phú Thọ,08500,Xã Xuân Lũng,21.3783949,105.2818212,Bắc Bộ,Nhiệt đới gió mùa có mùa đông lạnh
971,25,Phú Thọ,08515,Xã Hy Cương,21.3492378,105.3182212,Bắc Bộ,Nhiệt đới gió mùa có mùa đông lạnh
972,25,Phú Thọ,08521,Xã Phùng Nguyên,21.2944582,105.2911432,Bắc Bộ,Nhiệt đới gió mùa có mùa đông lạnh
973,25,Phú Thọ,08527,Xã Bản Nguyên,21.2815026,105.3425496,Bắc Bộ,Nhiệt đới gió mùa có mùa đông lạnh
974,25,Phú Thọ,08542,Xã Thanh Sơn,21.2008157,105.2011766,Bắc Bộ,Nhiệt đới gió mùa có mùa đông lạnh
975,25,Phú Thọ,08545,Xã Thu Cúc,21.3077808,104.8908716,Bắc Bộ,Nhiệt đới gió mùa có mùa đông lạnh
976,25,Phú Thọ,08560,Xã Lai Đồng,21.2124556,104.9130807,Bắc Bộ,Nhiệt đới gió mùa có mùa đông lạnh
977,25,Phú Thọ,08566,Xã Tân Sơn,21.2437074,105.0178755,Bắc Bộ,Nhiệt đới gió mùa có mùa đông lạnh
978,25,Phú Thọ,08584,Xã Võ Miếu,21.1615921,105.1374910,Bắc Bộ,Nhiệt đới gió mùa có mùa đông lạnh
979,25,Phú Thọ,08590,Xã Xuân Đài,21.1084748,104.9750780,Bắc Bộ,Nhiệt đới gió mùa có mùa đông lạnh
980,25,Phú Thọ,08593,Xã Minh Đài,21.1819318,105.0632971,Bắc Bộ,Nhiệt đới gió mùa có mùa đông lạnh
981,25,Phú Thọ,08611,Xã Văn Miếu,21.0575874,105.1735854,Bắc Bộ,Nhiệt đới gió mùa có mùa đông lạnh
982,25,Phú Thọ,08614,Xã Cự Đồng,21.1191215,105.2449321,Bắc Bộ,Nhiệt đới gió mùa có mùa đông lạnh
983,25,Phú Thọ,08620,Xã Long Cốc,21.0963597,105.0795806,Bắc Bộ,Nhiệt đới gió mùa có mùa đông lạnh
984,25,Phú Thọ,08632,Xã Hương Cần,21.0160418,105.2574646,Bắc Bộ,Nhiệt đới gió mùa có mùa đông lạnh
985,25,Phú Thọ,08635,Xã Khả Cửu,21.0065219,105.1208005,Bắc Bộ,Nhiệt đới gió mùa có mùa đông lạnh
986,25,Phú Thọ,08656,Xã Yên Sơn,20.9661858,105.3004115,Bắc Bộ,Nhiệt đới gió mùa có mùa đông lạnh
987,25,Phú Thọ,08662,Xã Đào Xá,21.2112808,105.2872554,Bắc Bộ,Nhiệt đới gió mùa có mùa đông lạnh
988,25,Phú Thọ,08674,Xã Thanh Thủy,21.1499362,105.2668401,Bắc Bộ,Nhiệt đới gió mùa có mùa đông lạnh
989,25,Phú Thọ,08686,Xã Tu Vũ,21.0660401,105.2774746,Bắc Bộ,Nhiệt đới gió mùa có mùa đông lạnh
886,25,Phú Thọ,08707,Phường Vĩnh Yên,21.2971727,105.5705848,Bắc Bộ,Nhiệt đới gió mùa có mùa đông lạnh
887,25,Phú Thọ,08716,Phường Vĩnh Phúc,21.3169419,105.6047367,Bắc Bộ,Nhiệt đới gió mùa có mùa đông lạnh
888,25,Phú Thọ,08740,Phường Phúc Yên,21.2455928,105.7061019,Bắc Bộ,Nhiệt đới gió mùa có mùa đông lạnh
889,25,Phú Thọ,08746,Phường Xuân Hòa,21.3413717,105.7440702,Bắc Bộ,Nhiệt đới gió mùa có mùa đông lạnh
990,25,Phú Thọ,08761,Xã Lập Thạch,21.4251423,105.4677537,Bắc Bộ,Nhiệt đới gió mùa có mùa đông lạnh
991,25,Phú Thọ,08770,Xã Hợp Lý,21.4935548,105.4632021,Bắc Bộ,Nhiệt đới gió mùa có mùa đông lạnh
992,25,Phú Thọ,08773,Xã Yên Lãng,21.4928365,105.3901005,Bắc Bộ,Nhiệt đới gió mùa có mùa đông lạnh
993,25,Phú Thọ,08782,Xã Hải Lựu,21.4625716,105.3574137,Bắc Bộ,Nhiệt đới gió mùa có mùa đông lạnh
994,25,Phú Thọ,08788,Xã Thái Hòa,21.4551607,105.5075637,Bắc Bộ,Nhiệt đới gió mùa có mùa đông lạnh
995,25,Phú Thọ,08812,Xã Liên Hòa,21.4149565,105.5124006,Bắc Bộ,Nhiệt đới gió mùa có mùa đông lạnh
996,25,Phú Thọ,08824,Xã Tam Sơn,21.4386671,105.4173115,Bắc Bộ,Nhiệt đới gió mùa có mùa đông lạnh
997,25,Phú Thọ,08842,Xã Tiên Lữ,21.1320609,105.3191709,Bắc Bộ,Nhiệt đới gió mùa có mùa đông lạnh
998,25,Phú Thọ,08848,Xã Sông Lô,21.3754357,105.4208361,Bắc Bộ,Nhiệt đới gió mùa có mùa đông lạnh
999,25,Phú Thọ,08866,Xã Sơn Đông,21.3290507,105.4664324,Bắc Bộ,Nhiệt đới gió mùa có mùa đông lạnh
1000,25,Phú Thọ,08869,Xã Tam Dương,21.3709856,105.5751202,Bắc Bộ,Nhiệt đới gió mùa có mùa đông lạnh
1001,25,Phú Thọ,08872,Xã Tam Dương Bắc,21.4374306,105.5876443,Bắc Bộ,Nhiệt đới gió mùa có mùa đông lạnh
1002,25,Phú Thọ,08896,Xã Hoàng An,21.3608094,105.5226519,Bắc Bộ,Nhiệt đới gió mùa có mùa đông lạnh
1003,25,Phú Thọ,08905,Xã Hội Thịnh,21.3180369,105.5457323,Bắc Bộ,Nhiệt đới gió mùa có mùa đông lạnh
1004,25,Phú Thọ,08911,Xã Tam Đảo,21.4035422,105.6371825,Bắc Bộ,Nhiệt đới gió mùa có mùa đông lạnh
1005,25,Phú Thọ,08914,Xã Đạo Trù,21.5207429,105.5524523,Bắc Bộ,Nhiệt đới gió mùa có mùa đông lạnh
1006,25,Phú Thọ,08923,Xã Đại Đình,21.4643961,105.5707045,Bắc Bộ,Nhiệt đới gió mùa có mùa đông lạnh
1007,25,Phú Thọ,08935,Xã Bình Nguyên,21.2788689,105.6560777,Bắc Bộ,Nhiệt đới gió mùa có mùa đông lạnh
1008,25,Phú Thọ,08944,Xã Bình Tuyền,21.3639721,105.6861442,Bắc Bộ,Nhiệt đới gió mùa có mùa đông lạnh
1009,25,Phú Thọ,08950,Xã Bình Xuyên,21.3430555,105.6493921,Bắc Bộ,Nhiệt đới gió mùa có mùa đông lạnh
1010,25,Phú Thọ,08971,Xã Xuân Lãng,21.2457338,105.6439752,Bắc Bộ,Nhiệt đới gió mùa có mùa đông lạnh
1011,25,Phú Thọ,09025,Xã Yên Lạc,21.2562358,105.5915868,Bắc Bộ,Nhiệt đới gió mùa có mùa đông lạnh
1012,25,Phú Thọ,09040,Xã Tề Lỗ,21.2605253,105.5465882,Bắc Bộ,Nhiệt đới gió mùa có mùa đông lạnh
1013,25,Phú Thọ,09043,Xã Tam Hồng,21.2153005,105.5686214,Bắc Bộ,Nhiệt đới gió mùa có mùa đông lạnh
1014,25,Phú Thọ,09052,Xã Nguyệt Đức,21.2033020,105.6100376,Bắc Bộ,Nhiệt đới gió mùa có mùa đông lạnh
1015,25,Phú Thọ,09064,Xã Liên Châu,21.1795812,105.5580114,Bắc Bộ,Nhiệt đới gió mùa có mùa đông lạnh
1016,25,Phú Thọ,09076,Xã Vĩnh Tường,21.2282007,105.5199071,Bắc Bộ,Nhiệt đới gió mùa có mùa đông lạnh
1017,25,Phú Thọ,09079,Xã Vĩnh An,21.3068467,105.5165959,Bắc Bộ,Nhiệt đới gió mùa có mùa đông lạnh
1018,25,Phú Thọ,09100,Xã Vĩnh Hưng,21.2831440,105.4898952,Bắc Bộ,Nhiệt đới gió mùa có mùa đông lạnh
1019,25,Phú Thọ,09106,Xã Vĩnh Thành,21.2647862,105.4678417,Bắc Bộ,Nhiệt đới gió mùa có mùa đông lạnh
1020,25,Phú Thọ,09112,Xã Thổ Tang,21.2323853,105.4849883,Bắc Bộ,Nhiệt đới gió mùa có mùa đông lạnh
1021,25,Phú Thọ,09154,Xã Vĩnh Phú,21.1920285,105.5037901,Bắc Bộ,Nhiệt đới gió mùa có mùa đông lạnh
1022,31,Thành phố Hải Phòng,10507,Phường Thành Đông,20.9491522,106.3153494,Bắc Bộ,Nhiệt đới gió mùa có mùa đông lạnh
1023,31,Thành phố Hải Phòng,10525,Phường Hải Dương,20.9380005,106.3350879,Bắc Bộ,Nhiệt đới gió mùa có mùa đông lạnh
1024,31,Thành phố Hải Phòng,10532,Phường Lê Thanh Nghị,20.9234173,106.3091111,Bắc Bộ,Nhiệt đới gió mùa có mùa đông lạnh
1025,31,Thành phố Hải Phòng,10537,Phường Tân Hưng,20.9166111,106.3342057,Bắc Bộ,Nhiệt đới gió mùa có mùa đông lạnh
1026,31,Thành phố Hải Phòng,10543,Phường Việt Hòa,20.9491561,106.2603634,Bắc Bộ,Nhiệt đới gió mùa có mùa đông lạnh
1027,31,Thành phố Hải Phòng,10546,Phường Chí Linh,21.0998520,106.3175516,Bắc Bộ,Nhiệt đới gió mùa có mùa đông lạnh
1028,31,Thành phố Hải Phòng,10549,Phường Chu Văn An,21.1119160,106.3915948,Bắc Bộ,Nhiệt đới gió mùa có mùa đông lạnh
1029,31,Thành phố Hải Phòng,10552,Phường Nguyễn Trãi,21.1941382,106.4569976,Bắc Bộ,Nhiệt đới gió mùa có mùa đông lạnh
1030,31,Thành phố Hải Phòng,10570,Phường Trần Hưng Đạo,21.1688586,106.3711199,Bắc Bộ,Nhiệt đới gió mùa có mùa đông lạnh
1031,31,Thành phố Hải Phòng,10573,Phường Trần Nhân Tông,21.1319801,106.4387971,Bắc Bộ,Nhiệt đới gió mùa có mùa đông lạnh
1032,31,Thành phố Hải Phòng,10603,Phường Lê Đại Hành,21.0464809,106.3827238,Bắc Bộ,Nhiệt đới gió mùa có mùa đông lạnh
1067,31,Thành phố Hải Phòng,10606,Xã Nam Sách,20.9862986,106.3320138,Bắc Bộ,Nhiệt đới gió mùa có mùa đông lạnh
1068,31,Thành phố Hải Phòng,10615,Xã Hợp Tiến,21.0593272,106.3373807,Bắc Bộ,Nhiệt đới gió mùa có mùa đông lạnh
1069,31,Thành phố Hải Phòng,10633,Xã Trần Phú,21.0122043,106.3302706,Bắc Bộ,Nhiệt đới gió mùa có mùa đông lạnh
1070,31,Thành phố Hải Phòng,10642,Xã Thái Tân,20.9916412,106.2909789,Bắc Bộ,Nhiệt đới gió mùa có mùa đông lạnh
1071,31,Thành phố Hải Phòng,10645,Xã An Phú,20.8582927,106.4858870,Bắc Bộ,Nhiệt đới gió mùa có mùa đông lạnh
1033,31,Thành phố Hải Phòng,10660,Phường Ái Quốc,20.9689401,106.3781720,Bắc Bộ,Nhiệt đới gió mùa có mùa đông lạnh
1034,31,Thành phố Hải Phòng,10675,Phường Kinh Môn,20.9879641,106.5555019,Bắc Bộ,Nhiệt đới gió mùa có mùa đông lạnh
1035,31,Thành phố Hải Phòng,10678,Phường Bắc An Phụ,21.0515556,106.4812738,Bắc Bộ,Nhiệt đới gió mùa có mùa đông lạnh
1072,31,Thành phố Hải Phòng,10705,Xã Nam An Phụ,21.0049034,106.4501452,Bắc Bộ,Nhiệt đới gió mùa có mùa đông lạnh
1036,31,Thành phố Hải Phòng,10714,Phường Nhị Chiểu,21.0211106,106.5568642,Bắc Bộ,Nhiệt đới gió mùa có mùa đông lạnh
1037,31,Thành phố Hải Phòng,10726,Phường Phạm Sư Mạnh,21.0106677,106.5275587,Bắc Bộ,Nhiệt đới gió mùa có mùa đông lạnh
1038,31,Thành phố Hải Phòng,10729,Phường Trần Liễu,20.9951876,106.5108619,Bắc Bộ,Nhiệt đới gió mùa có mùa đông lạnh
1039,31,Thành phố Hải Phòng,10744,Phường Nguyễn Đại Năng,20.9717861,106.5639934,Bắc Bộ,Nhiệt đới gió mùa có mùa đông lạnh
1073,31,Thành phố Hải Phòng,10750,Xã Phú Thái,20.9701087,106.5054210,Bắc Bộ,Nhiệt đới gió mùa có mùa đông lạnh
1074,31,Thành phố Hải Phòng,10756,Xã Lai Khê,20.9792933,106.4112528,Bắc Bộ,Nhiệt đới gió mùa có mùa đông lạnh
1075,31,Thành phố Hải Phòng,10792,Xã An Thành,20.9404865,106.4947838,Bắc Bộ,Nhiệt đới gió mùa có mùa đông lạnh
1076,31,Thành phố Hải Phòng,10804,Xã Kim Thành,20.9025932,106.5096634,Bắc Bộ,Nhiệt đới gió mùa có mùa đông lạnh
1077,31,Thành phố Hải Phòng,10813,Xã Thanh Hà,20.8974948,106.4274466,Bắc Bộ,Nhiệt đới gió mùa có mùa đông lạnh
1078,31,Thành phố Hải Phòng,10816,Xã Hà Bắc,20.9307733,106.4306530,Bắc Bộ,Nhiệt đới gió mùa có mùa đông lạnh
1040,31,Thành phố Hải Phòng,10837,Phường Nam Đồng,20.9110112,106.3724607,Bắc Bộ,Nhiệt đới gió mùa có mùa đông lạnh
1079,31,Thành phố Hải Phòng,10843,Xã Hà Nam,20.9216769,106.4450139,Bắc Bộ,Nhiệt đới gió mùa có mùa đông lạnh
1080,31,Thành phố Hải Phòng,10846,Xã Hà Tây,20.8918085,106.3927308,Bắc Bộ,Nhiệt đới gió mùa có mùa đông lạnh
1081,31,Thành phố Hải Phòng,10882,Xã Hà Đông,20.8690878,106.4628682,Bắc Bộ,Nhiệt đới gió mùa có mùa đông lạnh
1082,31,Thành phố Hải Phòng,10888,Xã Cẩm Giang,20.9689405,106.1706665,Bắc Bộ,Nhiệt đới gió mùa có mùa đông lạnh
1041,31,Thành phố Hải Phòng,10891,Phường Tứ Minh,20.9325486,106.2475080,Bắc Bộ,Nhiệt đới gió mùa có mùa đông lạnh
1083,31,Thành phố Hải Phòng,10903,Xã Cẩm Giàng,20.9761503,106.1469692,Bắc Bộ,Nhiệt đới gió mùa có mùa đông lạnh
1084,31,Thành phố Hải Phòng,10909,Xã Tuệ Tĩnh,20.9731541,106.2491762,Bắc Bộ,Nhiệt đới gió mùa có mùa đông lạnh
1085,31,Thành phố Hải Phòng,10930,Xã Mao Điền,20.9396061,106.2128493,Bắc Bộ,Nhiệt đới gió mùa có mùa đông lạnh
1086,31,Thành phố Hải Phòng,10945,Xã Kẻ Sặt,20.9086787,106.1472066,Bắc Bộ,Nhiệt đới gió mùa có mùa đông lạnh
1087,31,Thành phố Hải Phòng,10966,Xã Bình Giang,20.8998513,106.2268419,Bắc Bộ,Nhiệt đới gió mùa có mùa đông lạnh
1088,31,Thành phố Hải Phòng,10972,Xã Đường An,20.8756152,106.1690703,Bắc Bộ,Nhiệt đới gió mùa có mùa đông lạnh
1089,31,Thành phố Hải Phòng,10993,Xã Thượng Hồng,20.8385734,106.1939139,Bắc Bộ,Nhiệt đới gió mùa có mùa đông lạnh
1090,31,Thành phố Hải Phòng,10999,Xã Gia Lộc,20.8664484,106.2922395,Bắc Bộ,Nhiệt đới gió mùa có mùa đông lạnh
1042,31,Thành phố Hải Phòng,11002,Phường Thạch Khôi,20.9057705,106.3116591,Bắc Bộ,Nhiệt đới gió mùa có mùa đông lạnh
1091,31,Thành phố Hải Phòng,11020,Xã Yết Kiêu,20.8716459,106.2600327,Bắc Bộ,Nhiệt đới gió mùa có mùa đông lạnh
1092,31,Thành phố Hải Phòng,11050,Xã Gia Phúc,20.8524026,106.2862377,Bắc Bộ,Nhiệt đới gió mùa có mùa đông lạnh
1093,31,Thành phố Hải Phòng,11065,Xã Trường Tân,20.8003889,106.2493304,Bắc Bộ,Nhiệt đới gió mùa có mùa đông lạnh
1094,31,Thành phố Hải Phòng,11074,Xã Tứ Kỳ,20.8242068,106.4008479,Bắc Bộ,Nhiệt đới gió mùa có mùa đông lạnh
1095,31,Thành phố Hải Phòng,11086,Xã Đại Sơn,20.8566880,106.3684491,Bắc Bộ,Nhiệt đới gió mùa có mùa đông lạnh
1096,31,Thành phố Hải Phòng,11113,Xã Tân Kỳ,20.8262314,106.3199405,Bắc Bộ,Nhiệt đới gió mùa có mùa đông lạnh
1097,31,Thành phố Hải Phòng,11131,Xã Chí Minh,20.7963256,106.4337933,Bắc Bộ,Nhiệt đới gió mùa có mùa đông lạnh
1098,31,Thành phố Hải Phòng,11140,Xã Lạc Phượng,20.7761566,106.4206480,Bắc Bộ,Nhiệt đới gió mùa có mùa đông lạnh
1099,31,Thành phố Hải Phòng,11146,Xã Nguyên Giáp,20.7552939,106.4737258,Bắc Bộ,Nhiệt đới gió mùa có mùa đông lạnh
1100,31,Thành phố Hải Phòng,11164,Xã Vĩnh Lại,20.7821555,106.3649503,Bắc Bộ,Nhiệt đới gió mùa có mùa đông lạnh
1101,31,Thành phố Hải Phòng,11167,Xã Tân An,20.7795354,106.3114361,Bắc Bộ,Nhiệt đới gió mùa có mùa đông lạnh
1102,31,Thành phố Hải Phòng,11203,Xã Ninh Giang,20.7307484,106.4026274,Bắc Bộ,Nhiệt đới gió mùa có mùa đông lạnh
1103,31,Thành phố Hải Phòng,11218,Xã Hồng Châu,20.7245057,106.2713457,Bắc Bộ,Nhiệt đới gió mùa có mùa đông lạnh
1104,31,Thành phố Hải Phòng,11224,Xã Khúc Thừa Dụ,20.7188650,106.3415915,Bắc Bộ,Nhiệt đới gió mùa có mùa đông lạnh
1105,31,Thành phố Hải Phòng,11239,Xã Thanh Miện,20.7869376,106.2397116,Bắc Bộ,Nhiệt đới gió mùa có mùa đông lạnh
1106,31,Thành phố Hải Phòng,11242,Xã Nguyễn Lương Bằng,20.8247793,106.2244125,Bắc Bộ,Nhiệt đới gió mùa có mùa đông lạnh
1107,31,Thành phố Hải Phòng,11254,Xã Bắc Thanh Miện,20.8098770,106.1936857,Bắc Bộ,Nhiệt đới gió mùa có mùa đông lạnh
1108,31,Thành phố Hải Phòng,11257,Xã Hải Hưng,20.8008021,106.1600627,Bắc Bộ,Nhiệt đới gió mùa có mùa đông lạnh
1109,31,Thành phố Hải Phòng,11284,Xã Nam Thanh Miện,20.7262387,106.2312512,Bắc Bộ,Nhiệt đới gió mùa có mùa đông lạnh
1043,31,Thành phố Hải Phòng,11311,Phường Hồng Bàng,20.8685870,106.6518479,Bắc Bộ,Nhiệt đới gió mùa có mùa đông lạnh
1044,31,Thành phố Hải Phòng,11329,Phường Ngô Quyền,20.8669098,106.7014839,Bắc Bộ,Nhiệt đới gió mùa có mùa đông lạnh
1045,31,Thành phố Hải Phòng,11359,Phường Gia Viên,20.8491149,106.7036074,Bắc Bộ,Nhiệt đới gió mùa có mùa đông lạnh
1046,31,Thành phố Hải Phòng,11383,Phường Lê Chân,20.8450107,106.6763960,Bắc Bộ,Nhiệt đới gió mùa có mùa đông lạnh
1047,31,Thành phố Hải Phòng,11407,Phường An Biên,20.8300834,106.6800525,Bắc Bộ,Nhiệt đới gió mùa có mùa đông lạnh
1048,31,Thành phố Hải Phòng,11411,Phường Đông Hải,20.8473186,106.7327077,Bắc Bộ,Nhiệt đới gió mùa có mùa đông lạnh
1049,31,Thành phố Hải Phòng,11413,Phường Hải An,20.8247021,106.7215727,Bắc Bộ,Nhiệt đới gió mùa có mùa đông lạnh
1050,31,Thành phố Hải Phòng,11443,Phường Kiến An,20.8078776,106.6249332,Bắc Bộ,Nhiệt đới gió mùa có mùa đông lạnh
1051,31,Thành phố Hải Phòng,11446,Phường Phù Liễn,20.7914510,106.6398593,Bắc Bộ,Nhiệt đới gió mùa có mùa đông lạnh
1052,31,Thành phố Hải Phòng,11455,Phường Đồ Sơn,20.7164780,106.7824805,Bắc Bộ,Nhiệt đới gió mùa có mùa đông lạnh
1053,31,Thành phố Hải Phòng,11473,Phường Bạch Đằng,20.9560506,106.7494967,Bắc Bộ,Nhiệt đới gió mùa có mùa đông lạnh
1054,31,Thành phố Hải Phòng,11488,Phường Lưu Kiếm,20.9653316,106.6744167,Bắc Bộ,Nhiệt đới gió mùa có mùa đông lạnh
1110,31,Thành phố Hải Phòng,11503,Xã Việt Khê,20.9794388,106.6013729,Bắc Bộ,Nhiệt đới gió mùa có mùa đông lạnh
1055,31,Thành phố Hải Phòng,11506,Phường Lê Ích Mộc,20.9690887,106.6121510,Bắc Bộ,Nhiệt đới gió mùa có mùa đông lạnh
1056,31,Thành phố Hải Phòng,11533,Phường Hòa Bình,20.9387637,106.6973216,Bắc Bộ,Nhiệt đới gió mùa có mùa đông lạnh
1057,31,Thành phố Hải Phòng,11542,Phường Nam Triệu,20.9257000,106.7427174,Bắc Bộ,Nhiệt đới gió mùa có mùa đông lạnh
1058,31,Thành phố Hải Phòng,11557,Phường Thiên Hương,20.9226021,106.6445264,Bắc Bộ,Nhiệt đới gió mùa có mùa đông lạnh
1059,31,Thành phố Hải Phòng,11560,Phường Thủy Nguyên,20.9179864,106.6748497,Bắc Bộ,Nhiệt đới gió mùa có mùa đông lạnh
1060,31,Thành phố Hải Phòng,11581,Phường An Dương,20.8675793,106.6099929,Bắc Bộ,Nhiệt đới gió mùa có mùa đông lạnh
1061,31,Thành phố Hải Phòng,11593,Phường An Phong,20.8772631,106.5617361,Bắc Bộ,Nhiệt đới gió mùa có mùa đông lạnh
1062,31,Thành phố Hải Phòng,11602,Phường Hồng An,20.9118953,106.6050029,Bắc Bộ,Nhiệt đới gió mùa có mùa đông lạnh
1063,31,Thành phố Hải Phòng,11617,Phường An Hải,20.8608834,106.6373233,Bắc Bộ,Nhiệt đới gió mùa có mùa đông lạnh
1111,31,Thành phố Hải Phòng,11629,Xã An Lão,20.8218683,106.5560419,Bắc Bộ,Nhiệt đới gió mùa có mùa đông lạnh
1112,31,Thành phố Hải Phòng,11635,Xã An Trường,20.8446662,106.5613769,Bắc Bộ,Nhiệt đới gió mùa có mùa đông lạnh
1113,31,Thành phố Hải Phòng,11647,Xã An Quang,20.8038853,106.5287621,Bắc Bộ,Nhiệt đới gió mùa có mùa đông lạnh
1114,31,Thành phố Hải Phòng,11668,Xã An Khánh,20.7634935,106.6004273,Bắc Bộ,Nhiệt đới gió mùa có mùa đông lạnh
1115,31,Thành phố Hải Phòng,11674,Xã An Hưng,20.7435254,106.6054743,Bắc Bộ,Nhiệt đới gió mùa có mùa đông lạnh
1116,31,Thành phố Hải Phòng,11680,Xã Kiến Thụy,20.7508299,106.6687155,Bắc Bộ,Nhiệt đới gió mùa có mùa đông lạnh
1064,31,Thành phố Hải Phòng,11689,Phường Hưng Đạo,20.7950472,106.7058953,Bắc Bộ,Nhiệt đới gió mùa có mùa đông lạnh
1065,31,Thành phố Hải Phòng,11692,Phường Dương Kinh,20.7773054,106.7293245,Bắc Bộ,Nhiệt đới gió mùa có mùa đông lạnh
1117,31,Thành phố Hải Phòng,11713,Xã Nghi Dương,20.7353928,106.6424758,Bắc Bộ,Nhiệt đới gió mùa có mùa đông lạnh
1118,31,Thành phố Hải Phòng,11725,Xã Kiến Minh,20.7528130,106.6893551,Bắc Bộ,Nhiệt đới gió mùa có mùa đông lạnh
1119,31,Thành phố Hải Phòng,11728,Xã Kiến Hưng,20.7214919,106.6681883,Bắc Bộ,Nhiệt đới gió mùa có mùa đông lạnh
1066,31,Thành phố Hải Phòng,11737,Phường Nam Đồ Sơn,20.7436894,106.7544105,Bắc Bộ,Nhiệt đới gió mùa có mùa đông lạnh
1120,31,Thành phố Hải Phòng,11749,Xã Kiến Hải,20.7150982,106.7277399,Bắc Bộ,Nhiệt đới gió mùa có mùa đông lạnh
1121,31,Thành phố Hải Phòng,11755,Xã Tiên Lãng,20.7288163,106.5606336,Bắc Bộ,Nhiệt đới gió mùa có mùa đông lạnh
1122,31,Thành phố Hải Phòng,11761,Xã Quyết Thắng,20.7714789,106.5193752,Bắc Bộ,Nhiệt đới gió mùa có mùa đông lạnh
1123,31,Thành phố Hải Phòng,11779,Xã Tân Minh,20.7029655,106.5386061,Bắc Bộ,Nhiệt đới gió mùa có mùa đông lạnh
1124,31,Thành phố Hải Phòng,11791,Xã Tiên Minh,20.7070383,106.5868422,Bắc Bộ,Nhiệt đới gió mùa có mùa đông lạnh
1125,31,Thành phố Hải Phòng,11806,Xã Chấn Hưng,20.6635945,106.6358857,Bắc Bộ,Nhiệt đới gió mùa có mùa đông lạnh
1126,31,Thành phố Hải Phòng,11809,Xã Hùng Thắng,20.6763464,106.6562160,Bắc Bộ,Nhiệt đới gió mùa có mùa đông lạnh
1127,31,Thành phố Hải Phòng,11824,Xã Vĩnh Bảo,20.6870769,106.4807178,Bắc Bộ,Nhiệt đới gió mùa có mùa đông lạnh
1128,31,Thành phố Hải Phòng,11836,Xã Vĩnh Thịnh,20.7089534,106.4627909,Bắc Bộ,Nhiệt đới gió mùa có mùa đông lạnh
1129,31,Thành phố Hải Phòng,11842,Xã Vĩnh Thuận,20.7190085,106.4974860,Bắc Bộ,Nhiệt đới gió mùa có mùa đông lạnh
1130,31,Thành phố Hải Phòng,11848,Xã Vĩnh Hòa,20.6936174,106.4237514,Bắc Bộ,Nhiệt đới gió mùa có mùa đông lạnh
1131,31,Thành phố Hải Phòng,11875,Xã Vĩnh Hải,20.6448819,106.4918034,Bắc Bộ,Nhiệt đới gió mùa có mùa đông lạnh
1132,31,Thành phố Hải Phòng,11887,Xã Vĩnh Am,20.6357757,106.5427492,Bắc Bộ,Nhiệt đới gió mùa có mùa đông lạnh
1133,31,Thành phố Hải Phòng,11911,Xã Nguyễn Bỉnh Khiêm,20.6404810,106.5682834,Bắc Bộ,Nhiệt đới gió mùa có mùa đông lạnh
1134,31,Thành phố Hải Phòng,11914,Đặc khu Cát Hải,20.7317982,107.0463818,Bắc Bộ,Nhiệt đới gió mùa có mùa đông lạnh
1135,31,Thành phố Hải Phòng,11948,Đặc khu Bạch Long Vĩ,20.1314104,107.7272758,Bắc Bộ,Nhiệt đới gió mùa có mùa đông lạnh
1136,33,Hưng Yên,11953,Phường Phố Hiến,20.6625669,106.0584835,Bắc Bộ,Nhiệt đới gió mùa có mùa đông lạnh
1147,33,Hưng Yên,11977,Xã Tân Hưng,20.6305352,106.0978030,Bắc Bộ,Nhiệt đới gió mùa có mùa đông lạnh
1137,33,Hưng Yên,11980,Phường Hồng Châu,20.6319409,106.0536003,Bắc Bộ,Nhiệt đới gió mùa có mùa đông lạnh
1138,33,Hưng Yên,11983,Phường Sơn Nam,20.6841941,106.0382939,Bắc Bộ,Nhiệt đới gió mùa có mùa đông lạnh
1148,33,Hưng Yên,11992,Xã Lạc Đạo,20.9783196,106.0335002,Bắc Bộ,Nhiệt đới gió mùa có mùa đông lạnh
1149,33,Hưng Yên,11995,Xã Đại Đồng,20.9912327,106.0656075,Bắc Bộ,Nhiệt đới gió mùa có mùa đông lạnh
1150,33,Hưng Yên,12004,Xã Như Quỳnh,20.9832110,105.9804159,Bắc Bộ,Nhiệt đới gió mùa có mùa đông lạnh
1151,33,Hưng Yên,12019,Xã Văn Giang,20.9293208,105.9326937,Bắc Bộ,Nhiệt đới gió mùa có mùa đông lạnh
1152,33,Hưng Yên,12025,Xã Phụng Công,20.9608130,105.9165939,Bắc Bộ,Nhiệt đới gió mùa có mùa đông lạnh
1153,33,Hưng Yên,12031,Xã Nghĩa Trụ,20.9402694,105.9799466,Bắc Bộ,Nhiệt đới gió mùa có mùa đông lạnh
1154,33,Hưng Yên,12049,Xã Mễ Sở,20.8942220,105.9198571,Bắc Bộ,Nhiệt đới gió mùa có mùa đông lạnh
1155,33,Hưng Yên,12064,Xã Nguyễn Văn Linh,20.9146555,106.0537131,Bắc Bộ,Nhiệt đới gió mùa có mùa đông lạnh
1156,33,Hưng Yên,12070,Xã Hoàn Long,20.9029715,105.9844897,Bắc Bộ,Nhiệt đới gió mùa có mùa đông lạnh
1157,33,Hưng Yên,12073,Xã Yên Mỹ,20.8783197,106.0575472,Bắc Bộ,Nhiệt đới gió mùa có mùa đông lạnh
1158,33,Hưng Yên,12091,Xã Việt Yên,20.8802893,105.9898541,Bắc Bộ,Nhiệt đới gió mùa có mùa đông lạnh
1139,33,Hưng Yên,12103,Phường Mỹ Hào,20.9410339,106.0592239,Bắc Bộ,Nhiệt đới gió mùa có mùa đông lạnh
1140,33,Hưng Yên,12127,Phường Thượng Hồng,20.9356214,106.1274710,Bắc Bộ,Nhiệt đới gió mùa có mùa đông lạnh
1141,33,Hưng Yên,12133,Phường Đường Hào,20.9023597,106.1118976,Bắc Bộ,Nhiệt đới gió mùa có mùa đông lạnh
1159,33,Hưng Yên,12142,Xã Ân Thi,20.8163218,106.0885725,Bắc Bộ,Nhiệt đới gió mùa có mùa đông lạnh
1160,33,Hưng Yên,12148,Xã Phạm Ngũ Lão,20.8690268,106.1103528,Bắc Bộ,Nhiệt đới gió mùa có mùa đông lạnh
1161,33,Hưng Yên,12166,Xã Xuân Trúc,20.6210452,106.2625647,Bắc Bộ,Nhiệt đới gió mùa có mùa đông lạnh
1162,33,Hưng Yên,12184,Xã Nguyễn Trãi,20.7982832,106.1079121,Bắc Bộ,Nhiệt đới gió mùa có mùa đông lạnh
1163,33,Hưng Yên,12196,Xã Hồng Quang,20.7534895,106.1186656,Bắc Bộ,Nhiệt đới gió mùa có mùa đông lạnh
1164,33,Hưng Yên,12205,Xã Khoái Châu,20.8205584,105.9863919,Bắc Bộ,Nhiệt đới gió mùa có mùa đông lạnh
1165,33,Hưng Yên,12223,Xã Triệu Việt Vương,20.8580445,105.9733978,Bắc Bộ,Nhiệt đới gió mùa có mùa đông lạnh
1166,33,Hưng Yên,12238,Xã Việt Tiến,20.8243624,106.0187826,Bắc Bộ,Nhiệt đới gió mùa có mùa đông lạnh
1167,33,Hưng Yên,12247,Xã Châu Ninh,20.8067824,105.9278863,Bắc Bộ,Nhiệt đới gió mùa có mùa đông lạnh
1168,33,Hưng Yên,12271,Xã Chí Minh,20.7779508,105.9876105,Bắc Bộ,Nhiệt đới gió mùa có mùa đông lạnh
1169,33,Hưng Yên,12280,Xã Lương Bằng,20.7415640,106.0604244,Bắc Bộ,Nhiệt đới gió mùa có mùa đông lạnh
1170,33,Hưng Yên,12286,Xã Nghĩa Dân,20.7776476,106.0338979,Bắc Bộ,Nhiệt đới gió mùa có mùa đông lạnh
1171,33,Hưng Yên,12313,Xã Đức Hợp,20.7294813,105.9859639,Bắc Bộ,Nhiệt đới gió mùa có mùa đông lạnh
1172,33,Hưng Yên,12322,Xã Hiệp Cường,20.7258538,106.0401785,Bắc Bộ,Nhiệt đới gió mùa có mùa đông lạnh
1173,33,Hưng Yên,12337,Xã Hoàng Hoa Thám,20.6977711,106.1094693,Bắc Bộ,Nhiệt đới gió mùa có mùa đông lạnh
1174,33,Hưng Yên,12361,Xã Tiên Hoa,20.6810125,106.1691430,Bắc Bộ,Nhiệt đới gió mùa có mùa đông lạnh
1175,33,Hưng Yên,12364,Xã Tiên Lữ,20.6673472,106.1363144,Bắc Bộ,Nhiệt đới gió mùa có mùa đông lạnh
1176,33,Hưng Yên,12391,Xã Quang Hưng,20.7412579,106.1831113,Bắc Bộ,Nhiệt đới gió mùa có mùa đông lạnh
1177,33,Hưng Yên,12406,Xã Đoàn Đào,20.7295209,106.1414262,Bắc Bộ,Nhiệt đới gió mùa có mùa đông lạnh
1178,33,Hưng Yên,12424,Xã Tiên Tiến,20.6967750,106.1966207,Bắc Bộ,Nhiệt đới gió mùa có mùa đông lạnh
1179,33,Hưng Yên,12427,Xã Tống Trân,20.6730047,106.2293027,Bắc Bộ,Nhiệt đới gió mùa có mùa đông lạnh
1142,33,Hưng Yên,12452,Phường Trần Hưng Đạo,20.4492199,106.3229529,Bắc Bộ,Nhiệt đới gió mùa có mùa đông lạnh
1143,33,Hưng Yên,12454,Phường Trần Lãm,20.4400786,106.3537700,Bắc Bộ,Nhiệt đới gió mùa có mùa đông lạnh
1144,33,Hưng Yên,12466,Phường Vũ Phúc,20.4154512,106.3061013,Bắc Bộ,Nhiệt đới gió mùa có mùa đông lạnh
1180,33,Hưng Yên,12472,Xã Quỳnh Phụ,20.6495860,106.3391200,Bắc Bộ,Nhiệt đới gió mùa có mùa đông lạnh
1181,33,Hưng Yên,12499,Xã A Sào,20.6967484,106.3906498,Bắc Bộ,Nhiệt đới gió mùa có mùa đông lạnh
1182,33,Hưng Yên,12511,Xã Minh Thọ,20.6864123,106.3372682,Bắc Bộ,Nhiệt đới gió mùa có mùa đông lạnh
1183,33,Hưng Yên,12517,Xã Ngọc Lâm,20.6789260,106.2774558,Bắc Bộ,Nhiệt đới gió mùa có mùa đông lạnh
1184,33,Hưng Yên,12523,Xã Phụ Dực,20.6465949,106.4251762,Bắc Bộ,Nhiệt đới gió mùa có mùa đông lạnh
1185,33,Hưng Yên,12526,Xã Đồng Bằng,20.6523038,106.3838219,Bắc Bộ,Nhiệt đới gió mùa có mùa đông lạnh
1186,33,Hưng Yên,12532,Xã Nguyễn Du,20.6465522,106.3021723,Bắc Bộ,Nhiệt đới gió mùa có mùa đông lạnh
1187,33,Hưng Yên,12577,Xã Quỳnh An,20.6127722,106.3524767,Bắc Bộ,Nhiệt đới gió mùa có mùa đông lạnh
1188,33,Hưng Yên,12583,Xã Tân Tiến,20.5942614,106.4354666,Bắc Bộ,Nhiệt đới gió mùa có mùa đông lạnh
1189,33,Hưng Yên,12586,Xã Hưng Hà,20.5872169,106.2247261,Bắc Bộ,Nhiệt đới gió mùa có mùa đông lạnh
1190,33,Hưng Yên,12595,Xã Ngự Thiên,20.6349254,106.1823964,Bắc Bộ,Nhiệt đới gió mùa có mùa đông lạnh
1191,33,Hưng Yên,12613,Xã Long Hưng,20.6165570,106.1479304,Bắc Bộ,Nhiệt đới gió mùa có mùa đông lạnh
1192,33,Hưng Yên,12619,Xã Diên Hà,20.6415253,106.2546725,Bắc Bộ,Nhiệt đới gió mùa có mùa đông lạnh
1193,33,Hưng Yên,12631,Xã Thần Khê,20.5963167,106.2879945,Bắc Bộ,Nhiệt đới gió mùa có mùa đông lạnh
1194,33,Hưng Yên,12634,Xã Tiên La,20.6065232,106.2109019,Bắc Bộ,Nhiệt đới gió mùa có mùa đông lạnh
1195,33,Hưng Yên,12676,Xã Lê Quý Đôn,20.5604755,106.1751930,Bắc Bộ,Nhiệt đới gió mùa có mùa đông lạnh
1196,33,Hưng Yên,12685,Xã Hồng Minh,20.5356145,106.2140846,Bắc Bộ,Nhiệt đới gió mùa có mùa đông lạnh
1197,33,Hưng Yên,12688,Xã Đông Hưng,20.5562913,106.3562190,Bắc Bộ,Nhiệt đới gió mùa có mùa đông lạnh
1198,33,Hưng Yên,12694,Xã Bắc Đông Hưng,20.5781282,106.4075380,Bắc Bộ,Nhiệt đới gió mùa có mùa đông lạnh
1199,33,Hưng Yên,12700,Xã Bắc Tiên Hưng,20.5811191,106.3180288,Bắc Bộ,Nhiệt đới gió mùa có mùa đông lạnh
1200,33,Hưng Yên,12736,Xã Đông Tiên Hưng,20.5489479,106.3185789,Bắc Bộ,Nhiệt đới gió mùa có mùa đông lạnh
1201,33,Hưng Yên,12745,Xã Bắc Đông Quan,20.5391672,106.3941780,Bắc Bộ,Nhiệt đới gió mùa có mùa đông lạnh
1202,33,Hưng Yên,12754,Xã Tiên Hưng,20.5402714,106.2637139,Bắc Bộ,Nhiệt đới gió mùa có mùa đông lạnh
1203,33,Hưng Yên,12763,Xã Nam Tiên Hưng,20.5172756,106.3027121,Bắc Bộ,Nhiệt đới gió mùa có mùa đông lạnh
1204,33,Hưng Yên,12775,Xã Nam Đông Hưng,20.5099930,106.3703424,Bắc Bộ,Nhiệt đới gió mùa có mùa đông lạnh
1205,33,Hưng Yên,12793,Xã Đông Quan,20.5124922,106.4170648,Bắc Bộ,Nhiệt đới gió mùa có mùa đông lạnh
1145,33,Hưng Yên,12817,Phường Trà Lý,20.4802900,106.3557048,Bắc Bộ,Nhiệt đới gió mùa có mùa đông lạnh
1206,33,Hưng Yên,12826,Xã Thái Thụy,20.5656561,106.5648050,Bắc Bộ,Nhiệt đới gió mùa có mùa đông lạnh
1207,33,Hưng Yên,12850,Xã Tây Thụy Anh,20.5871900,106.4686578,Bắc Bộ,Nhiệt đới gió mùa có mùa đông lạnh
1208,33,Hưng Yên,12859,Xã Bắc Thụy Anh,20.5973023,106.5438305,Bắc Bộ,Nhiệt đới gió mùa có mùa đông lạnh
1209,33,Hưng Yên,12862,Xã Đông Thụy Anh,20.5957036,106.6087274,Bắc Bộ,Nhiệt đới gió mùa có mùa đông lạnh
1210,33,Hưng Yên,12865,Xã Thụy Anh,20.5712656,106.5030590,Bắc Bộ,Nhiệt đới gió mùa có mùa đông lạnh
1211,33,Hưng Yên,12904,Xã Nam Thụy Anh,20.5503726,106.4686809,Bắc Bộ,Nhiệt đới gió mùa có mùa đông lạnh
1212,33,Hưng Yên,12916,Xã Bắc Thái Ninh,20.5200967,106.4958764,Bắc Bộ,Nhiệt đới gió mùa có mùa đông lạnh
1213,33,Hưng Yên,12919,Xã Tây Thái Ninh,20.5093806,106.4530871,Bắc Bộ,Nhiệt đới gió mùa có mùa đông lạnh
1214,33,Hưng Yên,12922,Xã Thái Ninh,20.5371965,106.5685422,Bắc Bộ,Nhiệt đới gió mùa có mùa đông lạnh
1215,33,Hưng Yên,12943,Xã Đông Thái Ninh,20.4891525,106.5665018,Bắc Bộ,Nhiệt đới gió mùa có mùa đông lạnh
1216,33,Hưng Yên,12961,Xã Nam Thái Ninh,20.4769291,106.5162082,Bắc Bộ,Nhiệt đới gió mùa có mùa đông lạnh
1217,33,Hưng Yên,12970,Xã Tiền Hải,20.4057073,106.5031738,Bắc Bộ,Nhiệt đới gió mùa có mùa đông lạnh
1218,33,Hưng Yên,12988,Xã Đông Tiền Hải,20.4451946,106.5707136,Bắc Bộ,Nhiệt đới gió mùa có mùa đông lạnh
1219,33,Hưng Yên,13003,Xã Đồng Châu,20.6210452,106.2625647,Bắc Bộ,Nhiệt đới gió mùa có mùa đông lạnh
1220,33,Hưng Yên,13021,Xã Ái Quốc,20.3745053,106.5283750,Bắc Bộ,Nhiệt đới gió mùa có mùa đông lạnh
1221,33,Hưng Yên,13039,Xã Tây Tiền Hải,20.3576587,106.4833083,Bắc Bộ,Nhiệt đới gió mùa có mùa đông lạnh
1222,33,Hưng Yên,13057,Xã Nam Cường,20.3604104,106.5546396,Bắc Bộ,Nhiệt đới gió mùa có mùa đông lạnh
1223,33,Hưng Yên,13063,Xã Nam Tiền Hải,20.3288949,106.5096192,Bắc Bộ,Nhiệt đới gió mùa có mùa đông lạnh
1224,33,Hưng Yên,13066,Xã Hưng Phú,20.2986108,106.5680861,Bắc Bộ,Nhiệt đới gió mùa có mùa đông lạnh
1225,33,Hưng Yên,13075,Xã Kiến Xương,20.3891399,106.4390591,Bắc Bộ,Nhiệt đới gió mùa có mùa đông lạnh
1226,33,Hưng Yên,13093,Xã Trà Giang,20.4741675,106.4489741,Bắc Bộ,Nhiệt đới gió mùa có mùa đông lạnh
1227,33,Hưng Yên,13096,Xã Bình Nguyên,20.4578767,106.4234281,Bắc Bộ,Nhiệt đới gió mùa có mùa đông lạnh
1228,33,Hưng Yên,13120,Xã Lê Lợi,20.4307682,106.4567422,Bắc Bộ,Nhiệt đới gió mùa có mùa đông lạnh
1229,33,Hưng Yên,13132,Xã Quang Lịch,20.4223996,106.4150892,Bắc Bộ,Nhiệt đới gió mùa có mùa đông lạnh
1230,33,Hưng Yên,13141,Xã Vũ Quý,20.4024186,106.3822218,Bắc Bộ,Nhiệt đới gió mùa có mùa đông lạnh
1231,33,Hưng Yên,13159,Xã Hồng Vũ,20.3650894,106.3843007,Bắc Bộ,Nhiệt đới gió mùa có mùa đông lạnh
1232,33,Hưng Yên,13183,Xã Bình Thanh,20.3209144,106.4357283,Bắc Bộ,Nhiệt đới gió mùa có mùa đông lạnh
1233,33,Hưng Yên,13186,Xã Bình Định,20.3186904,106.4585040,Bắc Bộ,Nhiệt đới gió mùa có mùa đông lạnh
1234,33,Hưng Yên,13192,Xã Vũ Thư,20.4339361,106.2896648,Bắc Bộ,Nhiệt đới gió mùa có mùa đông lạnh
1235,33,Hưng Yên,13219,Xã Vạn Xuân,20.4868016,106.2133485,Bắc Bộ,Nhiệt đới gió mùa có mùa đông lạnh
1236,33,Hưng Yên,13222,Xã Thư Trì,20.4889451,106.2652917,Bắc Bộ,Nhiệt đới gió mùa có mùa đông lạnh
1146,33,Hưng Yên,13225,Phường Thái Bình,20.4751012,106.3127973,Bắc Bộ,Nhiệt đới gió mùa có mùa đông lạnh
1237,33,Hưng Yên,13246,Xã Tân Thuận,20.4244403,106.2437140,Bắc Bộ,Nhiệt đới gió mùa có mùa đông lạnh
1238,33,Hưng Yên,13264,Xã Thư Vũ,20.3862598,106.3496947,Bắc Bộ,Nhiệt đới gió mùa có mùa đông lạnh
1239,33,Hưng Yên,13279,Xã Vũ Tiên,20.3584690,106.2923182,Bắc Bộ,Nhiệt đới gió mùa có mùa đông lạnh
1240,37,Ninh Bình,13285,Phường Phủ Lý,20.5377169,105.9346626,Bắc Bộ,Nhiệt đới gió mùa có mùa đông lạnh
1241,37,Ninh Bình,13291,Phường Phù Vân,20.5553927,105.9015990,Bắc Bộ,Nhiệt đới gió mùa có mùa đông lạnh
1242,37,Ninh Bình,13318,Phường Châu Sơn,20.5077879,105.8907626,Bắc Bộ,Nhiệt đới gió mùa có mùa đông lạnh
1243,37,Ninh Bình,13324,Phường Duy Tiên,20.6304949,105.9850752,Bắc Bộ,Nhiệt đới gió mùa có mùa đông lạnh
1244,37,Ninh Bình,13330,Phường Duy Tân,20.6663235,106.0029096,Bắc Bộ,Nhiệt đới gió mùa có mùa đông lạnh
1245,37,Ninh Bình,13336,Phường Duy Hà,20.6412579,105.9099096,Bắc Bộ,Nhiệt đới gió mùa có mùa đông lạnh
1246,37,Ninh Bình,13348,Phường Đồng Văn,20.6460285,105.9375092,Bắc Bộ,Nhiệt đới gió mùa có mùa đông lạnh
1247,37,Ninh Bình,13363,Phường Tiên Sơn,20.5861185,105.9728161,Bắc Bộ,Nhiệt đới gió mùa có mùa đông lạnh
1248,37,Ninh Bình,13366,Phường Hà Nam,20.5835632,105.9394135,Bắc Bộ,Nhiệt đới gió mùa có mùa đông lạnh
1249,37,Ninh Bình,13384,Phường Kim Bảng,20.5801621,105.8727510,Bắc Bộ,Nhiệt đới gió mùa có mùa đông lạnh
1250,37,Ninh Bình,13393,Phường Lê Hồ,20.6063354,105.8702742,Bắc Bộ,Nhiệt đới gió mùa có mùa đông lạnh
1251,37,Ninh Bình,13396,Phường Nguyễn Úy,20.6240783,105.8331008,Bắc Bộ,Nhiệt đới gió mùa có mùa đông lạnh
1252,37,Ninh Bình,13402,Phường Kim Thanh,20.6125099,105.8976141,Bắc Bộ,Nhiệt đới gió mùa có mùa đông lạnh
1253,37,Ninh Bình,13420,Phường Tam Chúc,20.5503885,105.8146752,Bắc Bộ,Nhiệt đới gió mùa có mùa đông lạnh
1254,37,Ninh Bình,13435,Phường Lý Thường Kiệt,20.5230040,105.8695245,Bắc Bộ,Nhiệt đới gió mùa có mùa đông lạnh
1255,37,Ninh Bình,13444,Phường Liêm Tuyền,20.5377957,105.9701792,Bắc Bộ,Nhiệt đới gió mùa có mùa đông lạnh
1272,37,Ninh Bình,13456,Xã Liêm Hà,20.5046113,105.9649027,Bắc Bộ,Nhiệt đới gió mùa có mùa đông lạnh
1273,37,Ninh Bình,13474,Xã Tân Thanh,20.4762974,105.9562665,Bắc Bộ,Nhiệt đới gió mùa có mùa đông lạnh
1274,37,Ninh Bình,13483,Xã Thanh Bình,20.4568206,105.9693251,Bắc Bộ,Nhiệt đới gió mùa có mùa đông lạnh
1275,37,Ninh Bình,13489,Xã Thanh Lâm,20.3208894,106.0736791,Bắc Bộ,Nhiệt đới gió mùa có mùa đông lạnh
1276,37,Ninh Bình,13495,Xã Thanh Liêm,20.4208952,105.9391057,Bắc Bộ,Nhiệt đới gió mùa có mùa đông lạnh
1277,37,Ninh Bình,13501,Xã Bình Mỹ,20.4914206,106.0081321,Bắc Bộ,Nhiệt đới gió mùa có mùa đông lạnh
1278,37,Ninh Bình,13504,Xã Bình Lục,20.5473019,106.0088021,Bắc Bộ,Nhiệt đới gió mùa có mùa đông lạnh
1279,37,Ninh Bình,13531,Xã Bình Giang,20.4948054,106.0946801,Bắc Bộ,Nhiệt đới gió mùa có mùa đông lạnh
1280,37,Ninh Bình,13540,Xã Bình An,20.4903328,106.0635424,Bắc Bộ,Nhiệt đới gió mùa có mùa đông lạnh
1281,37,Ninh Bình,13558,Xã Bình Sơn,20.4405762,106.0075121,Bắc Bộ,Nhiệt đới gió mùa có mùa đông lạnh
1282,37,Ninh Bình,13573,Xã Lý Nhân,20.6081769,105.9990653,Bắc Bộ,Nhiệt đới gió mùa có mùa đông lạnh
1283,37,Ninh Bình,13579,Xã Bắc Lý,20.5881467,106.0904423,Bắc Bộ,Nhiệt đới gió mùa có mùa đông lạnh
1284,37,Ninh Bình,13591,Xã Nam Xang,20.6010755,106.0489150,Bắc Bộ,Nhiệt đới gió mùa có mùa đông lạnh
1285,37,Ninh Bình,13594,Xã Trần Thương,20.5468477,106.0998057,Bắc Bộ,Nhiệt đới gió mùa có mùa đông lạnh
1286,37,Ninh Bình,13597,Xã Vĩnh Trụ,20.5633360,106.0319500,Bắc Bộ,Nhiệt đới gió mùa có mùa đông lạnh
1287,37,Ninh Bình,13609,Xã Nhân Hà,20.5475944,106.1466504,Bắc Bộ,Nhiệt đới gió mùa có mùa đông lạnh
1288,37,Ninh Bình,13627,Xã Nam Lý,20.5090945,106.1610701,Bắc Bộ,Nhiệt đới gió mùa có mùa đông lạnh
1256,37,Ninh Bình,13669,Phường Nam Định,20.4229775,106.1725798,Bắc Bộ,Nhiệt đới gió mùa có mùa đông lạnh
1257,37,Ninh Bình,13684,Phường Thiên Trường,20.4517777,106.2048178,Bắc Bộ,Nhiệt đới gió mùa có mùa đông lạnh
1258,37,Ninh Bình,13693,Phường Đông A,20.4605965,106.1402799,Bắc Bộ,Nhiệt đới gió mùa có mùa đông lạnh
1259,37,Ninh Bình,13699,Phường Thành Nam,20.4042494,106.1328905,Bắc Bộ,Nhiệt đới gió mùa có mùa đông lạnh
1260,37,Ninh Bình,13708,Phường Mỹ Lộc,20.4421810,106.0932109,Bắc Bộ,Nhiệt đới gió mùa có mùa đông lạnh
1289,37,Ninh Bình,13741,Xã Vụ Bản,20.3424306,106.0803250,Bắc Bộ,Nhiệt đới gió mùa có mùa đông lạnh
1290,37,Ninh Bình,13750,Xã Minh Tân,20.4090351,106.0404052,Bắc Bộ,Nhiệt đới gió mùa có mùa đông lạnh
1291,37,Ninh Bình,13753,Xã Hiển Khánh,20.4069009,106.0835182,Bắc Bộ,Nhiệt đới gió mùa có mùa đông lạnh
1261,37,Ninh Bình,13777,Phường Trường Thi,20.3656627,106.1371409,Bắc Bộ,Nhiệt đới gió mùa có mùa đông lạnh
1292,37,Ninh Bình,13786,Xã Liên Minh,20.3185601,106.1365986,Bắc Bộ,Nhiệt đới gió mùa có mùa đông lạnh
1293,37,Ninh Bình,13795,Xã Ý Yên,20.3001113,105.9935016,Bắc Bộ,Nhiệt đới gió mùa có mùa đông lạnh
1294,37,Ninh Bình,13807,Xã Tân Minh,20.3848728,106.0148660,Bắc Bộ,Nhiệt đới gió mùa có mùa đông lạnh
1295,37,Ninh Bình,13822,Xã Phong Doanh,20.3595716,105.9546748,Bắc Bộ,Nhiệt đới gió mùa có mùa đông lạnh
1296,37,Ninh Bình,13834,Xã Vũ Dương,20.3349629,106.0320029,Bắc Bộ,Nhiệt đới gió mùa có mùa đông lạnh
1297,37,Ninh Bình,13864,Xã Vạn Thắng,20.2968376,106.0576924,Bắc Bộ,Nhiệt đới gió mùa có mùa đông lạnh
1298,37,Ninh Bình,13870,Xã Yên Cường,20.2769190,106.1078374,Bắc Bộ,Nhiệt đới gió mùa có mùa đông lạnh
1299,37,Ninh Bình,13879,Xã Yên Đồng,20.2561296,106.0653324,Bắc Bộ,Nhiệt đới gió mùa có mùa đông lạnh
1300,37,Ninh Bình,13891,Xã Nghĩa Hưng,20.2205452,106.1781472,Bắc Bộ,Nhiệt đới gió mùa có mùa đông lạnh
1301,37,Ninh Bình,13894,Xã Rạng Đông,19.9751954,106.1364306,Bắc Bộ,Nhiệt đới gió mùa có mùa đông lạnh
1302,37,Ninh Bình,13900,Xã Đồng Thịnh,20.2676809,106.1419053,Bắc Bộ,Nhiệt đới gió mùa có mùa đông lạnh
1303,37,Ninh Bình,13918,Xã Nghĩa Sơn,20.1892682,106.1729405,Bắc Bộ,Nhiệt đới gió mùa có mùa đông lạnh
1304,37,Ninh Bình,13927,Xã Hồng Phong,20.0847980,106.1756548,Bắc Bộ,Nhiệt đới gió mùa có mùa đông lạnh
1305,37,Ninh Bình,13939,Xã Quỹ Nhất,20.0561946,106.1507576,Bắc Bộ,Nhiệt đới gió mùa có mùa đông lạnh
1306,37,Ninh Bình,13957,Xã Nghĩa Lâm,20.0124896,106.1257110,Bắc Bộ,Nhiệt đới gió mùa có mùa đông lạnh
1307,37,Ninh Bình,13966,Xã Nam Trực,20.3413740,106.1963162,Bắc Bộ,Nhiệt đới gió mùa có mùa đông lạnh
1262,37,Ninh Bình,13972,Phường Vị Khê,20.4009702,106.2023312,Bắc Bộ,Nhiệt đới gió mùa có mùa đông lạnh
1263,37,Ninh Bình,13984,Phường Hồng Quang,20.3720213,106.1973197,Bắc Bộ,Nhiệt đới gió mùa có mùa đông lạnh
1308,37,Ninh Bình,13987,Xã Nam Hồng,20.3447222,106.2438626,Bắc Bộ,Nhiệt đới gió mùa có mùa đông lạnh
1309,37,Ninh Bình,14005,Xã Nam Ninh,20.3001735,106.2440488,Bắc Bộ,Nhiệt đới gió mùa có mùa đông lạnh
1310,37,Ninh Bình,14011,Xã Nam Minh,20.2974455,106.2048091,Bắc Bộ,Nhiệt đới gió mùa có mùa đông lạnh
1311,37,Ninh Bình,14014,Xã Nam Đồng,20.2946471,106.1679639,Bắc Bộ,Nhiệt đới gió mùa có mùa đông lạnh
1312,37,Ninh Bình,14026,Xã Cổ Lễ,20.3140158,106.2706263,Bắc Bộ,Nhiệt đới gió mùa có mùa đông lạnh
1313,37,Ninh Bình,14038,Xã Ninh Giang,20.3085504,106.3042945,Bắc Bộ,Nhiệt đới gió mùa có mùa đông lạnh
1314,37,Ninh Bình,14053,Xã Trực Ninh,20.2524786,106.2225097,Bắc Bộ,Nhiệt đới gió mùa có mùa đông lạnh
1315,37,Ninh Bình,14056,Xã Cát Thành,20.2578807,106.2780773,Bắc Bộ,Nhiệt đới gió mùa có mùa đông lạnh
1316,37,Ninh Bình,14062,Xã Quang Hưng,20.2352460,106.1984166,Bắc Bộ,Nhiệt đới gió mùa có mùa đông lạnh
1317,37,Ninh Bình,14071,Xã Minh Thái,20.1980323,106.2322792,Bắc Bộ,Nhiệt đới gió mùa có mùa đông lạnh
1318,37,Ninh Bình,14077,Xã Ninh Cường,20.1993593,106.2058389,Bắc Bộ,Nhiệt đới gió mùa có mùa đông lạnh
1319,37,Ninh Bình,14089,Xã Xuân Trường,20.2918732,106.3343455,Bắc Bộ,Nhiệt đới gió mùa có mùa đông lạnh
1320,37,Ninh Bình,14095,Xã Xuân Hồng,20.3260266,106.3280572,Bắc Bộ,Nhiệt đới gió mùa có mùa đông lạnh
1321,37,Ninh Bình,14104,Xã Xuân Giang,20.3256903,106.3621927,Bắc Bộ,Nhiệt đới gió mùa có mùa đông lạnh
1322,37,Ninh Bình,14122,Xã Xuân Hưng,20.2924064,106.3658018,Bắc Bộ,Nhiệt đới gió mùa có mùa đông lạnh
1323,37,Ninh Bình,14161,Xã Giao Minh,20.2819297,106.5385067,Bắc Bộ,Nhiệt đới gió mùa có mùa đông lạnh
1324,37,Ninh Bình,14167,Xã Giao Thủy,20.2819074,106.4443788,Bắc Bộ,Nhiệt đới gió mùa có mùa đông lạnh
1325,37,Ninh Bình,14179,Xã Giao Hưng,20.2261656,106.4461706,Bắc Bộ,Nhiệt đới gió mùa có mùa đông lạnh
1326,37,Ninh Bình,14182,Xã Giao Hòa,20.2507075,106.4960223,Bắc Bộ,Nhiệt đới gió mùa có mùa đông lạnh
1327,37,Ninh Bình,14194,Xã Giao Bình,20.2417667,106.3970188,Bắc Bộ,Nhiệt đới gió mùa có mùa đông lạnh
1328,37,Ninh Bình,14203,Xã Giao Phúc,20.2314196,106.4663683,Bắc Bộ,Nhiệt đới gió mùa có mùa đông lạnh
1329,37,Ninh Bình,14212,Xã Giao Ninh,20.2126383,106.3777460,Bắc Bộ,Nhiệt đới gió mùa có mùa đông lạnh
1330,37,Ninh Bình,14215,Xã Hải Hậu,20.1183150,106.2943507,Bắc Bộ,Nhiệt đới gió mùa có mùa đông lạnh
1331,37,Ninh Bình,14218,Xã Hải Tiến,20.3208894,106.0736791,Bắc Bộ,Nhiệt đới gió mùa có mùa đông lạnh
1332,37,Ninh Bình,14221,Xã Hải Thịnh,20.0368107,106.2232816,Bắc Bộ,Nhiệt đới gió mùa có mùa đông lạnh
1333,37,Ninh Bình,14236,Xã Hải Anh,20.1931914,106.2585258,Bắc Bộ,Nhiệt đới gió mùa có mùa đông lạnh
1334,37,Ninh Bình,14248,Xã Hải Hưng,20.1951047,106.3091771,Bắc Bộ,Nhiệt đới gió mùa có mùa đông lạnh
1335,37,Ninh Bình,14281,Xã Hải An,20.1429171,106.1923648,Bắc Bộ,Nhiệt đới gió mùa có mùa đông lạnh
1336,37,Ninh Bình,14287,Xã Hải Quang,20.1700455,106.3006061,Bắc Bộ,Nhiệt đới gió mùa có mùa đông lạnh
1337,37,Ninh Bình,14308,Xã Hải Xuân,20.1030273,106.2700476,Bắc Bộ,Nhiệt đới gió mùa có mùa đông lạnh
1264,37,Ninh Bình,14329,Phường Hoa Lư,20.2572874,105.9719310,Bắc Bộ,Nhiệt đới gió mùa có mùa đông lạnh
1265,37,Ninh Bình,14359,Phường Nam Hoa Lư,20.2144212,105.9360149,Bắc Bộ,Nhiệt đới gió mùa có mùa đông lạnh
1266,37,Ninh Bình,14362,Phường Tam Điệp,20.1600678,105.9120485,Bắc Bộ,Nhiệt đới gió mùa có mùa đông lạnh
1267,37,Ninh Bình,14365,Phường Trung Sơn,20.1427398,105.9230385,Bắc Bộ,Nhiệt đới gió mùa có mùa đông lạnh
1268,37,Ninh Bình,14371,Phường Yên Sơn,20.1904140,105.8789500,Bắc Bộ,Nhiệt đới gió mùa có mùa đông lạnh
1338,37,Ninh Bình,14389,Xã Gia Lâm,20.4091682,105.7861121,Bắc Bộ,Nhiệt đới gió mùa có mùa đông lạnh
1339,37,Ninh Bình,14401,Xã Gia Tường,20.3515345,105.7869916,Bắc Bộ,Nhiệt đới gió mùa có mùa đông lạnh
1340,37,Ninh Bình,14404,Xã Cúc Phương,20.2401232,105.7224119,Bắc Bộ,Nhiệt đới gió mùa có mùa đông lạnh
1341,37,Ninh Bình,14407,Xã Phú Sơn,20.3630357,105.7346681,Bắc Bộ,Nhiệt đới gió mùa có mùa đông lạnh
1342,37,Ninh Bình,14428,Xã Nho Quan,20.3216513,105.7508104,Bắc Bộ,Nhiệt đới gió mùa có mùa đông lạnh
1343,37,Ninh Bình,14434,Xã Thanh Sơn,20.2801271,105.7849884,Bắc Bộ,Nhiệt đới gió mùa có mùa đông lạnh
1344,37,Ninh Bình,14452,Xã Quỳnh Lưu,20.2369219,105.8109341,Bắc Bộ,Nhiệt đới gió mùa có mùa đông lạnh
1345,37,Ninh Bình,14458,Xã Phú Long,20.2000427,105.7895347,Bắc Bộ,Nhiệt đới gió mùa có mùa đông lạnh
1346,37,Ninh Bình,14464,Xã Gia Viễn,20.3704409,105.8551079,Bắc Bộ,Nhiệt đới gió mùa có mùa đông lạnh
1347,37,Ninh Bình,14482,Xã Gia Hưng,20.3756384,105.8265886,Bắc Bộ,Nhiệt đới gió mùa có mùa đông lạnh
1348,37,Ninh Bình,14488,Xã Gia Vân,20.3472718,105.8790440,Bắc Bộ,Nhiệt đới gió mùa có mùa đông lạnh
1349,37,Ninh Bình,14494,Xã Gia Trấn,20.3565792,105.9192246,Bắc Bộ,Nhiệt đới gió mùa có mùa đông lạnh
1350,37,Ninh Bình,14500,Xã Đại Hoàng,20.3135578,105.8767629,Bắc Bộ,Nhiệt đới gió mùa có mùa đông lạnh
1351,37,Ninh Bình,14524,Xã Gia Phong,20.3003852,105.8243576,Bắc Bộ,Nhiệt đới gió mùa có mùa đông lạnh
1269,37,Ninh Bình,14533,Phường Tây Hoa Lư,20.2767121,105.8660233,Bắc Bộ,Nhiệt đới gió mùa có mùa đông lạnh
1352,37,Ninh Bình,14560,Xã Yên Khánh,20.1866298,106.0510002,Bắc Bộ,Nhiệt đới gió mùa có mùa đông lạnh
1353,37,Ninh Bình,14563,Xã Khánh Thiện,20.2119550,106.1061187,Bắc Bộ,Nhiệt đới gió mùa có mùa đông lạnh
1270,37,Ninh Bình,14566,Phường Đông Hoa Lư,20.2242704,106.0174412,Bắc Bộ,Nhiệt đới gió mùa có mùa đông lạnh
1354,37,Ninh Bình,14608,Xã Khánh Trung,20.1608006,106.1480680,Bắc Bộ,Nhiệt đới gió mùa có mùa đông lạnh
1355,37,Ninh Bình,14611,Xã Khánh Nhạc,20.1654444,106.0789111,Bắc Bộ,Nhiệt đới gió mùa có mùa đông lạnh
1356,37,Ninh Bình,14614,Xã Khánh Hội,20.1902222,106.1048951,Bắc Bộ,Nhiệt đới gió mùa có mùa đông lạnh
1357,37,Ninh Bình,14620,Xã Phát Diệm,20.0896318,106.0809025,Bắc Bộ,Nhiệt đới gió mùa có mùa đông lạnh
1358,37,Ninh Bình,14623,Xã Bình Minh,19.9910598,106.0625070,Bắc Bộ,Nhiệt đới gió mùa có mùa đông lạnh
1359,37,Ninh Bình,14638,Xã Kim Sơn,20.1047543,106.1185091,Bắc Bộ,Nhiệt đới gió mùa có mùa đông lạnh
1360,37,Ninh Bình,14647,Xã Quang Thiện,20.1023643,106.1041109,Bắc Bộ,Nhiệt đới gió mùa có mùa đông lạnh
1361,37,Ninh Bình,14653,Xã Chất Bình,20.1319728,106.1319958,Bắc Bộ,Nhiệt đới gió mùa có mùa đông lạnh
1362,37,Ninh Bình,14674,Xã Lai Thành,20.0759594,106.0496152,Bắc Bộ,Nhiệt đới gió mùa có mùa đông lạnh
1363,37,Ninh Bình,14677,Xã Định Hóa,20.0541653,106.0829191,Bắc Bộ,Nhiệt đới gió mùa có mùa đông lạnh
1364,37,Ninh Bình,14698,Xã Kim Đông,19.9419097,106.0774158,Bắc Bộ,Nhiệt đới gió mùa có mùa đông lạnh
1365,37,Ninh Bình,14701,Xã Yên Mô,20.1632268,106.0050398,Bắc Bộ,Nhiệt đới gió mùa có mùa đông lạnh
1271,37,Ninh Bình,14725,Phường Yên Thắng,20.1651317,105.9633297,Bắc Bộ,Nhiệt đới gió mùa có mùa đông lạnh
1366,37,Ninh Bình,14728,Xã Yên Từ,20.1296829,106.0457284,Bắc Bộ,Nhiệt đới gió mùa có mùa đông lạnh
1367,37,Ninh Bình,14743,Xã Yên Mạc,20.1038354,106.0164928,Bắc Bộ,Nhiệt đới gió mùa có mùa đông lạnh
1368,37,Ninh Bình,14746,Xã Đồng Thái,20.0967183,105.9808774,Bắc Bộ,Nhiệt đới gió mùa có mùa đông lạnh
1369,38,Thanh Hóa,14758,Phường Hàm Rồng,19.8389439,105.7860937,Bắc Trung Bộ,Nhiệt đới gió mùa
1370,38,Thanh Hóa,14797,Phường Hạc Thành,19.7996034,105.7863729,Bắc Trung Bộ,Nhiệt đới gió mùa
1371,38,Thanh Hóa,14812,Phường Bỉm Sơn,20.0830503,105.8650481,Bắc Trung Bộ,Nhiệt đới gió mùa
1372,38,Thanh Hóa,14818,Phường Quang Trung,20.0800890,105.8534975,Bắc Trung Bộ,Nhiệt đới gió mùa
1388,38,Thanh Hóa,14845,Xã Mường Lát,20.5275896,104.6020020,Bắc Trung Bộ,Nhiệt đới gió mùa
1389,38,Thanh Hóa,14848,Xã Tam Chung,20.5725942,104.6401385,Bắc Trung Bộ,Nhiệt đới gió mùa
1390,38,Thanh Hóa,14854,Xã Mường Lý,20.5460471,104.7840393,Bắc Trung Bộ,Nhiệt đới gió mùa
1391,38,Thanh Hóa,14857,Xã Trung Lý,20.4600033,104.6976438,Bắc Trung Bộ,Nhiệt đới gió mùa
1392,38,Thanh Hóa,14860,Xã Quang Chiểu,20.4628894,104.4562002,Bắc Trung Bộ,Nhiệt đới gió mùa
1393,38,Thanh Hóa,14863,Xã Pù Nhi,20.4753005,104.5672451,Bắc Trung Bộ,Nhiệt đới gió mùa
1394,38,Thanh Hóa,14864,Xã Nhi Sơn,20.4783196,104.6437018,Bắc Trung Bộ,Nhiệt đới gió mùa
1395,38,Thanh Hóa,14866,Xã Mường Chanh,20.4016043,104.4494944,Bắc Trung Bộ,Nhiệt đới gió mùa
1396,38,Thanh Hóa,14869,Xã Hồi Xuân,20.3812686,105.1049653,Bắc Trung Bộ,Nhiệt đới gió mùa
1397,38,Thanh Hóa,14872,Xã Trung Thành,20.5686677,104.9277766,Bắc Trung Bộ,Nhiệt đới gió mùa
1398,38,Thanh Hóa,14875,Xã Trung Sơn,20.6159063,104.8374010,Bắc Trung Bộ,Nhiệt đới gió mùa
1399,38,Thanh Hóa,14878,Xã Phú Lệ,20.5535245,105.0229270,Bắc Trung Bộ,Nhiệt đới gió mùa
1400,38,Thanh Hóa,14890,Xã Phú Xuân,20.4623560,105.0253333,Bắc Trung Bộ,Nhiệt đới gió mùa
1401,38,Thanh Hóa,14896,Xã Hiền Kiệt,20.4342100,104.8109088,Bắc Trung Bộ,Nhiệt đới gió mùa
1402,38,Thanh Hóa,14902,Xã Nam Xuân,20.4054253,104.9845965,Bắc Trung Bộ,Nhiệt đới gió mùa
1403,38,Thanh Hóa,14908,Xã Thiên Phủ,20.3613157,104.8929794,Bắc Trung Bộ,Nhiệt đới gió mùa
1404,38,Thanh Hóa,14923,Xã Bá Thước,20.3510369,105.2201972,Bắc Trung Bộ,Nhiệt đới gió mùa
1405,38,Thanh Hóa,14932,Xã Điền Quang,20.2537309,105.2605531,Bắc Trung Bộ,Nhiệt đới gió mùa
1406,38,Thanh Hóa,14950,Xã Điền Lư,20.2982059,105.3009833,Bắc Trung Bộ,Nhiệt đới gió mùa
1407,38,Thanh Hóa,14953,Xã Quý Lương,20.3309028,105.3320899,Bắc Trung Bộ,Nhiệt đới gió mùa
1408,38,Thanh Hóa,14956,Xã Pù Luông,20.4206523,105.1713758,Bắc Trung Bộ,Nhiệt đới gió mùa
1409,38,Thanh Hóa,14959,Xã Cổ Lũng,20.4633683,105.1983869,Bắc Trung Bộ,Nhiệt đới gió mùa
1410,38,Thanh Hóa,14974,Xã Văn Nho,20.2648873,105.1298244,Bắc Trung Bộ,Nhiệt đới gió mùa
1411,38,Thanh Hóa,14980,Xã Thiết Ống,20.2928152,105.1852882,Bắc Trung Bộ,Nhiệt đới gió mùa
1412,38,Thanh Hóa,15001,Xã Trung Hạ,20.3000219,105.0113496,Bắc Trung Bộ,Nhiệt đới gió mùa
1413,38,Thanh Hóa,15007,Xã Tam Thanh,20.1895334,104.8749440,Bắc Trung Bộ,Nhiệt đới gió mùa
1414,38,Thanh Hóa,15010,Xã Sơn Thủy,20.3141762,104.7455894,Bắc Trung Bộ,Nhiệt đới gió mùa
1415,38,Thanh Hóa,15013,Xã Na Mèo,20.2990102,104.6277273,Bắc Trung Bộ,Nhiệt đới gió mùa
1416,38,Thanh Hóa,15016,Xã Quan Sơn,20.2537111,104.9465027,Bắc Trung Bộ,Nhiệt đới gió mùa
1417,38,Thanh Hóa,15019,Xã Tam Lư,20.2320634,104.9393735,Bắc Trung Bộ,Nhiệt đới gió mùa
1418,38,Thanh Hóa,15022,Xã Sơn Điện,20.2751325,104.7861414,Bắc Trung Bộ,Nhiệt đới gió mùa
1419,38,Thanh Hóa,15025,Xã Mường Mìn,20.2781539,104.7532107,Bắc Trung Bộ,Nhiệt đới gió mùa
1420,38,Thanh Hóa,15031,Xã Yên Khương,20.1568468,105.0508765,Bắc Trung Bộ,Nhiệt đới gió mùa
1421,38,Thanh Hóa,15034,Xã Yên Thắng,20.1476917,105.1038140,Bắc Trung Bộ,Nhiệt đới gió mùa
1422,38,Thanh Hóa,15043,Xã Giao An,20.0312400,105.2489684,Bắc Trung Bộ,Nhiệt đới gió mùa
1423,38,Thanh Hóa,15049,Xã Văn Phú,20.2238180,105.0993837,Bắc Trung Bộ,Nhiệt đới gió mùa
1424,38,Thanh Hóa,15055,Xã Linh Sơn,20.1294173,105.2059218,Bắc Trung Bộ,Nhiệt đới gió mùa
1425,38,Thanh Hóa,15058,Xã Đồng Lương,20.1813872,105.2185155,Bắc Trung Bộ,Nhiệt đới gió mùa
1426,38,Thanh Hóa,15061,Xã Ngọc Lặc,20.0809784,105.3784177,Bắc Trung Bộ,Nhiệt đới gió mùa
1427,38,Thanh Hóa,15085,Xã Thạch Lập,20.1502149,105.3628564,Bắc Trung Bộ,Nhiệt đới gió mùa
1428,38,Thanh Hóa,15091,Xã Ngọc Liên,20.1001684,105.4208672,Bắc Trung Bộ,Nhiệt đới gió mùa
1429,38,Thanh Hóa,15106,Xã Nguyệt Ấn,19.9974322,105.3458705,Bắc Trung Bộ,Nhiệt đới gió mùa
1430,38,Thanh Hóa,15112,Xã Kiên Thọ,19.9665029,105.3981025,Bắc Trung Bộ,Nhiệt đới gió mùa
1431,38,Thanh Hóa,15124,Xã Minh Sơn,20.0141415,105.4243648,Bắc Trung Bộ,Nhiệt đới gió mùa
1432,38,Thanh Hóa,15127,Xã Cẩm Thủy,20.2072706,105.4753785,Bắc Trung Bộ,Nhiệt đới gió mùa
1433,38,Thanh Hóa,15142,Xã Cẩm Thạch,20.2325480,105.3861734,Bắc Trung Bộ,Nhiệt đới gió mùa
1434,38,Thanh Hóa,15148,Xã Cẩm Tú,20.2458110,105.4978778,Bắc Trung Bộ,Nhiệt đới gió mùa
1435,38,Thanh Hóa,15163,Xã Cẩm Vân,20.1520516,105.4506092,Bắc Trung Bộ,Nhiệt đới gió mùa
1436,38,Thanh Hóa,15178,Xã Cẩm Tân,20.1648197,105.5784456,Bắc Trung Bộ,Nhiệt đới gió mùa
1437,38,Thanh Hóa,15187,Xã Kim Tân,20.1312954,105.6736228,Bắc Trung Bộ,Nhiệt đới gió mùa
1438,38,Thanh Hóa,15190,Xã Vân Du,20.1511990,105.7304275,Bắc Trung Bộ,Nhiệt đới gió mùa
1439,38,Thanh Hóa,15199,Xã Thạch Quảng,20.2818571,105.5226285,Bắc Trung Bộ,Nhiệt đới gió mùa
1440,38,Thanh Hóa,15211,Xã Thạch Bình,19.9695099,105.4828143,Bắc Trung Bộ,Nhiệt đới gió mùa
1441,38,Thanh Hóa,15229,Xã Thành Vinh,20.2415583,105.5868657,Bắc Trung Bộ,Nhiệt đới gió mùa
1442,38,Thanh Hóa,15250,Xã Ngọc Trạo,20.0925640,105.7526111,Bắc Trung Bộ,Nhiệt đới gió mùa
1443,38,Thanh Hóa,15271,Xã Hà Trung,19.9921815,105.8437839,Bắc Trung Bộ,Nhiệt đới gió mùa
1444,38,Thanh Hóa,15274,Xã Hà Long,20.0916117,105.7988951,Bắc Trung Bộ,Nhiệt đới gió mùa
1445,38,Thanh Hóa,15286,Xã Hoạt Giang,20.0441036,105.8456846,Bắc Trung Bộ,Nhiệt đới gió mùa
1446,38,Thanh Hóa,15298,Xã Lĩnh Toại,20.0057271,105.8897398,Bắc Trung Bộ,Nhiệt đới gió mùa
1447,38,Thanh Hóa,15316,Xã Tống Sơn,19.9967903,105.7727441,Bắc Trung Bộ,Nhiệt đới gió mùa
1448,38,Thanh Hóa,15349,Xã Vĩnh Lộc,20.0531160,105.6196146,Bắc Trung Bộ,Nhiệt đới gió mùa
1449,38,Thanh Hóa,15361,Xã Tây Đô,20.0779718,105.6046345,Bắc Trung Bộ,Nhiệt đới gió mùa
1450,38,Thanh Hóa,15382,Xã Biện Thượng,20.0081770,105.7310914,Bắc Trung Bộ,Nhiệt đới gió mùa
1451,38,Thanh Hóa,15409,Xã Yên Phú,20.0212314,105.5199079,Bắc Trung Bộ,Nhiệt đới gió mùa
1452,38,Thanh Hóa,15412,Xã Quý Lộc,20.0670440,105.5590654,Bắc Trung Bộ,Nhiệt đới gió mùa
1453,38,Thanh Hóa,15421,Xã Yên Trường,20.0192339,105.5938162,Bắc Trung Bộ,Nhiệt đới gió mùa
1454,38,Thanh Hóa,15442,Xã Yên Ninh,19.9836068,105.5992225,Bắc Trung Bộ,Nhiệt đới gió mùa
1455,38,Thanh Hóa,15448,Xã Định Hòa,19.9591999,105.6913523,Bắc Trung Bộ,Nhiệt đới gió mùa
1456,38,Thanh Hóa,15457,Xã Định Tân,19.9975112,105.6884043,Bắc Trung Bộ,Nhiệt đới gió mùa
1457,38,Thanh Hóa,15469,Xã Yên Định,19.9736698,105.6503301,Bắc Trung Bộ,Nhiệt đới gió mùa
1458,38,Thanh Hóa,15499,Xã Thọ Xuân,19.9314713,105.5201075,Bắc Trung Bộ,Nhiệt đới gió mùa
1459,38,Thanh Hóa,15505,Xã Thọ Long,19.9081884,105.5497228,Bắc Trung Bộ,Nhiệt đới gió mùa
1460,38,Thanh Hóa,15520,Xã Xuân Hòa,19.9422056,105.4798745,Bắc Trung Bộ,Nhiệt đới gió mùa
1461,38,Thanh Hóa,15544,Xã Lam Sơn,19.9055558,105.4055566,Bắc Trung Bộ,Nhiệt đới gió mùa
1462,38,Thanh Hóa,15553,Xã Sao Vàng,19.8879280,105.4617309,Bắc Trung Bộ,Nhiệt đới gió mùa
1463,38,Thanh Hóa,15568,Xã Thọ Lập,19.9657236,105.4820039,Bắc Trung Bộ,Nhiệt đới gió mùa
1464,38,Thanh Hóa,15574,Xã Xuân Tín,19.9966797,105.4908070,Bắc Trung Bộ,Nhiệt đới gió mùa
1465,38,Thanh Hóa,15592,Xã Xuân Lập,19.9485017,105.5818873,Bắc Trung Bộ,Nhiệt đới gió mùa
1466,38,Thanh Hóa,15607,Xã Bát Mọt,19.9948661,104.9875370,Bắc Trung Bộ,Nhiệt đới gió mùa
1467,38,Thanh Hóa,15610,Xã Yên Nhân,20.0238579,105.1361046,Bắc Trung Bộ,Nhiệt đới gió mùa
1468,38,Thanh Hóa,15622,Xã Vạn Xuân,19.8248094,105.2472592,Bắc Trung Bộ,Nhiệt đới gió mùa
1469,38,Thanh Hóa,15628,Xã Lương Sơn,19.9602281,105.2775172,Bắc Trung Bộ,Nhiệt đới gió mùa
1470,38,Thanh Hóa,15634,Xã Luận Thành,19.8186037,105.3827641,Bắc Trung Bộ,Nhiệt đới gió mùa
1471,38,Thanh Hóa,15643,Xã Thắng Lộc,19.7688473,105.3182066,Bắc Trung Bộ,Nhiệt đới gió mùa
1472,38,Thanh Hóa,15646,Xã Thường Xuân,19.9035840,105.3465072,Bắc Trung Bộ,Nhiệt đới gió mùa
1473,38,Thanh Hóa,15658,Xã Xuân Chinh,19.7941161,105.2068756,Bắc Trung Bộ,Nhiệt đới gió mùa
1474,38,Thanh Hóa,15661,Xã Tân Thành,19.7852342,105.3725860,Bắc Trung Bộ,Nhiệt đới gió mùa
1475,38,Thanh Hóa,15664,Xã Triệu Sơn,19.8217041,105.5918231,Bắc Trung Bộ,Nhiệt đới gió mùa
1476,38,Thanh Hóa,15667,Xã Thọ Bình,19.8535269,105.4850405,Bắc Trung Bộ,Nhiệt đới gió mùa
1477,38,Thanh Hóa,15682,Xã Hợp Tiến,19.8002071,105.5482367,Bắc Trung Bộ,Nhiệt đới gió mùa
1478,38,Thanh Hóa,15715,Xã Tân Ninh,19.7504712,105.6355152,Bắc Trung Bộ,Nhiệt đới gió mùa
1479,38,Thanh Hóa,15724,Xã Đồng Tiến,19.7673885,105.6785338,Bắc Trung Bộ,Nhiệt đới gió mùa
1480,38,Thanh Hóa,15754,Xã Thọ Ngọc,19.8651637,105.5257005,Bắc Trung Bộ,Nhiệt đới gió mùa
1481,38,Thanh Hóa,15763,Xã Thọ Phú,19.8735603,105.5584890,Bắc Trung Bộ,Nhiệt đới gió mùa
1482,38,Thanh Hóa,15766,Xã An Nông,19.7891448,105.6300996,Bắc Trung Bộ,Nhiệt đới gió mùa
1483,38,Thanh Hóa,15772,Xã Thiệu Hóa,19.8862853,105.6800613,Bắc Trung Bộ,Nhiệt đới gió mùa
1484,38,Thanh Hóa,15778,Xã Thiệu Tiến,19.9260125,105.6459919,Bắc Trung Bộ,Nhiệt đới gió mùa
1485,38,Thanh Hóa,15796,Xã Thiệu Quang,19.9183653,105.7323412,Bắc Trung Bộ,Nhiệt đới gió mùa
1486,38,Thanh Hóa,15820,Xã Thiệu Toán,19.8965294,105.6100322,Bắc Trung Bộ,Nhiệt đới gió mùa
1487,38,Thanh Hóa,15835,Xã Thiệu Trung,19.8523129,105.6802610,Bắc Trung Bộ,Nhiệt đới gió mùa
1373,38,Thanh Hóa,15853,Phường Đông Tiến,19.8420318,105.7119074,Bắc Trung Bộ,Nhiệt đới gió mùa
1488,38,Thanh Hóa,15865,Xã Hoằng Hóa,19.8657793,105.8581963,Bắc Trung Bộ,Nhiệt đới gió mùa
1489,38,Thanh Hóa,15880,Xã Hoằng Giang,19.8876924,105.7713160,Bắc Trung Bộ,Nhiệt đới gió mùa
1490,38,Thanh Hóa,15889,Xã Hoằng Phú,19.9069756,105.8054478,Bắc Trung Bộ,Nhiệt đới gió mùa
1491,38,Thanh Hóa,15910,Xã Hoằng Sơn,19.9062565,105.8408480,Bắc Trung Bộ,Nhiệt đới gió mùa
1374,38,Thanh Hóa,15925,Phường Nguyệt Viên,19.8233549,105.8175295,Bắc Trung Bộ,Nhiệt đới gió mùa
1492,38,Thanh Hóa,15961,Xã Hoằng Lộc,19.8142991,105.8445011,Bắc Trung Bộ,Nhiệt đới gió mùa
1493,38,Thanh Hóa,15976,Xã Hoằng Châu,19.8273453,105.8768176,Bắc Trung Bộ,Nhiệt đới gió mùa
1494,38,Thanh Hóa,15991,Xã Hoằng Tiến,19.8652013,105.9296173,Bắc Trung Bộ,Nhiệt đới gió mùa
1495,38,Thanh Hóa,16000,Xã Hoằng Thanh,19.9695099,105.4828143,Bắc Trung Bộ,Nhiệt đới gió mùa
1496,38,Thanh Hóa,16012,Xã Hậu Lộc,19.9141940,105.8861851,Bắc Trung Bộ,Nhiệt đới gió mùa
1497,38,Thanh Hóa,16021,Xã Triệu Lộc,19.9421613,105.8195387,Bắc Trung Bộ,Nhiệt đới gió mùa
1498,38,Thanh Hóa,16033,Xã Đông Thành,19.9614537,105.8665634,Bắc Trung Bộ,Nhiệt đới gió mùa
1499,38,Thanh Hóa,16072,Xã Hoa Lộc,19.9199181,105.9204601,Bắc Trung Bộ,Nhiệt đới gió mùa
1500,38,Thanh Hóa,16078,Xã Vạn Lộc,19.9330073,105.9546771,Bắc Trung Bộ,Nhiệt đới gió mùa
1501,38,Thanh Hóa,16093,Xã Nga Sơn,20.0063050,105.9701247,Bắc Trung Bộ,Nhiệt đới gió mùa
1502,38,Thanh Hóa,16108,Xã Tân Tiến,20.0176119,106.0399281,Bắc Trung Bộ,Nhiệt đới gió mùa
1503,38,Thanh Hóa,16114,Xã Nga Thắng,19.9855891,105.9377092,Bắc Trung Bộ,Nhiệt đới gió mùa
1504,38,Thanh Hóa,16138,Xã Hồ Vương,20.0190581,106.0066905,Bắc Trung Bộ,Nhiệt đới gió mùa
1505,38,Thanh Hóa,16144,Xã Nga An,20.0406106,106.0238787,Bắc Trung Bộ,Nhiệt đới gió mùa
1506,38,Thanh Hóa,16171,Xã Ba Đình,20.0284485,105.9548421,Bắc Trung Bộ,Nhiệt đới gió mùa
1507,38,Thanh Hóa,16174,Xã Như Xuân,19.6675530,105.4344188,Bắc Trung Bộ,Nhiệt đới gió mùa
1508,38,Thanh Hóa,16177,Xã Xuân Bình,19.5326430,105.3948481,Bắc Trung Bộ,Nhiệt đới gió mùa
1509,38,Thanh Hóa,16186,Xã Hóa Quỳ,19.6121319,105.4579189,Bắc Trung Bộ,Nhiệt đới gió mùa
1510,38,Thanh Hóa,16213,Xã Thanh Phong,19.6410287,105.3211228,Bắc Trung Bộ,Nhiệt đới gió mùa
1511,38,Thanh Hóa,16222,Xã Thanh Quân,19.7025565,105.2527646,Bắc Trung Bộ,Nhiệt đới gió mùa
1512,38,Thanh Hóa,16225,Xã Thượng Ninh,19.7059918,105.4492610,Bắc Trung Bộ,Nhiệt đới gió mùa
1513,38,Thanh Hóa,16228,Xã Như Thanh,19.6455796,105.5769212,Bắc Trung Bộ,Nhiệt đới gió mùa
1514,38,Thanh Hóa,16234,Xã Xuân Du,19.7660992,105.5105888,Bắc Trung Bộ,Nhiệt đới gió mùa
1515,38,Thanh Hóa,16249,Xã Mậu Lâm,19.6772866,105.6044896,Bắc Trung Bộ,Nhiệt đới gió mùa
1516,38,Thanh Hóa,16258,Xã Xuân Thái,19.5420249,105.5208078,Bắc Trung Bộ,Nhiệt đới gió mùa
1517,38,Thanh Hóa,16264,Xã Yên Thọ,19.5907571,105.5828542,Bắc Trung Bộ,Nhiệt đới gió mùa
1518,38,Thanh Hóa,16273,Xã Thanh Kỳ,19.4565497,105.6298757,Bắc Trung Bộ,Nhiệt đới gió mùa
1519,38,Thanh Hóa,16279,Xã Nông Cống,19.6261950,105.6499863,Bắc Trung Bộ,Nhiệt đới gió mùa
1520,38,Thanh Hóa,16297,Xã Trung Chính,19.7272732,105.6558827,Bắc Trung Bộ,Nhiệt đới gió mùa
1521,38,Thanh Hóa,16309,Xã Thắng Lợi,19.6824153,105.6760459,Bắc Trung Bộ,Nhiệt đới gió mùa
1522,38,Thanh Hóa,16342,Xã Thăng Bình,19.5877270,105.6611531,Bắc Trung Bộ,Nhiệt đới gió mùa
1523,38,Thanh Hóa,16348,Xã Trường Văn,19.6138729,105.7448374,Bắc Trung Bộ,Nhiệt đới gió mùa
1524,38,Thanh Hóa,16363,Xã Tượng Lĩnh,19.5671309,105.7072205,Bắc Trung Bộ,Nhiệt đới gió mùa
1525,38,Thanh Hóa,16369,Xã Công Chính,19.5643527,105.6594185,Bắc Trung Bộ,Nhiệt đới gió mùa
1375,38,Thanh Hóa,16378,Phường Đông Sơn,19.7956864,105.7922692,Bắc Trung Bộ,Nhiệt đới gió mùa
1376,38,Thanh Hóa,16417,Phường Đông Quang,19.7605750,105.7380471,Bắc Trung Bộ,Nhiệt đới gió mùa
1526,38,Thanh Hóa,16438,Xã Lưu Vệ,19.7304579,105.7917370,Bắc Trung Bộ,Nhiệt đới gió mùa
1527,38,Thanh Hóa,16480,Xã Quảng Yên,19.7141481,105.7538921,Bắc Trung Bộ,Nhiệt đới gió mùa
1528,38,Thanh Hóa,16489,Xã Quảng Chính,19.6204227,105.7941641,Bắc Trung Bộ,Nhiệt đới gió mùa
1529,38,Thanh Hóa,16498,Xã Quảng Ngọc,19.6700117,105.7600585,Bắc Trung Bộ,Nhiệt đới gió mùa
1377,38,Thanh Hóa,16516,Phường Nam Sầm Sơn,19.7216615,105.8472504,Bắc Trung Bộ,Nhiệt đới gió mùa
1378,38,Thanh Hóa,16522,Phường Quảng Phú,19.7682900,105.8338179,Bắc Trung Bộ,Nhiệt đới gió mùa
1379,38,Thanh Hóa,16531,Phường Sầm Sơn,19.7366820,105.8989867,Bắc Trung Bộ,Nhiệt đới gió mùa
1530,38,Thanh Hóa,16540,Xã Quảng Ninh,19.7006104,105.8085989,Bắc Trung Bộ,Nhiệt đới gió mùa
1531,38,Thanh Hóa,16543,Xã Quảng Bình,19.6650601,105.8223272,Bắc Trung Bộ,Nhiệt đới gió mùa
1532,38,Thanh Hóa,16549,Xã Tiên Trang,19.6189725,105.8210332,Bắc Trung Bộ,Nhiệt đới gió mùa
1380,38,Thanh Hóa,16561,Phường Tĩnh Gia,19.4476550,105.7919882,Bắc Trung Bộ,Nhiệt đới gió mùa
1381,38,Thanh Hóa,16576,Phường Ngọc Sơn,19.5759650,105.7840918,Bắc Trung Bộ,Nhiệt đới gió mùa
1533,38,Thanh Hóa,16591,Xã Các Sơn,19.5104934,105.7263180,Bắc Trung Bộ,Nhiệt đới gió mùa
1382,38,Thanh Hóa,16594,Phường Tân Dân,19.5270314,105.7945632,Bắc Trung Bộ,Nhiệt đới gió mùa
1383,38,Thanh Hóa,16597,Phường Hải Lĩnh,19.5042987,105.7957648,Bắc Trung Bộ,Nhiệt đới gió mùa
1384,38,Thanh Hóa,16609,Phường Đào Duy Từ,19.4326006,105.7676123,Bắc Trung Bộ,Nhiệt đới gió mùa
1385,38,Thanh Hóa,16624,Phường Trúc Lâm,19.3986421,105.7466054,Bắc Trung Bộ,Nhiệt đới gió mùa
1534,38,Thanh Hóa,16636,Xã Trường Lâm,19.3287146,105.7027894,Bắc Trung Bộ,Nhiệt đới gió mùa
1386,38,Thanh Hóa,16645,Phường Hải Bình,19.9695099,105.4828143,Bắc Trung Bộ,Nhiệt đới gió mùa
1387,38,Thanh Hóa,16654,Phường Nghi Sơn,19.3264924,105.8076525,Bắc Trung Bộ,Nhiệt đới gió mùa
1535,40,Nghệ An,16681,Phường Thành Vinh,18.6722509,105.6741120,Bắc Trung Bộ,Nhiệt đới gió mùa
1536,40,Nghệ An,16690,Phường Trường Vinh,18.6595616,105.6970309,Bắc Trung Bộ,Nhiệt đới gió mùa
1537,40,Nghệ An,16702,Phường Vinh Phú,18.7034318,105.6832045,Bắc Trung Bộ,Nhiệt đới gió mùa
1538,40,Nghệ An,16708,Phường Vinh Lộc,18.7416251,105.7289172,Bắc Trung Bộ,Nhiệt đới gió mùa
1539,40,Nghệ An,16732,Phường Cửa Lò,18.7960216,105.7273264,Bắc Trung Bộ,Nhiệt đới gió mùa
1546,40,Nghệ An,16738,Xã Quế Phong,19.6039815,104.9192915,Bắc Trung Bộ,Nhiệt đới gió mùa
1547,40,Nghệ An,16744,Xã Thông Thụ,19.7964878,104.9843622,Bắc Trung Bộ,Nhiệt đới gió mùa
1548,40,Nghệ An,16750,Xã Tiền Phong,19.6408978,104.9630550,Bắc Trung Bộ,Nhiệt đới gió mùa
1549,40,Nghệ An,16756,Xã Tri Lễ,19.5782298,104.7201391,Bắc Trung Bộ,Nhiệt đới gió mùa
1550,40,Nghệ An,16774,Xã Mường Quàng,19.5182672,104.8508173,Bắc Trung Bộ,Nhiệt đới gió mùa
1551,40,Nghệ An,16777,Xã Quỳ Châu,19.5613481,105.1471100,Bắc Trung Bộ,Nhiệt đới gió mùa
1552,40,Nghệ An,16792,Xã Châu Tiến,19.6489878,105.0796630,Bắc Trung Bộ,Nhiệt đới gió mùa
1553,40,Nghệ An,16801,Xã Hùng Chân,19.4108656,104.9671454,Bắc Trung Bộ,Nhiệt đới gió mùa
1554,40,Nghệ An,16804,Xã Châu Bình,19.5058820,105.2141454,Bắc Trung Bộ,Nhiệt đới gió mùa
1555,40,Nghệ An,16813,Xã Mường Xén,19.3951506,104.1567248,Bắc Trung Bộ,Nhiệt đới gió mùa
1556,40,Nghệ An,16816,Xã Mỹ Lý,19.5904180,104.3387573,Bắc Trung Bộ,Nhiệt đới gió mùa
1557,40,Nghệ An,16819,Xã Bắc Lý,19.5948963,104.2671732,Bắc Trung Bộ,Nhiệt đới gió mùa
1558,40,Nghệ An,16822,Xã Keng Đu,19.6251157,104.1056954,Bắc Trung Bộ,Nhiệt đới gió mùa
1559,40,Nghệ An,16828,Xã Huồi Tụ,19.5221565,104.2561912,Bắc Trung Bộ,Nhiệt đới gió mùa
1560,40,Nghệ An,16831,Xã Mường Lống,19.5314089,104.3354624,Bắc Trung Bộ,Nhiệt đới gió mùa
1561,40,Nghệ An,16834,Xã Na Loi,19.5688086,104.1745118,Bắc Trung Bộ,Nhiệt đới gió mùa
1562,40,Nghệ An,16837,Xã Nậm Cắn,19.4684279,104.0906911,Bắc Trung Bộ,Nhiệt đới gió mùa
1563,40,Nghệ An,16849,Xã Hữu Kiệm,19.3784324,104.2056818,Bắc Trung Bộ,Nhiệt đới gió mùa
1564,40,Nghệ An,16855,Xã Chiêu Lưu,19.3745441,104.3479019,Bắc Trung Bộ,Nhiệt đới gió mùa
1565,40,Nghệ An,16858,Xã Mường Típ,19.2845259,104.0127990,Bắc Trung Bộ,Nhiệt đới gió mùa
1566,40,Nghệ An,16870,Xã Na Ngoi,19.2439961,104.2121202,Bắc Trung Bộ,Nhiệt đới gió mùa
1567,40,Nghệ An,16876,Xã Tương Dương,19.2597759,104.4691594,Bắc Trung Bộ,Nhiệt đới gió mùa
1568,40,Nghệ An,16882,Xã Nhôn Mai,19.5444048,104.4954789,Bắc Trung Bộ,Nhiệt đới gió mùa
1569,40,Nghệ An,16885,Xã Hữu Khuông,19.4796980,104.6638455,Bắc Trung Bộ,Nhiệt đới gió mùa
1570,40,Nghệ An,16903,Xã Nga My,19.2765114,104.7858798,Bắc Trung Bộ,Nhiệt đới gió mùa
1571,40,Nghệ An,16906,Xã Lượng Minh,19.3982285,104.4827488,Bắc Trung Bộ,Nhiệt đới gió mùa
1572,40,Nghệ An,16909,Xã Yên Hòa,19.2889327,104.6640345,Bắc Trung Bộ,Nhiệt đới gió mùa
1573,40,Nghệ An,16912,Xã Yên Na,19.3077655,104.5904576,Bắc Trung Bộ,Nhiệt đới gió mùa
1574,40,Nghệ An,16933,Xã Tam Quang,19.1581828,104.6769673,Bắc Trung Bộ,Nhiệt đới gió mùa
1575,40,Nghệ An,16936,Xã Tam Thái,19.2263330,104.5327261,Bắc Trung Bộ,Nhiệt đới gió mùa
1540,40,Nghệ An,16939,Phường Thái Hòa,19.3186197,105.4306593,Bắc Trung Bộ,Nhiệt đới gió mùa
1576,40,Nghệ An,16941,Xã Nghĩa Đàn,19.3633118,105.4705238,Bắc Trung Bộ,Nhiệt đới gió mùa
1577,40,Nghệ An,16951,Xã Nghĩa Lâm,19.4144522,105.4436500,Bắc Trung Bộ,Nhiệt đới gió mùa
1578,40,Nghệ An,16969,Xã Nghĩa Thọ,19.3158753,105.5402328,Bắc Trung Bộ,Nhiệt đới gió mùa
1579,40,Nghệ An,16972,Xã Nghĩa Hưng,19.3317094,105.3515443,Bắc Trung Bộ,Nhiệt đới gió mùa
1580,40,Nghệ An,16975,Xã Nghĩa Mai,19.3730644,105.3905732,Bắc Trung Bộ,Nhiệt đới gió mùa
1541,40,Nghệ An,17011,Phường Tây Hiếu,19.3081042,105.4151345,Bắc Trung Bộ,Nhiệt đới gió mùa
1581,40,Nghệ An,17017,Xã Đông Hiếu,19.2796939,105.4770346,Bắc Trung Bộ,Nhiệt đới gió mùa
1582,40,Nghệ An,17029,Xã Nghĩa Lộc,19.2198698,105.4573088,Bắc Trung Bộ,Nhiệt đới gió mùa
1583,40,Nghệ An,17032,Xã Nghĩa Khánh,19.2561177,105.3925169,Bắc Trung Bộ,Nhiệt đới gió mùa
1584,40,Nghệ An,17035,Xã Quỳ Hợp,19.3283971,105.1835595,Bắc Trung Bộ,Nhiệt đới gió mùa
1585,40,Nghệ An,17044,Xã Châu Hồng,19.3930698,105.0509761,Bắc Trung Bộ,Nhiệt đới gió mùa
1586,40,Nghệ An,17056,Xã Châu Lộc,19.3868827,105.1864541,Bắc Trung Bộ,Nhiệt đới gió mùa
1587,40,Nghệ An,17059,Xã Tam Hợp,19.3557539,105.2861044,Bắc Trung Bộ,Nhiệt đới gió mùa
1588,40,Nghệ An,17071,Xã Minh Hợp,19.2374158,105.2878581,Bắc Trung Bộ,Nhiệt đới gió mùa
1589,40,Nghệ An,17077,Xã Mường Ham,19.2955196,105.1444046,Bắc Trung Bộ,Nhiệt đới gió mùa
1590,40,Nghệ An,17089,Xã Mường Chọng,19.2225724,105.0833292,Bắc Trung Bộ,Nhiệt đới gió mùa
1542,40,Nghệ An,17110,Phường Hoàng Mai,19.2610911,105.7088666,Bắc Trung Bộ,Nhiệt đới gió mùa
1543,40,Nghệ An,17125,Phường Quỳnh Mai,19.2297829,105.7418661,Bắc Trung Bộ,Nhiệt đới gió mùa
1544,40,Nghệ An,17128,Phường Tân Mai,19.2779642,105.7965914,Bắc Trung Bộ,Nhiệt đới gió mùa
1591,40,Nghệ An,17143,Xã Quỳnh Văn,19.2077025,105.6533438,Bắc Trung Bộ,Nhiệt đới gió mùa
1592,40,Nghệ An,17149,Xã Quỳnh Tam,19.2027918,105.5175143,Bắc Trung Bộ,Nhiệt đới gió mùa
1593,40,Nghệ An,17170,Xã Quỳnh Sơn,19.1730959,105.6015395,Bắc Trung Bộ,Nhiệt đới gió mùa
1594,40,Nghệ An,17176,Xã Quỳnh Anh,19.1675987,105.6839400,Bắc Trung Bộ,Nhiệt đới gió mùa
1595,40,Nghệ An,17179,Xã Quỳnh Lưu,19.1432169,105.6353452,Bắc Trung Bộ,Nhiệt đới gió mùa
1596,40,Nghệ An,17212,Xã Quỳnh Phú,19.1038749,105.6762142,Bắc Trung Bộ,Nhiệt đới gió mùa
1597,40,Nghệ An,17224,Xã Quỳnh Thắng,19.2777614,105.5870018,Bắc Trung Bộ,Nhiệt đới gió mùa
1598,40,Nghệ An,17230,Xã Bình Chuẩn,19.2340928,104.9205065,Bắc Trung Bộ,Nhiệt đới gió mùa
1599,40,Nghệ An,17239,Xã Mậu Thạch,19.0685981,104.9675219,Bắc Trung Bộ,Nhiệt đới gió mùa
1600,40,Nghệ An,17242,Xã Cam Phục,19.1201742,104.8632921,Bắc Trung Bộ,Nhiệt đới gió mùa
1601,40,Nghệ An,17248,Xã Châu Khê,19.1093097,104.7842487,Bắc Trung Bộ,Nhiệt đới gió mùa
1602,40,Nghệ An,17254,Xã Con Cuông,19.0500513,104.8819294,Bắc Trung Bộ,Nhiệt đới gió mùa
1603,40,Nghệ An,17263,Xã Môn Sơn,18.9411605,104.9464775,Bắc Trung Bộ,Nhiệt đới gió mùa
1604,40,Nghệ An,17266,Xã Tân Kỳ,19.0548103,105.2690235,Bắc Trung Bộ,Nhiệt đới gió mùa
1605,40,Nghệ An,17272,Xã Tân Phú,19.1374363,105.2755671,Bắc Trung Bộ,Nhiệt đới gió mùa
1606,40,Nghệ An,17278,Xã Giai Xuân,19.1501744,105.2397441,Bắc Trung Bộ,Nhiệt đới gió mùa
1607,40,Nghệ An,17284,Xã Nghĩa Đồng,19.1697408,105.3470261,Bắc Trung Bộ,Nhiệt đới gió mùa
1608,40,Nghệ An,17287,Xã Tiên Đồng,19.1181729,105.1128953,Bắc Trung Bộ,Nhiệt đới gió mùa
1609,40,Nghệ An,17305,Xã Tân An,19.0741315,105.1953364,Bắc Trung Bộ,Nhiệt đới gió mùa
1610,40,Nghệ An,17326,Xã Nghĩa Hành,19.0310238,105.1083898,Bắc Trung Bộ,Nhiệt đới gió mùa
1611,40,Nghệ An,17329,Xã Anh Sơn,18.9732851,105.0751432,Bắc Trung Bộ,Nhiệt đới gió mùa
1612,40,Nghệ An,17335,Xã Thành Bình Thọ,19.0882198,105.0395196,Bắc Trung Bộ,Nhiệt đới gió mùa
1613,40,Nghệ An,17344,Xã Nhân Hòa,19.0003763,105.0090703,Bắc Trung Bộ,Nhiệt đới gió mùa
1614,40,Nghệ An,17357,Xã Vĩnh Tường,18.9656455,105.0296826,Bắc Trung Bộ,Nhiệt đới gió mùa
1615,40,Nghệ An,17365,Xã Anh Sơn Đông,18.9549710,105.2187116,Bắc Trung Bộ,Nhiệt đới gió mùa
1616,40,Nghệ An,17380,Xã Yên Xuân,18.9045126,105.1804549,Bắc Trung Bộ,Nhiệt đới gió mùa
1617,40,Nghệ An,17395,Xã Hùng Châu,19.1125135,105.5852242,Bắc Trung Bộ,Nhiệt đới gió mùa
1618,40,Nghệ An,17416,Xã Đức Châu,19.0394878,105.5843332,Bắc Trung Bộ,Nhiệt đới gió mùa
1619,40,Nghệ An,17419,Xã Hải Châu,19.0506638,105.6261426,Bắc Trung Bộ,Nhiệt đới gió mùa
1620,40,Nghệ An,17443,Xã Quảng Châu,19.0117433,105.5523831,Bắc Trung Bộ,Nhiệt đới gió mùa
1621,40,Nghệ An,17464,Xã Diễn Châu,18.9773365,105.6014721,Bắc Trung Bộ,Nhiệt đới gió mùa
1622,40,Nghệ An,17476,Xã Minh Châu,18.9602131,105.5530469,Bắc Trung Bộ,Nhiệt đới gió mùa
1623,40,Nghệ An,17479,Xã An Châu,18.9206853,105.6024096,Bắc Trung Bộ,Nhiệt đới gió mùa
1624,40,Nghệ An,17488,Xã Tân Châu,18.9049426,105.5597081,Bắc Trung Bộ,Nhiệt đới gió mùa
1625,40,Nghệ An,17506,Xã Yên Thành,19.0003488,105.4726175,Bắc Trung Bộ,Nhiệt đới gió mùa
1626,40,Nghệ An,17515,Xã Bình Minh,19.1057392,105.4905069,Bắc Trung Bộ,Nhiệt đới gió mùa
1627,40,Nghệ An,17521,Xã Quang Đồng,19.0441021,105.3863684,Bắc Trung Bộ,Nhiệt đới gió mùa
1628,40,Nghệ An,17524,Xã Giai Lạc,19.0919005,105.4421427,Bắc Trung Bộ,Nhiệt đới gió mùa
1629,40,Nghệ An,17530,Xã Đông Thành,19.0551997,105.5407419,Bắc Trung Bộ,Nhiệt đới gió mùa
1630,40,Nghệ An,17560,Xã Vân Du,18.9554326,105.3803265,Bắc Trung Bộ,Nhiệt đới gió mùa
1631,40,Nghệ An,17569,Xã Quan Thành,18.9828781,105.4395101,Bắc Trung Bộ,Nhiệt đới gió mùa
1632,40,Nghệ An,17605,Xã Hợp Minh,18.9298438,105.4896636,Bắc Trung Bộ,Nhiệt đới gió mùa
1633,40,Nghệ An,17611,Xã Vân Tụ,18.9324662,105.4310218,Bắc Trung Bộ,Nhiệt đới gió mùa
1634,40,Nghệ An,17623,Xã Bạch Ngọc,18.9384281,105.2638360,Bắc Trung Bộ,Nhiệt đới gió mùa
1635,40,Nghệ An,17641,Xã Lương Sơn,18.9291305,105.3088248,Bắc Trung Bộ,Nhiệt đới gió mùa
1636,40,Nghệ An,17662,Xã Đô Lương,18.8974574,105.3079705,Bắc Trung Bộ,Nhiệt đới gió mùa
1637,40,Nghệ An,17677,Xã Văn Hiến,18.8874275,105.4017813,Bắc Trung Bộ,Nhiệt đới gió mùa
1638,40,Nghệ An,17689,Xã Thuần Trung,18.8566893,105.3290943,Bắc Trung Bộ,Nhiệt đới gió mùa
1639,40,Nghệ An,17707,Xã Bạch Hà,18.8472170,105.4292316,Bắc Trung Bộ,Nhiệt đới gió mùa
1640,40,Nghệ An,17713,Xã Đại Đồng,18.7813136,105.3367331,Bắc Trung Bộ,Nhiệt đới gió mùa
1641,40,Nghệ An,17722,Xã Hạnh Lâm,18.8153497,105.1730342,Bắc Trung Bộ,Nhiệt đới gió mùa
1642,40,Nghệ An,17728,Xã Cát Ngạn,18.8558144,105.2418199,Bắc Trung Bộ,Nhiệt đới gió mùa
1643,40,Nghệ An,17743,Xã Tam Đồng,18.8195675,105.2436300,Bắc Trung Bộ,Nhiệt đới gió mùa
1644,40,Nghệ An,17759,Xã Sơn Lâm,18.7483447,105.2084751,Bắc Trung Bộ,Nhiệt đới gió mùa
1645,40,Nghệ An,17770,Xã Hoa Quân,18.7659036,105.2978897,Bắc Trung Bộ,Nhiệt đới gió mùa
1646,40,Nghệ An,17779,Xã Xuân Lâm,18.7040002,105.4205328,Bắc Trung Bộ,Nhiệt đới gió mùa
1647,40,Nghệ An,17791,Xã Kim Bảng,18.6988843,105.3858908,Bắc Trung Bộ,Nhiệt đới gió mùa
1648,40,Nghệ An,17818,Xã Bích Hào,18.6733234,105.4157908,Bắc Trung Bộ,Nhiệt đới gió mùa
1649,40,Nghệ An,17827,Xã Nghi Lộc,18.7794321,105.6225567,Bắc Trung Bộ,Nhiệt đới gió mùa
1650,40,Nghệ An,17833,Xã Hải Lộc,18.8668280,105.6896420,Bắc Trung Bộ,Nhiệt đới gió mùa
1651,40,Nghệ An,17842,Xã Thần Lĩnh,18.8134992,105.5914500,Bắc Trung Bộ,Nhiệt đới gió mùa
1652,40,Nghệ An,17854,Xã Văn Kiều,18.8125366,105.4859362,Bắc Trung Bộ,Nhiệt đới gió mùa
1653,40,Nghệ An,17857,Xã Phúc Lộc,18.8067621,105.5383958,Bắc Trung Bộ,Nhiệt đới gió mùa
1654,40,Nghệ An,17866,Xã Trung Lộc,18.8297676,105.6507536,Bắc Trung Bộ,Nhiệt đới gió mùa
1655,40,Nghệ An,17878,Xã Đông Lộc,18.7787613,105.6953989,Bắc Trung Bộ,Nhiệt đới gió mùa
1545,40,Nghệ An,17920,Phường Vinh Hưng,18.6945315,105.6688371,Bắc Trung Bộ,Nhiệt đới gió mùa
1656,40,Nghệ An,17935,Xã Nam Đàn,18.7293451,105.5025204,Bắc Trung Bộ,Nhiệt đới gió mùa
1657,40,Nghệ An,17944,Xã Đại Huệ,18.7236045,105.5356594,Bắc Trung Bộ,Nhiệt đới gió mùa
1658,40,Nghệ An,17950,Xã Vạn An,18.7003247,105.4965875,Bắc Trung Bộ,Nhiệt đới gió mùa
1659,40,Nghệ An,17971,Xã Kim Liên,18.6756324,105.5634578,Bắc Trung Bộ,Nhiệt đới gió mùa
1660,40,Nghệ An,17989,Xã Thiên Nhẫn,18.6061935,105.5802876,Bắc Trung Bộ,Nhiệt đới gió mùa
1661,40,Nghệ An,18001,Xã Hưng Nguyên,18.6725556,105.6298155,Bắc Trung Bộ,Nhiệt đới gió mùa
1662,40,Nghệ An,18007,Xã Yên Trung,18.7618550,105.5852399,Bắc Trung Bộ,Nhiệt đới gió mùa
1663,40,Nghệ An,18028,Xã Hưng Nguyên Nam,18.6147850,105.6069759,Bắc Trung Bộ,Nhiệt đới gió mùa
1664,40,Nghệ An,18040,Xã Lam Thành,18.6040458,105.6654465,Bắc Trung Bộ,Nhiệt đới gió mùa
1665,42,Hà Tĩnh,18073,Phường Thành Sen,18.3393261,105.9028546,Bắc Trung Bộ,Nhiệt đới gió mùa
1666,42,Hà Tĩnh,18100,Phường Trần Phú,18.3854308,105.8917030,Bắc Trung Bộ,Nhiệt đới gió mùa
1667,42,Hà Tĩnh,18115,Phường Bắc Hồng Lĩnh,18.5343420,105.7048864,Bắc Trung Bộ,Nhiệt đới gió mùa
1668,42,Hà Tĩnh,18118,Phường Nam Hồng Lĩnh,18.5193125,105.7024453,Bắc Trung Bộ,Nhiệt đới gió mùa
1674,42,Hà Tĩnh,18133,Xã Hương Sơn,18.5116986,105.4252077,Bắc Trung Bộ,Nhiệt đới gió mùa
1675,42,Hà Tĩnh,18160,Xã Sơn Hồng,18.5786202,105.2847560,Bắc Trung Bộ,Nhiệt đới gió mùa
1676,42,Hà Tĩnh,18163,Xã Sơn Tiến,18.5973941,105.4893177,Bắc Trung Bộ,Nhiệt đới gió mùa
1677,42,Hà Tĩnh,18172,Xã Sơn Tây,18.4473770,105.3485014,Bắc Trung Bộ,Nhiệt đới gió mùa
1678,42,Hà Tĩnh,18184,Xã Sơn Giang,18.5396964,105.4102712,Bắc Trung Bộ,Nhiệt đới gió mùa
1679,42,Hà Tĩnh,18196,Xã Sơn Kim 1,18.4623276,105.1630047,Bắc Trung Bộ,Nhiệt đới gió mùa
1680,42,Hà Tĩnh,18199,Xã Sơn Kim 2,18.4279926,105.3182426,Bắc Trung Bộ,Nhiệt đới gió mùa
1681,42,Hà Tĩnh,18202,Xã Tứ Mỹ,18.5106276,105.5276613,Bắc Trung Bộ,Nhiệt đới gió mùa
1682,42,Hà Tĩnh,18223,Xã Kim Hoa,18.5004780,105.4801749,Bắc Trung Bộ,Nhiệt đới gió mùa
1683,42,Hà Tĩnh,18229,Xã Đức Thọ,18.4964715,105.5878367,Bắc Trung Bộ,Nhiệt đới gió mùa
1684,42,Hà Tĩnh,18244,Xã Đức Minh,18.5501802,105.5790049,Bắc Trung Bộ,Nhiệt đới gió mùa
1685,42,Hà Tĩnh,18262,Xã Đức Quang,18.5511875,105.6428532,Bắc Trung Bộ,Nhiệt đới gió mùa
1686,42,Hà Tĩnh,18277,Xã Đức Thịnh,18.4781567,105.6439393,Bắc Trung Bộ,Nhiệt đới gió mùa
1687,42,Hà Tĩnh,18304,Xã Đức Đồng,18.4572284,105.5674001,Bắc Trung Bộ,Nhiệt đới gió mùa
1688,42,Hà Tĩnh,18313,Xã Vũ Quang,18.3829824,105.5050036,Bắc Trung Bộ,Nhiệt đới gió mùa
1689,42,Hà Tĩnh,18322,Xã Mai Hoa,18.4631977,105.5383675,Bắc Trung Bộ,Nhiệt đới gió mùa
1690,42,Hà Tĩnh,18328,Xã Thượng Đức,18.4079379,105.5639384,Bắc Trung Bộ,Nhiệt đới gió mùa
1691,42,Hà Tĩnh,18352,Xã Nghi Xuân,18.6421132,105.7182533,Bắc Trung Bộ,Nhiệt đới gió mùa
1692,42,Hà Tĩnh,18364,Xã Đan Hải,18.7218201,105.7785945,Bắc Trung Bộ,Nhiệt đới gió mùa
1693,42,Hà Tĩnh,18373,Xã Tiên Điền,18.6591211,105.7951974,Bắc Trung Bộ,Nhiệt đới gió mùa
1694,42,Hà Tĩnh,18394,Xã Cổ Đạm,18.5744156,105.8340663,Bắc Trung Bộ,Nhiệt đới gió mùa
1695,42,Hà Tĩnh,18406,Xã Can Lộc,18.4844040,105.7684687,Bắc Trung Bộ,Nhiệt đới gió mùa
1696,42,Hà Tĩnh,18409,Xã Hồng Lộc,18.4854727,105.8503382,Bắc Trung Bộ,Nhiệt đới gió mùa
1697,42,Hà Tĩnh,18418,Xã Tùng Lộc,18.4700513,105.7957933,Bắc Trung Bộ,Nhiệt đới gió mùa
1698,42,Hà Tĩnh,18436,Xã Trường Lưu,18.4430817,105.6715675,Bắc Trung Bộ,Nhiệt đới gió mùa
1699,42,Hà Tĩnh,18466,Xã Gia Hanh,18.4425579,105.6949990,Bắc Trung Bộ,Nhiệt đới gió mùa
1700,42,Hà Tĩnh,18481,Xã Xuân Lộc,18.3851618,105.7774854,Bắc Trung Bộ,Nhiệt đới gió mùa
1701,42,Hà Tĩnh,18484,Xã Đồng Lộc,18.4053662,105.7271727,Bắc Trung Bộ,Nhiệt đới gió mùa
1702,42,Hà Tĩnh,18496,Xã Hương Khê,18.1748026,105.6976646,Bắc Trung Bộ,Nhiệt đới gió mùa
1703,42,Hà Tĩnh,18502,Xã Hà Linh,18.2922581,105.6680659,Bắc Trung Bộ,Nhiệt đới gió mùa
1704,42,Hà Tĩnh,18523,Xã Hương Bình,18.2484732,105.6544633,Bắc Trung Bộ,Nhiệt đới gió mùa
1705,42,Hà Tĩnh,18532,Xã Hương Phố,18.2190284,105.7251456,Bắc Trung Bộ,Nhiệt đới gió mùa
1706,42,Hà Tĩnh,18544,Xã Hương Xuân,18.0817927,105.7131672,Bắc Trung Bộ,Nhiệt đới gió mùa
1707,42,Hà Tĩnh,18547,Xã Phúc Trạch,18.0698614,105.8215870,Bắc Trung Bộ,Nhiệt đới gió mùa
1708,42,Hà Tĩnh,18550,Xã Hương Đô,18.1409242,105.7252527,Bắc Trung Bộ,Nhiệt đới gió mùa
1709,42,Hà Tĩnh,18562,Xã Thạch Hà,18.3794490,105.8535006,Bắc Trung Bộ,Nhiệt đới gió mùa
1710,42,Hà Tĩnh,18568,Xã Lộc Hà,18.4621458,105.9116337,Bắc Trung Bộ,Nhiệt đới gió mùa
1711,42,Hà Tĩnh,18583,Xã Mai Phụ,18.4332743,105.8916760,Bắc Trung Bộ,Nhiệt đới gió mùa
1712,42,Hà Tĩnh,18586,Xã Đông Kinh,18.4510827,105.8384605,Bắc Trung Bộ,Nhiệt đới gió mùa
1713,42,Hà Tĩnh,18601,Xã Việt Xuyên,18.3658777,105.8167624,Bắc Trung Bộ,Nhiệt đới gió mùa
1714,42,Hà Tĩnh,18604,Xã Thạch Khê,18.3493499,105.8194054,Bắc Trung Bộ,Nhiệt đới gió mùa
1715,42,Hà Tĩnh,18619,Xã Đồng Tiến,18.3486155,106.0067314,Bắc Trung Bộ,Nhiệt đới gió mùa
1716,42,Hà Tĩnh,18628,Xã Thạch Lạc,18.3668975,105.9609729,Bắc Trung Bộ,Nhiệt đới gió mùa
1717,42,Hà Tĩnh,18634,Xã Toàn Lưu,18.3246478,105.8238909,Bắc Trung Bộ,Nhiệt đới gió mùa
1669,42,Hà Tĩnh,18652,Phường Hà Huy Tập,18.2947889,105.9144411,Bắc Trung Bộ,Nhiệt đới gió mùa
1718,42,Hà Tĩnh,18667,Xã Thạch Xuân,18.3040384,105.8615944,Bắc Trung Bộ,Nhiệt đới gió mùa
1719,42,Hà Tĩnh,18673,Xã Cẩm Xuyên,18.2516762,106.0003573,Bắc Trung Bộ,Nhiệt đới gió mùa
1720,42,Hà Tĩnh,18676,Xã Thiên Cầm,18.2680714,106.1027098,Bắc Trung Bộ,Nhiệt đới gió mùa
1721,42,Hà Tĩnh,18682,Xã Yên Hòa,18.3157568,106.0193209,Bắc Trung Bộ,Nhiệt đới gió mùa
1722,42,Hà Tĩnh,18685,Xã Cẩm Bình,18.3041851,105.9622512,Bắc Trung Bộ,Nhiệt đới gió mùa
1723,42,Hà Tĩnh,18736,Xã Cẩm Hưng,18.2103899,106.0207042,Bắc Trung Bộ,Nhiệt đới gió mùa
1724,42,Hà Tĩnh,18739,Xã Cẩm Duệ,18.2479935,105.9369380,Bắc Trung Bộ,Nhiệt đới gió mùa
1725,42,Hà Tĩnh,18742,Xã Cẩm Trung,18.2420125,106.1135034,Bắc Trung Bộ,Nhiệt đới gió mùa
1726,42,Hà Tĩnh,18748,Xã Cẩm Lạc,18.1981798,106.0998421,Bắc Trung Bộ,Nhiệt đới gió mùa
1670,42,Hà Tĩnh,18754,Phường Sông Trí,18.0629702,106.2985269,Bắc Trung Bộ,Nhiệt đới gió mùa
1727,42,Hà Tĩnh,18766,Xã Kỳ Xuân,18.2028999,106.1679962,Bắc Trung Bộ,Nhiệt đới gió mùa
1728,42,Hà Tĩnh,18775,Xã Kỳ Anh,18.1761501,106.2384519,Bắc Trung Bộ,Nhiệt đới gió mùa
1671,42,Hà Tĩnh,18781,Phường Hải Ninh,18.1242951,106.3288164,Bắc Trung Bộ,Nhiệt đới gió mùa
1729,42,Hà Tĩnh,18787,Xã Kỳ Văn,18.0867629,106.1632903,Bắc Trung Bộ,Nhiệt đới gió mùa
1730,42,Hà Tĩnh,18790,Xã Kỳ Khang,18.1229924,106.2610000,Bắc Trung Bộ,Nhiệt đới gió mùa
1731,42,Hà Tĩnh,18814,Xã Kỳ Hoa,18.0721136,106.2716860,Bắc Trung Bộ,Nhiệt đới gió mùa
1672,42,Hà Tĩnh,18823,Phường Vũng Áng,18.0369896,106.3764684,Bắc Trung Bộ,Nhiệt đới gió mùa
1673,42,Hà Tĩnh,18832,Phường Hoành Sơn,18.0066374,106.4376018,Bắc Trung Bộ,Nhiệt đới gió mùa
1732,42,Hà Tĩnh,18838,Xã Kỳ Lạc,18.0123632,106.1878945,Bắc Trung Bộ,Nhiệt đới gió mùa
1733,42,Hà Tĩnh,18844,Xã Kỳ Thượng,17.9998665,106.1578902,Bắc Trung Bộ,Nhiệt đới gió mùa
1734,44,Quảng Trị,18859,Phường Đồng Thuận,17.4756425,106.5937416,Bắc Trung Bộ,Nhiệt đới gió mùa
1735,44,Quảng Trị,18871,Phường Đồng Sơn,17.4484054,106.5769153,Bắc Trung Bộ,Nhiệt đới gió mùa
1736,44,Quảng Trị,18880,Phường Đồng Hới,17.2092380,106.6891702,Bắc Trung Bộ,Nhiệt đới gió mùa
1742,44,Quảng Trị,18901,Xã Minh Hóa,17.8089028,105.9690621,Bắc Trung Bộ,Nhiệt đới gió mùa
1743,44,Quảng Trị,18904,Xã Dân Hóa,17.7995779,105.7813906,Bắc Trung Bộ,Nhiệt đới gió mùa
1744,44,Quảng Trị,18919,Xã Tân Thành,17.8784518,105.8401387,Bắc Trung Bộ,Nhiệt đới gió mùa
1745,44,Quảng Trị,18922,Xã Kim Điền,17.8222809,105.8938704,Bắc Trung Bộ,Nhiệt đới gió mùa
1746,44,Quảng Trị,18943,Xã Kim Phú,17.7389482,105.9616571,Bắc Trung Bộ,Nhiệt đới gió mùa
1747,44,Quảng Trị,18949,Xã Đồng Lê,17.8863338,106.0207039,Bắc Trung Bộ,Nhiệt đới gió mùa
1748,44,Quảng Trị,18952,Xã Tuyên Sơn,18.0291357,105.8672392,Bắc Trung Bộ,Nhiệt đới gió mùa
1749,44,Quảng Trị,18958,Xã Tuyên Lâm,17.9835430,105.8419259,Bắc Trung Bộ,Nhiệt đới gió mùa
1750,44,Quảng Trị,18985,Xã Tuyên Phú,17.8571773,106.1119384,Bắc Trung Bộ,Nhiệt đới gió mùa
1751,44,Quảng Trị,18991,Xã Tuyên Bình,17.8287098,106.1690240,Bắc Trung Bộ,Nhiệt đới gió mùa
1752,44,Quảng Trị,18997,Xã Tuyên Hóa,17.8014650,106.2289066,Bắc Trung Bộ,Nhiệt đới gió mùa
1737,44,Quảng Trị,19009,Phường Ba Đồn,17.7529027,106.4235617,Bắc Trung Bộ,Nhiệt đới gió mùa
1753,44,Quảng Trị,19021,Xã Phú Trạch,17.8857108,106.4409789,Bắc Trung Bộ,Nhiệt đới gió mùa
1754,44,Quảng Trị,19030,Xã Trung Thuần,17.8092964,106.3764491,Bắc Trung Bộ,Nhiệt đới gió mùa
1755,44,Quảng Trị,19033,Xã Hòa Trạch,17.8676370,106.4281029,Bắc Trung Bộ,Nhiệt đới gió mùa
1756,44,Quảng Trị,19051,Xã Tân Gianh,17.7778195,106.3170021,Bắc Trung Bộ,Nhiệt đới gió mùa
1757,44,Quảng Trị,19057,Xã Quảng Trạch,17.8020347,106.4072602,Bắc Trung Bộ,Nhiệt đới gió mùa
1738,44,Quảng Trị,19066,Phường Bắc Gianh,17.7520425,106.4424551,Bắc Trung Bộ,Nhiệt đới gió mùa
1758,44,Quảng Trị,19075,Xã Nam Ba Đồn,17.7558096,106.3429690,Bắc Trung Bộ,Nhiệt đới gió mùa
1759,44,Quảng Trị,19093,Xã Nam Gianh,17.7345764,106.3825372,Bắc Trung Bộ,Nhiệt đới gió mùa
1760,44,Quảng Trị,19111,Xã Hoàn Lão,17.5830761,106.5346471,Bắc Trung Bộ,Nhiệt đới gió mùa
1761,44,Quảng Trị,19126,Xã Bắc Trạch,17.6979443,106.4547744,Bắc Trung Bộ,Nhiệt đới gió mùa
1762,44,Quảng Trị,19138,Xã Phong Nha,17.6475454,106.2729046,Bắc Trung Bộ,Nhiệt đới gió mùa
1763,44,Quảng Trị,19141,Xã Bố Trạch,17.6324783,106.4130128,Bắc Trung Bộ,Nhiệt đới gió mùa
1764,44,Quảng Trị,19147,Xã Thượng Trạch,17.3630722,106.1867563,Bắc Trung Bộ,Nhiệt đới gió mùa
1765,44,Quảng Trị,19159,Xã Đông Trạch,17.6218639,106.5299325,Bắc Trung Bộ,Nhiệt đới gió mùa
1766,44,Quảng Trị,19198,Xã Nam Trạch,17.5352842,106.5625077,Bắc Trung Bộ,Nhiệt đới gió mùa
1767,44,Quảng Trị,19204,Xã Trường Sơn,17.2187854,106.4520776,Bắc Trung Bộ,Nhiệt đới gió mùa
1768,44,Quảng Trị,19207,Xã Quảng Ninh,17.4022722,106.6403246,Bắc Trung Bộ,Nhiệt đới gió mùa
1769,44,Quảng Trị,19225,Xã Ninh Châu,17.3394444,106.6990201,Bắc Trung Bộ,Nhiệt đới gió mùa
1770,44,Quảng Trị,19237,Xã Trường Ninh,17.3173578,106.6353341,Bắc Trung Bộ,Nhiệt đới gió mùa
1771,44,Quảng Trị,19246,Xã Lệ Ninh,17.2320243,106.6930030,Bắc Trung Bộ,Nhiệt đới gió mùa
1772,44,Quảng Trị,19249,Xã Lệ Thủy,17.2239256,106.7863517,Bắc Trung Bộ,Nhiệt đới gió mùa
1773,44,Quảng Trị,19255,Xã Cam Hồng,17.2667038,106.8429201,Bắc Trung Bộ,Nhiệt đới gió mùa
1774,44,Quảng Trị,19288,Xã Sen Ngư,17.2104411,106.8597566,Bắc Trung Bộ,Nhiệt đới gió mùa
1775,44,Quảng Trị,19291,Xã Tân Mỹ,17.1886003,106.8262402,Bắc Trung Bộ,Nhiệt đới gió mùa
1776,44,Quảng Trị,19309,Xã Trường Phú,17.1910243,106.7856409,Bắc Trung Bộ,Nhiệt đới gió mùa
1777,44,Quảng Trị,19318,Xã Kim Ngân,17.0963765,106.7508267,Bắc Trung Bộ,Nhiệt đới gió mùa
1739,44,Quảng Trị,19333,Phường Đông Hà,16.8025040,107.0666642,Bắc Trung Bộ,Nhiệt đới gió mùa
1740,44,Quảng Trị,19351,Phường Nam Đông Hà,16.8016210,107.1108368,Bắc Trung Bộ,Nhiệt đới gió mùa
1741,44,Quảng Trị,19360,Phường Quảng Trị,16.7538519,107.1859470,Bắc Trung Bộ,Nhiệt đới gió mùa
1778,44,Quảng Trị,19363,Xã Vĩnh Linh,17.0687461,107.0050265,Bắc Trung Bộ,Nhiệt đới gió mùa
1779,44,Quảng Trị,19366,Xã Bến Quan,17.0223502,106.9028983,Bắc Trung Bộ,Nhiệt đới gió mùa
1780,44,Quảng Trị,19372,Xã Vĩnh Hoàng,17.0695044,107.0327112,Bắc Trung Bộ,Nhiệt đới gió mùa
1781,44,Quảng Trị,19405,Xã Vĩnh Thủy,17.0326223,107.0192305,Bắc Trung Bộ,Nhiệt đới gió mùa
1782,44,Quảng Trị,19414,Xã Cửa Tùng,17.0286068,107.1064278,Bắc Trung Bộ,Nhiệt đới gió mùa
1783,44,Quảng Trị,19429,Xã Khe Sanh,16.6273175,106.7376960,Bắc Trung Bộ,Nhiệt đới gió mùa
1784,44,Quảng Trị,19432,Xã Lao Bảo,16.6136302,106.5980829,Bắc Trung Bộ,Nhiệt đới gió mùa
1785,44,Quảng Trị,19435,Xã Hướng Lập,16.8866531,106.5684972,Bắc Trung Bộ,Nhiệt đới gió mùa
1786,44,Quảng Trị,19441,Xã Hướng Phùng,16.7419096,106.5816954,Bắc Trung Bộ,Nhiệt đới gió mùa
1787,44,Quảng Trị,19462,Xã Tân Lập,16.6103276,106.6949787,Bắc Trung Bộ,Nhiệt đới gió mùa
1788,44,Quảng Trị,19483,Xã A Dơi,16.4814945,106.7443974,Bắc Trung Bộ,Nhiệt đới gió mùa
1789,44,Quảng Trị,19489,Xã Lìa,16.4916291,106.6656348,Bắc Trung Bộ,Nhiệt đới gió mùa
1790,44,Quảng Trị,19495,Xã Gio Linh,16.9234959,107.0853356,Bắc Trung Bộ,Nhiệt đới gió mùa
1791,44,Quảng Trị,19496,Xã Cửa Việt,16.9065854,107.1775717,Bắc Trung Bộ,Nhiệt đới gió mùa
1792,44,Quảng Trị,19501,Xã Bến Hải,16.9893101,107.0757876,Bắc Trung Bộ,Nhiệt đới gió mùa
1793,44,Quảng Trị,19537,Xã Cồn Tiên,16.8993991,107.0062001,Bắc Trung Bộ,Nhiệt đới gió mùa
1794,44,Quảng Trị,19555,Xã Hướng Hiệp,16.6889859,106.8874002,Bắc Trung Bộ,Nhiệt đới gió mùa
1795,44,Quảng Trị,19564,Xã Đakrông,16.6613531,106.8228426,Bắc Trung Bộ,Nhiệt đới gió mùa
1796,44,Quảng Trị,19567,Xã Ba Lòng,16.6591259,106.9508783,Bắc Trung Bộ,Nhiệt đới gió mùa
1797,44,Quảng Trị,19588,Xã Tà Rụt,16.3925972,106.9879498,Bắc Trung Bộ,Nhiệt đới gió mùa
1798,44,Quảng Trị,19594,Xã La Lay,16.3739398,107.0052067,Bắc Trung Bộ,Nhiệt đới gió mùa
1799,44,Quảng Trị,19597,Xã Cam Lộ,16.8074870,106.9935212,Bắc Trung Bộ,Nhiệt đới gió mùa
1800,44,Quảng Trị,19603,Xã Hiếu Giang,16.8291704,107.0348371,Bắc Trung Bộ,Nhiệt đới gió mùa
1801,44,Quảng Trị,19624,Xã Triệu Phong,16.7693075,107.1650765,Bắc Trung Bộ,Nhiệt đới gió mùa
1802,44,Quảng Trị,19639,Xã Nam Cửa Việt,16.8228038,107.2162509,Bắc Trung Bộ,Nhiệt đới gió mùa
1803,44,Quảng Trị,19645,Xã Triệu Bình,16.8182887,107.1741119,Bắc Trung Bộ,Nhiệt đới gió mùa
1804,44,Quảng Trị,19654,Xã Triệu Cơ,16.7968212,107.2473318,Bắc Trung Bộ,Nhiệt đới gió mùa
1805,44,Quảng Trị,19669,Xã Ái Tử,16.7748771,107.1402167,Bắc Trung Bộ,Nhiệt đới gió mùa
1806,44,Quảng Trị,19681,Xã Diên Sanh,16.6881363,107.2560446,Bắc Trung Bộ,Nhiệt đới gió mùa
1807,44,Quảng Trị,19699,Xã Vĩnh Định,16.7485514,107.2698644,Bắc Trung Bộ,Nhiệt đới gió mùa
1808,44,Quảng Trị,19702,Xã Hải Lăng,16.7229239,107.2055622,Bắc Trung Bộ,Nhiệt đới gió mùa
1809,44,Quảng Trị,19735,Xã Nam Hải Lăng,16.6383314,107.2987837,Bắc Trung Bộ,Nhiệt đới gió mùa
1810,44,Quảng Trị,19741,Xã Mỹ Thủy,16.7483519,107.3597017,Bắc Trung Bộ,Nhiệt đới gió mùa
1811,44,Quảng Trị,19742,Đặc khu Cồn Cỏ,17.1540888,107.3410455,Bắc Trung Bộ,Nhiệt đới gió mùa
1812,46,Thành phố Huế,19753,Phường Phú Xuân,16.4800887,107.5746644,Bắc Trung Bộ,Nhiệt đới gió mùa
1813,46,Thành phố Huế,19774,Phường Kim Long,16.4022026,107.5488513,Bắc Trung Bộ,Nhiệt đới gió mùa
1814,46,Thành phố Huế,19777,Phường Vỹ Dạ,16.4748675,107.6103054,Bắc Trung Bộ,Nhiệt đới gió mùa
1815,46,Thành phố Huế,19789,Phường Thuận Hóa,16.4542222,107.5830551,Bắc Trung Bộ,Nhiệt đới gió mùa
1816,46,Thành phố Huế,19804,Phường Hương An,16.4758003,107.5226106,Bắc Trung Bộ,Nhiệt đới gió mùa
1817,46,Thành phố Huế,19813,Phường Thủy Xuân,16.3968290,107.5928969,Bắc Trung Bộ,Nhiệt đới gió mùa
1818,46,Thành phố Huế,19815,Phường An Cựu,16.4362203,107.5981431,Bắc Trung Bộ,Nhiệt đới gió mùa
1819,46,Thành phố Huế,19819,Phường Phong Điền,16.5819269,107.3654347,Bắc Trung Bộ,Nhiệt đới gió mùa
1820,46,Thành phố Huế,19828,Phường Phong Phú,16.6827124,107.4137163,Bắc Trung Bộ,Nhiệt đới gió mùa
1821,46,Thành phố Huế,19831,Phường Phong Dinh,16.6431749,107.3712230,Bắc Trung Bộ,Nhiệt đới gió mùa
1822,46,Thành phố Huế,19858,Phường Phong Thái,16.4796345,107.4000719,Bắc Trung Bộ,Nhiệt đới gió mùa
1833,46,Thành phố Huế,19867,Xã Quảng Điền,16.5643025,107.5503158,Bắc Trung Bộ,Nhiệt đới gió mùa
1823,46,Thành phố Huế,19873,Phường Phong Quảng,16.6518987,107.4720168,Bắc Trung Bộ,Nhiệt đới gió mùa
1834,46,Thành phố Huế,19885,Xã Đan Điền,16.5591195,107.4958991,Bắc Trung Bộ,Nhiệt đới gió mùa
1824,46,Thành phố Huế,19900,Phường Thuận An,16.5603713,107.6449912,Bắc Trung Bộ,Nhiệt đới gió mùa
1825,46,Thành phố Huế,19909,Phường Dương Nỗ,16.5227477,107.5955853,Bắc Trung Bộ,Nhiệt đới gió mùa
1835,46,Thành phố Huế,19918,Xã Phú Hồ,16.4902875,107.7020860,Bắc Trung Bộ,Nhiệt đới gió mùa
1826,46,Thành phố Huế,19930,Phường Mỹ Thượng,16.5049077,107.6282554,Bắc Trung Bộ,Nhiệt đới gió mùa
1836,46,Thành phố Huế,19942,Xã Phú Vang,16.4138566,107.7760076,Bắc Trung Bộ,Nhiệt đới gió mùa
1837,46,Thành phố Huế,19945,Xã Phú Vinh,16.4332450,107.7846122,Bắc Trung Bộ,Nhiệt đới gió mùa
1827,46,Thành phố Huế,19960,Phường Phú Bài,16.2879070,107.6050022,Bắc Trung Bộ,Nhiệt đới gió mùa
1828,46,Thành phố Huế,19969,Phường Thanh Thủy,16.4239437,107.6302195,Bắc Trung Bộ,Nhiệt đới gió mùa
1829,46,Thành phố Huế,19975,Phường Hương Thủy,16.4244001,107.6667924,Bắc Trung Bộ,Nhiệt đới gió mùa
1830,46,Thành phố Huế,19996,Phường Hương Trà,16.5188734,107.4840029,Bắc Trung Bộ,Nhiệt đới gió mùa
1831,46,Thành phố Huế,20014,Phường Hóa Châu,16.5354070,107.5633643,Bắc Trung Bộ,Nhiệt đới gió mùa
1832,46,Thành phố Huế,20017,Phường Kim Trà,16.4938932,107.5122599,Bắc Trung Bộ,Nhiệt đới gió mùa
1838,46,Thành phố Huế,20035,Xã Bình Điền,16.3489368,107.5052333,Bắc Trung Bộ,Nhiệt đới gió mùa
1839,46,Thành phố Huế,20044,Xã A Lưới 2,16.2722135,107.2307467,Bắc Trung Bộ,Nhiệt đới gió mùa
1840,46,Thành phố Huế,20050,Xã A Lưới 5,16.3006266,107.3373592,Bắc Trung Bộ,Nhiệt đới gió mùa
1841,46,Thành phố Huế,20056,Xã A Lưới 1,16.3294474,107.1725749,Bắc Trung Bộ,Nhiệt đới gió mùa
1842,46,Thành phố Huế,20071,Xã A Lưới 3,16.2481329,107.2540498,Bắc Trung Bộ,Nhiệt đới gió mùa
1843,46,Thành phố Huế,20101,Xã A Lưới 4,16.1169045,107.3463821,Bắc Trung Bộ,Nhiệt đới gió mùa
1844,46,Thành phố Huế,20107,Xã Phú Lộc,16.2803510,107.8589840,Bắc Trung Bộ,Nhiệt đới gió mùa
1845,46,Thành phố Huế,20122,Xã Vinh Lộc,16.3743432,107.8429127,Bắc Trung Bộ,Nhiệt đới gió mùa
1846,46,Thành phố Huế,20131,Xã Hưng Lộc,16.3555152,107.7378344,Bắc Trung Bộ,Nhiệt đới gió mùa
1847,46,Thành phố Huế,20137,Xã Chân Mây - Lăng Cô,16.2742218,107.9911852,Bắc Trung Bộ,Nhiệt đới gió mùa
1848,46,Thành phố Huế,20140,Xã Lộc An,16.3234755,107.7734756,Bắc Trung Bộ,Nhiệt đới gió mùa
1849,46,Thành phố Huế,20161,Xã Khe Tre,16.1684152,107.7184940,Bắc Trung Bộ,Nhiệt đới gió mùa
1850,46,Thành phố Huế,20179,Xã Nam Đông,16.1597363,107.7113986,Bắc Trung Bộ,Nhiệt đới gió mùa
1851,46,Thành phố Huế,20182,Xã Long Quảng,16.1282626,107.6689768,Bắc Trung Bộ,Nhiệt đới gió mùa
1852,48,Thành phố Đà Nẵng,20194,Phường Hải Vân,16.1347996,108.1148552,Duyên Hải Nam Trung Bộ,Nhiệt đới gió mùa
1853,48,Thành phố Đà Nẵng,20197,Phường Liên Chiểu,16.0767069,108.1392444,Duyên Hải Nam Trung Bộ,Nhiệt đới gió mùa
1854,48,Thành phố Đà Nẵng,20200,Phường Hòa Khánh,16.0502691,108.1546403,Duyên Hải Nam Trung Bộ,Nhiệt đới gió mùa
1855,48,Thành phố Đà Nẵng,20209,Phường Thanh Khê,16.0683682,108.1966311,Duyên Hải Nam Trung Bộ,Nhiệt đới gió mùa
1856,48,Thành phố Đà Nẵng,20242,Phường Hải Châu,16.0589539,108.2194844,Duyên Hải Nam Trung Bộ,Nhiệt đới gió mùa
1857,48,Thành phố Đà Nẵng,20257,Phường Hòa Cường,16.0416286,108.2175304,Duyên Hải Nam Trung Bộ,Nhiệt đới gió mùa
1858,48,Thành phố Đà Nẵng,20260,Phường Cẩm Lệ,16.0153046,108.2013088,Duyên Hải Nam Trung Bộ,Nhiệt đới gió mùa
1859,48,Thành phố Đà Nẵng,20263,Phường Sơn Trà,16.1021731,108.2485821,Duyên Hải Nam Trung Bộ,Nhiệt đới gió mùa
1860,48,Thành phố Đà Nẵng,20275,Phường An Hải,16.0700623,108.2364217,Duyên Hải Nam Trung Bộ,Nhiệt đới gió mùa
1861,48,Thành phố Đà Nẵng,20285,Phường Ngũ Hành Sơn,16.0107980,108.2531780,Duyên Hải Nam Trung Bộ,Nhiệt đới gió mùa
1862,48,Thành phố Đà Nẵng,20305,Phường An Khê,16.0499526,108.1855365,Duyên Hải Nam Trung Bộ,Nhiệt đới gió mùa
1875,48,Thành phố Đà Nẵng,20308,Xã Bà Nà,16.0502044,108.0239741,Duyên Hải Nam Trung Bộ,Nhiệt đới gió mùa
1863,48,Thành phố Đà Nẵng,20314,Phường Hòa Xuân,16.0049492,108.2204494,Duyên Hải Nam Trung Bộ,Nhiệt đới gió mùa
1876,48,Thành phố Đà Nẵng,20320,Xã Hòa Vang,15.9703571,108.0283290,Duyên Hải Nam Trung Bộ,Nhiệt đới gió mùa
1877,48,Thành phố Đà Nẵng,20332,Xã Hòa Tiến,15.9603292,108.1326104,Duyên Hải Nam Trung Bộ,Nhiệt đới gió mùa
1945,48,Thành phố Đà Nẵng,20333,Đặc khu Hoàng Sa,16.0934847,108.2512655,Duyên Hải Nam Trung Bộ,Nhiệt đới gió mùa
1864,48,Thành phố Đà Nẵng,20335,Phường Bàn Thạch,15.5852472,108.4672092,Duyên Hải Nam Trung Bộ,Nhiệt đới gió mùa
1865,48,Thành phố Đà Nẵng,20341,Phường Tam Kỳ,15.5638139,108.4821856,Duyên Hải Nam Trung Bộ,Nhiệt đới gió mùa
1866,48,Thành phố Đà Nẵng,20350,Phường Hương Trà,15.5593630,108.5097489,Duyên Hải Nam Trung Bộ,Nhiệt đới gió mùa
1867,48,Thành phố Đà Nẵng,20356,Phường Quảng Phú,15.5983959,108.4962642,Duyên Hải Nam Trung Bộ,Nhiệt đới gió mùa
1878,48,Thành phố Đà Nẵng,20364,Xã Chiên Đàn,15.7033870,108.1400430,Duyên Hải Nam Trung Bộ,Nhiệt đới gió mùa
1879,48,Thành phố Đà Nẵng,20380,Xã Tây Hồ,15.5887555,108.3768545,Duyên Hải Nam Trung Bộ,Nhiệt đới gió mùa
1880,48,Thành phố Đà Nẵng,20392,Xã Phú Ninh,15.5261301,108.4226366,Duyên Hải Nam Trung Bộ,Nhiệt đới gió mùa
1868,48,Thành phố Đà Nẵng,20401,Phường Hội An Tây,15.8973636,108.3108797,Duyên Hải Nam Trung Bộ,Nhiệt đới gió mùa
1869,48,Thành phố Đà Nẵng,20410,Phường Hội An,15.8795863,108.3319406,Duyên Hải Nam Trung Bộ,Nhiệt đới gió mùa
1870,48,Thành phố Đà Nẵng,20413,Phường Hội An Đông,15.8786080,108.3639777,Duyên Hải Nam Trung Bộ,Nhiệt đới gió mùa
1881,48,Thành phố Đà Nẵng,20434,Xã Tân Hiệp,15.9578933,108.5069704,Duyên Hải Nam Trung Bộ,Nhiệt đới gió mùa
1882,48,Thành phố Đà Nẵng,20443,Xã Hùng Sơn,15.8087793,107.3074979,Duyên Hải Nam Trung Bộ,Nhiệt đới gió mùa
1883,48,Thành phố Đà Nẵng,20455,Xã Tây Giang,15.8758035,107.4886332,Duyên Hải Nam Trung Bộ,Nhiệt đới gió mùa
1884,48,Thành phố Đà Nẵng,20458,Xã Avương,15.9701325,107.5550348,Duyên Hải Nam Trung Bộ,Nhiệt đới gió mùa
1885,48,Thành phố Đà Nẵng,20467,Xã Đông Giang,15.9242066,107.6483200,Duyên Hải Nam Trung Bộ,Nhiệt đới gió mùa
1886,48,Thành phố Đà Nẵng,20476,Xã Sông Kôn,15.9771960,107.7893024,Duyên Hải Nam Trung Bộ,Nhiệt đới gió mùa
1887,48,Thành phố Đà Nẵng,20485,Xã Sông Vàng,15.9877048,107.9197255,Duyên Hải Nam Trung Bộ,Nhiệt đới gió mùa
1888,48,Thành phố Đà Nẵng,20494,Xã Bến Hiên,15.8472930,107.7183213,Duyên Hải Nam Trung Bộ,Nhiệt đới gió mùa
1889,48,Thành phố Đà Nẵng,20500,Xã Đại Lộc,15.8952800,108.1066478,Duyên Hải Nam Trung Bộ,Nhiệt đới gió mùa
1890,48,Thành phố Đà Nẵng,20506,Xã Thượng Đức,15.8362520,107.8704228,Duyên Hải Nam Trung Bộ,Nhiệt đới gió mùa
1891,48,Thành phố Đà Nẵng,20515,Xã Hà Nha,15.8599790,108.0084809,Duyên Hải Nam Trung Bộ,Nhiệt đới gió mùa
1892,48,Thành phố Đà Nẵng,20539,Xã Vu Gia,15.8543900,108.0678584,Duyên Hải Nam Trung Bộ,Nhiệt đới gió mùa
1893,48,Thành phố Đà Nẵng,20542,Xã Phú Thuận,15.7033870,108.1400430,Duyên Hải Nam Trung Bộ,Nhiệt đới gió mùa
1871,48,Thành phố Đà Nẵng,20551,Phường Điện Bàn,15.8891786,108.2492516,Duyên Hải Nam Trung Bộ,Nhiệt đới gió mùa
1872,48,Thành phố Đà Nẵng,20557,Phường Điện Bàn Bắc,15.9319238,108.1943582,Duyên Hải Nam Trung Bộ,Nhiệt đới gió mùa
1894,48,Thành phố Đà Nẵng,20569,Xã Điện Bàn Tây,15.8890285,108.1757431,Duyên Hải Nam Trung Bộ,Nhiệt đới gió mùa
1873,48,Thành phố Đà Nẵng,20575,Phường An Thắng,15.7033870,108.1400430,Duyên Hải Nam Trung Bộ,Nhiệt đới gió mùa
1874,48,Thành phố Đà Nẵng,20579,Phường Điện Bàn Đông,15.9316216,108.2703109,Duyên Hải Nam Trung Bộ,Nhiệt đới gió mùa
1895,48,Thành phố Đà Nẵng,20587,Xã Gò Nổi,15.8552695,108.2245416,Duyên Hải Nam Trung Bộ,Nhiệt đới gió mùa
1896,48,Thành phố Đà Nẵng,20599,Xã Nam Phước,15.8290556,108.2559049,Duyên Hải Nam Trung Bộ,Nhiệt đới gió mùa
1897,48,Thành phố Đà Nẵng,20611,Xã Thu Bồn,15.7919275,108.1040697,Duyên Hải Nam Trung Bộ,Nhiệt đới gió mùa
1898,48,Thành phố Đà Nẵng,20623,Xã Duy Xuyên,15.7821645,108.2045512,Duyên Hải Nam Trung Bộ,Nhiệt đới gió mùa
1899,48,Thành phố Đà Nẵng,20635,Xã Duy Nghĩa,15.8418925,108.3794044,Duyên Hải Nam Trung Bộ,Nhiệt đới gió mùa
1900,48,Thành phố Đà Nẵng,20641,Xã Quế Sơn,15.6670765,108.1929025,Duyên Hải Nam Trung Bộ,Nhiệt đới gió mùa
1901,48,Thành phố Đà Nẵng,20650,Xã Xuân Phú,15.7907045,108.3034871,Duyên Hải Nam Trung Bộ,Nhiệt đới gió mùa
1902,48,Thành phố Đà Nẵng,20656,Xã Nông Sơn,15.7023860,108.1004791,Duyên Hải Nam Trung Bộ,Nhiệt đới gió mùa
1903,48,Thành phố Đà Nẵng,20662,Xã Quế Sơn Trung,15.7133870,108.2500968,Duyên Hải Nam Trung Bộ,Nhiệt đới gió mùa
1904,48,Thành phố Đà Nẵng,20669,Xã Quế Phước,15.6415045,107.9862948,Duyên Hải Nam Trung Bộ,Nhiệt đới gió mùa
1905,48,Thành phố Đà Nẵng,20695,Xã Thạnh Mỹ,15.7501507,107.8361937,Duyên Hải Nam Trung Bộ,Nhiệt đới gió mùa
1906,48,Thành phố Đà Nẵng,20698,Xã La Êê,15.6595922,107.3522980,Duyên Hải Nam Trung Bộ,Nhiệt đới gió mùa
1907,48,Thành phố Đà Nẵng,20704,Xã La Dêê,15.5534854,107.4413172,Duyên Hải Nam Trung Bộ,Nhiệt đới gió mùa
1908,48,Thành phố Đà Nẵng,20707,Xã Nam Giang,15.6749845,107.5132138,Duyên Hải Nam Trung Bộ,Nhiệt đới gió mùa
1909,48,Thành phố Đà Nẵng,20710,Xã Bến Giằng,15.6672695,107.7334709,Duyên Hải Nam Trung Bộ,Nhiệt đới gió mùa
1910,48,Thành phố Đà Nẵng,20716,Xã Đắc Pring,15.5004006,107.5973294,Duyên Hải Nam Trung Bộ,Nhiệt đới gió mùa
1911,48,Thành phố Đà Nẵng,20722,Xã Khâm Đức,15.4399678,107.7898857,Duyên Hải Nam Trung Bộ,Nhiệt đới gió mùa
1912,48,Thành phố Đà Nẵng,20728,Xã Phước Hiệp,15.4694300,107.9168125,Duyên Hải Nam Trung Bộ,Nhiệt đới gió mùa
1913,48,Thành phố Đà Nẵng,20734,Xã Phước Năng,15.3698080,107.7271482,Duyên Hải Nam Trung Bộ,Nhiệt đới gió mùa
1914,48,Thành phố Đà Nẵng,20740,Xã Phước Chánh,15.3216760,107.8036948,Duyên Hải Nam Trung Bộ,Nhiệt đới gió mùa
1915,48,Thành phố Đà Nẵng,20752,Xã Phước Thành,15.3142295,107.8864368,Duyên Hải Nam Trung Bộ,Nhiệt đới gió mùa
1916,48,Thành phố Đà Nẵng,20767,Xã Việt An,15.5680530,108.1693958,Duyên Hải Nam Trung Bộ,Nhiệt đới gió mùa
1917,48,Thành phố Đà Nẵng,20770,Xã Phước Trà,15.7033870,108.1400430,Duyên Hải Nam Trung Bộ,Nhiệt đới gió mùa
1918,48,Thành phố Đà Nẵng,20779,Xã Hiệp Đức,15.5710960,108.0633085,Duyên Hải Nam Trung Bộ,Nhiệt đới gió mùa
1919,48,Thành phố Đà Nẵng,20791,Xã Thăng Bình,15.7033870,108.1400430,Duyên Hải Nam Trung Bộ,Nhiệt đới gió mùa
1920,48,Thành phố Đà Nẵng,20794,Xã Thăng An,15.7721507,108.4033532,Duyên Hải Nam Trung Bộ,Nhiệt đới gió mùa
1921,48,Thành phố Đà Nẵng,20818,Xã Đồng Dương,15.6471580,108.2904013,Duyên Hải Nam Trung Bộ,Nhiệt đới gió mùa
1922,48,Thành phố Đà Nẵng,20827,Xã Thăng Phú,15.6370380,108.3532160,Duyên Hải Nam Trung Bộ,Nhiệt đới gió mùa
1923,48,Thành phố Đà Nẵng,20836,Xã Thăng Trường,15.6844421,108.4669197,Duyên Hải Nam Trung Bộ,Nhiệt đới gió mùa
1924,48,Thành phố Đà Nẵng,20848,Xã Thăng Điền,15.6716100,108.4201023,Duyên Hải Nam Trung Bộ,Nhiệt đới gió mùa
1925,48,Thành phố Đà Nẵng,20854,Xã Tiên Phước,15.4889731,108.3081439,Duyên Hải Nam Trung Bộ,Nhiệt đới gió mùa
1926,48,Thành phố Đà Nẵng,20857,Xã Sơn Cẩm Hà,15.5379835,108.2554971,Duyên Hải Nam Trung Bộ,Nhiệt đới gió mùa
1927,48,Thành phố Đà Nẵng,20875,Xã Lãnh Ngọc,15.4439975,108.2027468,Duyên Hải Nam Trung Bộ,Nhiệt đới gió mùa
1928,48,Thành phố Đà Nẵng,20878,Xã Thạnh Bình,15.4395700,108.3233616,Duyên Hải Nam Trung Bộ,Nhiệt đới gió mùa
1929,48,Thành phố Đà Nẵng,20900,Xã Trà My,15.3392872,108.2201956,Duyên Hải Nam Trung Bộ,Nhiệt đới gió mùa
1930,48,Thành phố Đà Nẵng,20908,Xã Trà Liên,15.3398415,108.3735341,Duyên Hải Nam Trung Bộ,Nhiệt đới gió mùa
1931,48,Thành phố Đà Nẵng,20920,Xã Trà Đốc,15.3524650,108.0637271,Duyên Hải Nam Trung Bộ,Nhiệt đới gió mùa
1932,48,Thành phố Đà Nẵng,20923,Xã Trà Tân,15.2565060,108.1824809,Duyên Hải Nam Trung Bộ,Nhiệt đới gió mùa
1933,48,Thành phố Đà Nẵng,20929,Xã Trà Giáp,15.1989170,108.2483196,Duyên Hải Nam Trung Bộ,Nhiệt đới gió mùa
1934,48,Thành phố Đà Nẵng,20938,Xã Trà Leng,15.2287670,107.9996193,Duyên Hải Nam Trung Bộ,Nhiệt đới gió mùa
1935,48,Thành phố Đà Nẵng,20941,Xã Trà Tập,15.1403785,108.0573086,Duyên Hải Nam Trung Bộ,Nhiệt đới gió mùa
1936,48,Thành phố Đà Nẵng,20944,Xã Nam Trà My,15.1254315,108.1517527,Duyên Hải Nam Trung Bộ,Nhiệt đới gió mùa
1937,48,Thành phố Đà Nẵng,20950,Xã Trà Linh,15.7033870,108.1400430,Duyên Hải Nam Trung Bộ,Nhiệt đới gió mùa
1938,48,Thành phố Đà Nẵng,20959,Xã Trà Vân,15.0892852,108.2169719,Duyên Hải Nam Trung Bộ,Nhiệt đới gió mùa
1939,48,Thành phố Đà Nẵng,20965,Xã Núi Thành,15.4342062,108.6559260,Duyên Hải Nam Trung Bộ,Nhiệt đới gió mùa
1940,48,Thành phố Đà Nẵng,20971,Xã Tam Xuân,15.5345681,108.5485338,Duyên Hải Nam Trung Bộ,Nhiệt đới gió mùa
1941,48,Thành phố Đà Nẵng,20977,Xã Đức Phú,15.4433600,108.4971623,Duyên Hải Nam Trung Bộ,Nhiệt đới gió mùa
1942,48,Thành phố Đà Nẵng,20984,Xã Tam Anh,15.4831345,108.5706011,Duyên Hải Nam Trung Bộ,Nhiệt đới gió mùa
1943,48,Thành phố Đà Nẵng,20992,Xã Tam Hải,15.4938435,108.6640790,Duyên Hải Nam Trung Bộ,Nhiệt đới gió mùa
1944,48,Thành phố Đà Nẵng,21004,Xã Tam Mỹ,15.3673667,108.5549739,Duyên Hải Nam Trung Bộ,Nhiệt đới gió mùa
1946,51,Quảng Ngãi,21025,Phường Cẩm Thành,15.1128694,108.8112246,Duyên Hải Nam Trung Bộ,Nhiệt đới gió mùa
1947,51,Quảng Ngãi,21028,Phường Nghĩa Lộ,15.1177994,108.7813025,Duyên Hải Nam Trung Bộ,Nhiệt đới gió mùa
1955,51,Quảng Ngãi,21034,Xã An Phú,15.1205491,108.8599350,Duyên Hải Nam Trung Bộ,Nhiệt đới gió mùa
1956,51,Quảng Ngãi,21040,Xã Bình Sơn,15.3309584,108.7435629,Duyên Hải Nam Trung Bộ,Nhiệt đới gió mùa
1957,51,Quảng Ngãi,21061,Xã Vạn Tường,15.3460891,108.8196365,Duyên Hải Nam Trung Bộ,Nhiệt đới gió mùa
1958,51,Quảng Ngãi,21085,Xã Bình Minh,15.3143185,108.6439461,Duyên Hải Nam Trung Bộ,Nhiệt đới gió mùa
1959,51,Quảng Ngãi,21100,Xã Bình Chương,15.2636537,108.7056368,Duyên Hải Nam Trung Bộ,Nhiệt đới gió mùa
1960,51,Quảng Ngãi,21109,Xã Đông Sơn,15.2410488,108.8872811,Duyên Hải Nam Trung Bộ,Nhiệt đới gió mùa
1961,51,Quảng Ngãi,21115,Xã Trà Bồng,15.2661787,108.5023871,Duyên Hải Nam Trung Bộ,Nhiệt đới gió mùa
1962,51,Quảng Ngãi,21124,Xã Thanh Bồng,15.2560695,108.3788464,Duyên Hải Nam Trung Bộ,Nhiệt đới gió mùa
1963,51,Quảng Ngãi,21127,Xã Đông Trà Bồng,15.2772086,108.5874819,Duyên Hải Nam Trung Bộ,Nhiệt đới gió mùa
1964,51,Quảng Ngãi,21136,Xã Cà Đam,15.1651942,108.5343407,Duyên Hải Nam Trung Bộ,Nhiệt đới gió mùa
1965,51,Quảng Ngãi,21154,Xã Tây Trà,15.1605532,108.3386804,Duyên Hải Nam Trung Bộ,Nhiệt đới gió mùa
1966,51,Quảng Ngãi,21157,Xã Tây Trà Bồng,14.8598093,108.3791440,Duyên Hải Nam Trung Bộ,Nhiệt đới gió mùa
1948,51,Quảng Ngãi,21172,Phường Trương Quang Trọng,15.1587142,108.8020504,Duyên Hải Nam Trung Bộ,Nhiệt đới gió mùa
1967,51,Quảng Ngãi,21181,Xã Thọ Phong,15.2199489,108.8036962,Duyên Hải Nam Trung Bộ,Nhiệt đới gió mùa
1968,51,Quảng Ngãi,21196,Xã Trường Giang,15.1700691,108.6316270,Duyên Hải Nam Trung Bộ,Nhiệt đới gió mùa
1969,51,Quảng Ngãi,21205,Xã Ba Gia,15.2116389,108.6549463,Duyên Hải Nam Trung Bộ,Nhiệt đới gió mùa
1970,51,Quảng Ngãi,21211,Xã Tịnh Khê,15.1801741,108.8605984,Duyên Hải Nam Trung Bộ,Nhiệt đới gió mùa
1971,51,Quảng Ngãi,21220,Xã Sơn Tịnh,15.1808241,108.7259657,Duyên Hải Nam Trung Bộ,Nhiệt đới gió mùa
1972,51,Quảng Ngãi,21235,Xã Tư Nghĩa,15.0833796,108.8390246,Duyên Hải Nam Trung Bộ,Nhiệt đới gió mùa
1973,51,Quảng Ngãi,21238,Xã Vệ Giang,15.0523547,108.8489997,Duyên Hải Nam Trung Bộ,Nhiệt đới gió mùa
1974,51,Quảng Ngãi,21244,Xã Trà Giang,15.0923145,108.6758977,Duyên Hải Nam Trung Bộ,Nhiệt đới gió mùa
1975,51,Quảng Ngãi,21250,Xã Nghĩa Giang,15.1136144,108.7343083,Duyên Hải Nam Trung Bộ,Nhiệt đới gió mùa
1976,51,Quảng Ngãi,21289,Xã Sơn Hà,15.0258598,108.4374300,Duyên Hải Nam Trung Bộ,Nhiệt đới gió mùa
1977,51,Quảng Ngãi,21292,Xã Sơn Hạ,15.0866545,108.5450674,Duyên Hải Nam Trung Bộ,Nhiệt đới gió mùa
1978,51,Quảng Ngãi,21307,Xã Sơn Linh,15.0031399,108.5897345,Duyên Hải Nam Trung Bộ,Nhiệt đới gió mùa
1979,51,Quảng Ngãi,21319,Xã Sơn Thủy,14.9683101,108.4989357,Duyên Hải Nam Trung Bộ,Nhiệt đới gió mùa
1980,51,Quảng Ngãi,21325,Xã Sơn Kỳ,14.8625306,108.5199118,Duyên Hải Nam Trung Bộ,Nhiệt đới gió mùa
1981,51,Quảng Ngãi,21334,Xã Sơn Tây Thượng,15.0409786,108.2984489,Duyên Hải Nam Trung Bộ,Nhiệt đới gió mùa
1982,51,Quảng Ngãi,21340,Xã Sơn Tây,14.9642813,108.3301865,Duyên Hải Nam Trung Bộ,Nhiệt đới gió mùa
1983,51,Quảng Ngãi,21343,Xã Sơn Tây Hạ,14.8598093,108.3791440,Duyên Hải Nam Trung Bộ,Nhiệt đới gió mùa
1984,51,Quảng Ngãi,21349,Xã Sơn Mai,14.9876600,108.7005924,Duyên Hải Nam Trung Bộ,Nhiệt đới gió mùa
1985,51,Quảng Ngãi,21361,Xã Minh Long,14.9119604,108.6562553,Duyên Hải Nam Trung Bộ,Nhiệt đới gió mùa
1986,51,Quảng Ngãi,21364,Xã Nghĩa Hành,15.0608897,108.7833625,Duyên Hải Nam Trung Bộ,Nhiệt đới gió mùa
1987,51,Quảng Ngãi,21370,Xã Phước Giang,15.0404297,108.7346364,Duyên Hải Nam Trung Bộ,Nhiệt đới gió mùa
1988,51,Quảng Ngãi,21385,Xã Đình Cương,15.0044249,108.8054064,Duyên Hải Nam Trung Bộ,Nhiệt đới gió mùa
1989,51,Quảng Ngãi,21388,Xã Thiện Tín,14.9230053,108.7606070,Duyên Hải Nam Trung Bộ,Nhiệt đới gió mùa
1990,51,Quảng Ngãi,21400,Xã Mộ Đức,14.9366202,108.8472145,Duyên Hải Nam Trung Bộ,Nhiệt đới gió mùa
1991,51,Quảng Ngãi,21409,Xã Long Phụng,15.0398992,108.8820315,Duyên Hải Nam Trung Bộ,Nhiệt đới gió mùa
1992,51,Quảng Ngãi,21421,Xã Mỏ Cày,14.9910700,108.8971993,Duyên Hải Nam Trung Bộ,Nhiệt đới gió mùa
1993,51,Quảng Ngãi,21433,Xã Lân Phong,14.9204503,108.9202474,Duyên Hải Nam Trung Bộ,Nhiệt đới gió mùa
1949,51,Quảng Ngãi,21439,Phường Đức Phổ,14.8087189,108.9571626,Duyên Hải Nam Trung Bộ,Nhiệt đới gió mùa
1950,51,Quảng Ngãi,21451,Phường Trà Câu,14.8729655,108.9423871,Duyên Hải Nam Trung Bộ,Nhiệt đới gió mùa
1994,51,Quảng Ngãi,21457,Xã Nguyễn Nghiêm,14.8372307,108.8650376,Duyên Hải Nam Trung Bộ,Nhiệt đới gió mùa
1995,51,Quảng Ngãi,21472,Xã Khánh Cường,14.7267738,109.0159940,Duyên Hải Nam Trung Bộ,Nhiệt đới gió mùa
1951,51,Quảng Ngãi,21478,Phường Sa Huỳnh,14.6473205,109.0503631,Duyên Hải Nam Trung Bộ,Nhiệt đới gió mùa
1996,51,Quảng Ngãi,21484,Xã Ba Tơ,14.7419962,108.7415155,Duyên Hải Nam Trung Bộ,Nhiệt đới gió mùa
1997,51,Quảng Ngãi,21490,Xã Ba Vinh,14.8435957,108.6643979,Duyên Hải Nam Trung Bộ,Nhiệt đới gió mùa
1998,51,Quảng Ngãi,21496,Xã Ba Động,14.8226908,108.7783634,Duyên Hải Nam Trung Bộ,Nhiệt đới gió mùa
1999,51,Quảng Ngãi,21499,Xã Ba Dinh,14.7690710,108.6606767,Duyên Hải Nam Trung Bộ,Nhiệt đới gió mùa
2000,51,Quảng Ngãi,21520,Xã Đặng Thùy Trâm,14.7390812,108.8696246,Duyên Hải Nam Trung Bộ,Nhiệt đới gió mùa
2001,51,Quảng Ngãi,21523,Xã Ba Tô,14.6521874,108.6886852,Duyên Hải Nam Trung Bộ,Nhiệt đới gió mùa
2002,51,Quảng Ngãi,21529,Xã Ba Vì,14.7415363,108.5594863,Duyên Hải Nam Trung Bộ,Nhiệt đới gió mùa
2003,51,Quảng Ngãi,21538,Xã Ba Xa,14.6385836,108.5471314,Duyên Hải Nam Trung Bộ,Nhiệt đới gió mùa
2041,51,Quảng Ngãi,21548,Đặc khu Lý Sơn,15.3809098,109.1174595,Duyên Hải Nam Trung Bộ,Nhiệt đới gió mùa
1952,51,Quảng Ngãi,23284,Phường Đăk Cấm,14.4080877,108.0241590,Duyên Hải Nam Trung Bộ,Nhiệt đới gió mùa
1953,51,Quảng Ngãi,23293,Phường Kon Tum,14.3546430,108.0164556,Duyên Hải Nam Trung Bộ,Nhiệt đới gió mùa
1954,51,Quảng Ngãi,23302,Phường Đăk Bla,14.3232831,107.9878910,Duyên Hải Nam Trung Bộ,Nhiệt đới gió mùa
2004,51,Quảng Ngãi,23317,Xã Ngọk Bay,14.3952128,107.9159617,Duyên Hải Nam Trung Bộ,Nhiệt đới gió mùa
2005,51,Quảng Ngãi,23326,Xã Ia Chim,14.3079882,107.9036172,Duyên Hải Nam Trung Bộ,Nhiệt đới gió mùa
2006,51,Quảng Ngãi,23332,Xã Đăk Rơ Wa,14.3184038,108.0421757,Duyên Hải Nam Trung Bộ,Nhiệt đới gió mùa
2007,51,Quảng Ngãi,23341,Xã Đăk Pék,15.0552443,107.7423370,Duyên Hải Nam Trung Bộ,Nhiệt đới gió mùa
2008,51,Quảng Ngãi,23344,Xã Đăk Plô,14.8598093,108.3791440,Duyên Hải Nam Trung Bộ,Nhiệt đới gió mùa
2009,51,Quảng Ngãi,23356,Xã Xốp,15.1136744,107.8401140,Duyên Hải Nam Trung Bộ,Nhiệt đới gió mùa
2010,51,Quảng Ngãi,23365,Xã Ngọc Linh,15.1063844,107.9413949,Duyên Hải Nam Trung Bộ,Nhiệt đới gió mùa
2011,51,Quảng Ngãi,23368,Xã Đăk Long,14.9571157,107.5620922,Duyên Hải Nam Trung Bộ,Nhiệt đới gió mùa
2012,51,Quảng Ngãi,23374,Xã Đăk Môn,14.9465563,107.6778812,Duyên Hải Nam Trung Bộ,Nhiệt đới gió mùa
2013,51,Quảng Ngãi,23377,Xã Bờ Y,14.7007099,107.6375405,Duyên Hải Nam Trung Bộ,Nhiệt đới gió mùa
2014,51,Quảng Ngãi,23383,Xã Dục Nông,14.8527871,107.6759912,Duyên Hải Nam Trung Bộ,Nhiệt đới gió mùa
2015,51,Quảng Ngãi,23392,Xã Sa Loong,14.5980278,107.6388944,Duyên Hải Nam Trung Bộ,Nhiệt đới gió mùa
2016,51,Quảng Ngãi,23401,Xã Đăk Tô,14.8598093,108.3791440,Duyên Hải Nam Trung Bộ,Nhiệt đới gió mùa
2017,51,Quảng Ngãi,23416,Xã Đăk Sao,14.9323617,107.8385522,Duyên Hải Nam Trung Bộ,Nhiệt đới gió mùa
2018,51,Quảng Ngãi,23419,Xã Đăk Tờ Kan,14.8543456,107.8731895,Duyên Hải Nam Trung Bộ,Nhiệt đới gió mùa
2019,51,Quảng Ngãi,23425,Xã Tu Mơ Rông,14.8231008,107.9705077,Duyên Hải Nam Trung Bộ,Nhiệt đới gió mùa
2020,51,Quảng Ngãi,23428,Xã Ngọk Tụ,14.7637141,107.7626773,Duyên Hải Nam Trung Bộ,Nhiệt đới gió mùa
2021,51,Quảng Ngãi,23430,Xã Kon Đào,14.7486550,107.8791947,Duyên Hải Nam Trung Bộ,Nhiệt đới gió mùa
2022,51,Quảng Ngãi,23446,Xã Măng Ri,14.9164119,108.0288165,Duyên Hải Nam Trung Bộ,Nhiệt đới gió mùa
2023,51,Quảng Ngãi,23455,Xã Măng Bút,14.9202193,108.2383155,Duyên Hải Nam Trung Bộ,Nhiệt đới gió mùa
2024,51,Quảng Ngãi,23473,Xã Măng Đen,14.6938142,108.3022483,Duyên Hải Nam Trung Bộ,Nhiệt đới gió mùa
2025,51,Quảng Ngãi,23476,Xã Kon Plông,14.8598093,108.3791440,Duyên Hải Nam Trung Bộ,Nhiệt đới gió mùa
2026,51,Quảng Ngãi,23479,Xã Đăk Rve,14.4779747,108.3075333,Duyên Hải Nam Trung Bộ,Nhiệt đới gió mùa
2027,51,Quảng Ngãi,23485,Xã Đăk Kôi,14.6219878,108.1522471,Duyên Hải Nam Trung Bộ,Nhiệt đới gió mùa
2028,51,Quảng Ngãi,23497,Xã Kon Braih,14.4301698,108.1673613,Duyên Hải Nam Trung Bộ,Nhiệt đới gió mùa
2029,51,Quảng Ngãi,23500,Xã Đăk Hà,14.4698624,107.9257382,Duyên Hải Nam Trung Bộ,Nhiệt đới gió mùa
2030,51,Quảng Ngãi,23504,Xã Đăk Pxi,14.7203235,107.9982599,Duyên Hải Nam Trung Bộ,Nhiệt đới gió mùa
2031,51,Quảng Ngãi,23510,Xã Đăk Ui,14.5847670,108.0199524,Duyên Hải Nam Trung Bộ,Nhiệt đới gió mùa
2032,51,Quảng Ngãi,23512,Xã Đăk Mar,14.5698620,107.9226266,Duyên Hải Nam Trung Bộ,Nhiệt đới gió mùa
2033,51,Quảng Ngãi,23515,Xã Ngọk Réo,14.4904865,108.0327570,Duyên Hải Nam Trung Bộ,Nhiệt đới gió mùa
2034,51,Quảng Ngãi,23527,Xã Sa Thầy,14.4387126,107.7569417,Duyên Hải Nam Trung Bộ,Nhiệt đới gió mùa
2035,51,Quảng Ngãi,23530,Xã Rờ Kơi,14.5268058,107.7030322,Duyên Hải Nam Trung Bộ,Nhiệt đới gió mùa
2036,51,Quảng Ngãi,23534,Xã Sa Bình,14.4337276,107.8403798,Duyên Hải Nam Trung Bộ,Nhiệt đới gió mùa
2037,51,Quảng Ngãi,23535,Xã Ia Đal,14.2225816,107.4398667,Duyên Hải Nam Trung Bộ,Nhiệt đới gió mùa
2038,51,Quảng Ngãi,23536,Xã Mô Rai,14.3490883,107.5849036,Duyên Hải Nam Trung Bộ,Nhiệt đới gió mùa
2039,51,Quảng Ngãi,23538,Xã Ia Tơi,14.0933495,107.5451485,Duyên Hải Nam Trung Bộ,Nhiệt đới gió mùa
2040,51,Quảng Ngãi,23548,Xã Ya Ly,14.2958583,107.7684233,Duyên Hải Nam Trung Bộ,Nhiệt đới gió mùa
2042,52,Gia Lai,21553,Phường Quy Nhơn Bắc,13.7922201,109.1616011,Tây Nguyên,Nhiệt đới xavan/Cận xích đạo
2043,52,Gia Lai,21583,Phường Quy Nhơn,13.7801844,109.2382736,Tây Nguyên,Nhiệt đới xavan/Cận xích đạo
2044,52,Gia Lai,21589,Phường Quy Nhơn Tây,13.6920542,109.1402232,Tây Nguyên,Nhiệt đới xavan/Cận xích đạo
2045,52,Gia Lai,21592,Phường Quy Nhơn Nam,13.7562898,109.2121316,Tây Nguyên,Nhiệt đới xavan/Cận xích đạo
2046,52,Gia Lai,21601,Phường Quy Nhơn Đông,13.8276523,109.2717339,Tây Nguyên,Nhiệt đới xavan/Cận xích đạo
2067,52,Gia Lai,21607,Xã Nhơn Châu,13.6200562,109.3463072,Tây Nguyên,Nhiệt đới xavan/Cận xích đạo
2068,52,Gia Lai,21609,Xã An Lão,14.6148599,108.8909336,Tây Nguyên,Nhiệt đới xavan/Cận xích đạo
2069,52,Gia Lai,21616,Xã An Vinh,14.6122206,108.8128249,Tây Nguyên,Nhiệt đới xavan/Cận xích đạo
2070,52,Gia Lai,21622,Xã An Toàn,14.4889632,108.7075645,Tây Nguyên,Nhiệt đới xavan/Cận xích đạo
2071,52,Gia Lai,21628,Xã An Hòa,14.5389639,108.8526117,Tây Nguyên,Nhiệt đới xavan/Cận xích đạo
2047,52,Gia Lai,21637,Phường Tam Quan,14.5480864,109.0429499,Tây Nguyên,Nhiệt đới xavan/Cận xích đạo
2048,52,Gia Lai,21640,Phường Bồng Sơn,14.4341341,109.0177153,Tây Nguyên,Nhiệt đới xavan/Cận xích đạo
2049,52,Gia Lai,21655,Phường Hoài Nhơn Bắc,14.5579966,109.0541724,Tây Nguyên,Nhiệt đới xavan/Cận xích đạo
2050,52,Gia Lai,21661,Phường Hoài Nhơn Tây,14.5305149,109.0226648,Tây Nguyên,Nhiệt đới xavan/Cận xích đạo
2051,52,Gia Lai,21664,Phường Hoài Nhơn,14.5015880,109.0340344,Tây Nguyên,Nhiệt đới xavan/Cận xích đạo
2052,52,Gia Lai,21670,Phường Hoài Nhơn Đông,14.4868312,109.0857529,Tây Nguyên,Nhiệt đới xavan/Cận xích đạo
2053,52,Gia Lai,21673,Phường Hoài Nhơn Nam,13.9334984,108.5427598,Tây Nguyên,Nhiệt đới xavan/Cận xích đạo
2072,52,Gia Lai,21688,Xã Hoài Ân,13.9334984,108.5427598,Tây Nguyên,Nhiệt đới xavan/Cận xích đạo
2073,52,Gia Lai,21697,Xã Ân Hảo,14.4819302,108.9310633,Tây Nguyên,Nhiệt đới xavan/Cận xích đạo
2074,52,Gia Lai,21703,Xã Vạn Đức,14.4250475,108.8921295,Tây Nguyên,Nhiệt đới xavan/Cận xích đạo
2075,52,Gia Lai,21715,Xã Ân Tường,14.3531143,108.8802871,Tây Nguyên,Nhiệt đới xavan/Cận xích đạo
2076,52,Gia Lai,21727,Xã Kim Sơn,14.2482327,108.8699565,Tây Nguyên,Nhiệt đới xavan/Cận xích đạo
2077,52,Gia Lai,21730,Xã Phù Mỹ,14.1718483,109.0489581,Tây Nguyên,Nhiệt đới xavan/Cận xích đạo
2078,52,Gia Lai,21733,Xã Bình Dương,14.2653572,109.0938507,Tây Nguyên,Nhiệt đới xavan/Cận xích đạo
2079,52,Gia Lai,21739,Xã Phù Mỹ Bắc,14.3227542,109.0631327,Tây Nguyên,Nhiệt đới xavan/Cận xích đạo
2080,52,Gia Lai,21751,Xã Phù Mỹ Đông,14.2725570,109.1645940,Tây Nguyên,Nhiệt đới xavan/Cận xích đạo
2081,52,Gia Lai,21757,Xã Phù Mỹ Tây,14.2162449,109.0443463,Tây Nguyên,Nhiệt đới xavan/Cận xích đạo
2082,52,Gia Lai,21769,Xã An Lương,14.1709069,109.1407710,Tây Nguyên,Nhiệt đới xavan/Cận xích đạo
2083,52,Gia Lai,21775,Xã Phù Mỹ Nam,14.1203916,109.0439614,Tây Nguyên,Nhiệt đới xavan/Cận xích đạo
2084,52,Gia Lai,21786,Xã Vĩnh Thạnh,14.1716084,108.7161450,Tây Nguyên,Nhiệt đới xavan/Cận xích đạo
2085,52,Gia Lai,21787,Xã Vĩnh Sơn,14.3381018,108.7159057,Tây Nguyên,Nhiệt đới xavan/Cận xích đạo
2086,52,Gia Lai,21796,Xã Vĩnh Thịnh,14.1423185,108.8310720,Tây Nguyên,Nhiệt đới xavan/Cận xích đạo
2087,52,Gia Lai,21805,Xã Vĩnh Quang,14.0684256,108.7564669,Tây Nguyên,Nhiệt đới xavan/Cận xích đạo
2088,52,Gia Lai,21808,Xã Tây Sơn,13.9094172,108.9186779,Tây Nguyên,Nhiệt đới xavan/Cận xích đạo
2089,52,Gia Lai,21817,Xã Bình Hiệp,14.0313803,108.8952478,Tây Nguyên,Nhiệt đới xavan/Cận xích đạo
2090,52,Gia Lai,21820,Xã Bình Khê,13.9786454,108.8146781,Tây Nguyên,Nhiệt đới xavan/Cận xích đạo
2091,52,Gia Lai,21829,Xã Bình An,13.9532888,108.9061198,Tây Nguyên,Nhiệt đới xavan/Cận xích đạo
2092,52,Gia Lai,21835,Xã Bình Phú,13.8527991,108.8494855,Tây Nguyên,Nhiệt đới xavan/Cận xích đạo
2093,52,Gia Lai,21853,Xã Phù Cát,14.0008474,109.0635311,Tây Nguyên,Nhiệt đới xavan/Cận xích đạo
2094,52,Gia Lai,21859,Xã Đề Gi,14.1039659,109.1470496,Tây Nguyên,Nhiệt đới xavan/Cận xích đạo
2095,52,Gia Lai,21868,Xã Hội Sơn,14.1260617,108.9472981,Tây Nguyên,Nhiệt đới xavan/Cận xích đạo
2096,52,Gia Lai,21871,Xã Hòa Hội,14.0488618,109.0381985,Tây Nguyên,Nhiệt đới xavan/Cận xích đạo
2097,52,Gia Lai,21880,Xã Cát Tiến,14.0119308,109.2313311,Tây Nguyên,Nhiệt đới xavan/Cận xích đạo
2098,52,Gia Lai,21892,Xã Xuân An,13.9915431,109.1278262,Tây Nguyên,Nhiệt đới xavan/Cận xích đạo
2099,52,Gia Lai,21901,Xã Ngô Mây,13.9683817,109.1915725,Tây Nguyên,Nhiệt đới xavan/Cận xích đạo
2054,52,Gia Lai,21907,Phường Bình Định,13.8867977,109.1090826,Tây Nguyên,Nhiệt đới xavan/Cận xích đạo
2055,52,Gia Lai,21910,Phường An Nhơn,13.9284260,109.0626911,Tây Nguyên,Nhiệt đới xavan/Cận xích đạo
2056,52,Gia Lai,21925,Phường An Nhơn Bắc,13.9376823,109.1393076,Tây Nguyên,Nhiệt đới xavan/Cận xích đạo
2057,52,Gia Lai,21934,Phường An Nhơn Đông,13.9121550,109.1210359,Tây Nguyên,Nhiệt đới xavan/Cận xích đạo
2100,52,Gia Lai,21940,Xã An Nhơn Tây,13.8228179,109.0041924,Tây Nguyên,Nhiệt đới xavan/Cận xích đạo
2058,52,Gia Lai,21943,Phường An Nhơn Nam,13.8355082,109.0724217,Tây Nguyên,Nhiệt đới xavan/Cận xích đạo
2101,52,Gia Lai,21952,Xã Tuy Phước,13.8268656,109.1668433,Tây Nguyên,Nhiệt đới xavan/Cận xích đạo
2102,52,Gia Lai,21964,Xã Tuy Phước Bắc,13.8842956,109.1496990,Tây Nguyên,Nhiệt đới xavan/Cận xích đạo
2103,52,Gia Lai,21970,Xã Tuy Phước Đông,13.9334984,108.5427598,Tây Nguyên,Nhiệt đới xavan/Cận xích đạo
2104,52,Gia Lai,21985,Xã Tuy Phước Tây,13.7943504,109.0988037,Tây Nguyên,Nhiệt đới xavan/Cận xích đạo
2105,52,Gia Lai,21994,Xã Vân Canh,13.5925162,108.9851250,Tây Nguyên,Nhiệt đới xavan/Cận xích đạo
2106,52,Gia Lai,21997,Xã Canh Liên,13.6821496,108.8913538,Tây Nguyên,Nhiệt đới xavan/Cận xích đạo
2107,52,Gia Lai,22006,Xã Canh Vinh,13.6805878,109.0290665,Tây Nguyên,Nhiệt đới xavan/Cận xích đạo
2059,52,Gia Lai,23563,Phường Diên Hồng,13.9725100,107.9961527,Tây Nguyên,Nhiệt đới xavan/Cận xích đạo
2060,52,Gia Lai,23575,Phường Pleiku,13.9773432,108.0002025,Tây Nguyên,Nhiệt đới xavan/Cận xích đạo
2061,52,Gia Lai,23584,Phường Thống Nhất,14.0298231,107.9888227,Tây Nguyên,Nhiệt đới xavan/Cận xích đạo
2062,52,Gia Lai,23586,Phường Hội Phú,13.9578737,108.0329653,Tây Nguyên,Nhiệt đới xavan/Cận xích đạo
2108,52,Gia Lai,23590,Xã Biển Hồ,14.0892083,108.0376129,Tây Nguyên,Nhiệt đới xavan/Cận xích đạo
2063,52,Gia Lai,23602,Phường An Phú,13.9844845,108.0820074,Tây Nguyên,Nhiệt đới xavan/Cận xích đạo
2109,52,Gia Lai,23611,Xã Gào,13.9039469,107.9018575,Tây Nguyên,Nhiệt đới xavan/Cận xích đạo
2064,52,Gia Lai,23614,Phường An Bình,13.9605600,108.6387546,Tây Nguyên,Nhiệt đới xavan/Cận xích đạo
2065,52,Gia Lai,23617,Phường An Khê,13.9879131,108.6636482,Tây Nguyên,Nhiệt đới xavan/Cận xích đạo
2110,52,Gia Lai,23629,Xã Cửu An,14.0221959,108.7329471,Tây Nguyên,Nhiệt đới xavan/Cận xích đạo
2111,52,Gia Lai,23638,Xã Kbang,14.1822417,108.5591649,Tây Nguyên,Nhiệt đới xavan/Cận xích đạo
2112,52,Gia Lai,23644,Xã Đak Rong,14.4187106,108.4077153,Tây Nguyên,Nhiệt đới xavan/Cận xích đạo
2113,52,Gia Lai,23647,Xã Sơn Lang,14.4109817,108.5630691,Tây Nguyên,Nhiệt đới xavan/Cận xích đạo
2114,52,Gia Lai,23650,Xã Krong,14.2680363,108.4396432,Tây Nguyên,Nhiệt đới xavan/Cận xích đạo
2115,52,Gia Lai,23668,Xã Tơ Tung,14.0646841,108.5143583,Tây Nguyên,Nhiệt đới xavan/Cận xích đạo
2116,52,Gia Lai,23674,Xã Kông Bơ La,14.0962412,108.6169148,Tây Nguyên,Nhiệt đới xavan/Cận xích đạo
2117,52,Gia Lai,23677,Xã Đak Đoa,13.9629176,108.1370089,Tây Nguyên,Nhiệt đới xavan/Cận xích đạo
2118,52,Gia Lai,23683,Xã Đak Sơmei,14.2652740,108.2662273,Tây Nguyên,Nhiệt đới xavan/Cận xích đạo
2119,52,Gia Lai,23701,Xã Kon Gang,14.0788543,108.1489268,Tây Nguyên,Nhiệt đới xavan/Cận xích đạo
2120,52,Gia Lai,23710,Xã Ia Băng,13.9150951,108.0817394,Tây Nguyên,Nhiệt đới xavan/Cận xích đạo
2121,52,Gia Lai,23714,Xã KDang,13.9577328,108.2002531,Tây Nguyên,Nhiệt đới xavan/Cận xích đạo
2122,52,Gia Lai,23722,Xã Chư Păh,14.1372212,107.9653031,Tây Nguyên,Nhiệt đới xavan/Cận xích đạo
2123,52,Gia Lai,23728,Xã Ia Khươl,13.9334984,108.5427598,Tây Nguyên,Nhiệt đới xavan/Cận xích đạo
2124,52,Gia Lai,23734,Xã Ia Ly,14.1994265,107.7754441,Tây Nguyên,Nhiệt đới xavan/Cận xích đạo
2125,52,Gia Lai,23737,Xã Ia Mơ,13.4537638,107.7172144,Tây Nguyên,Nhiệt đới xavan/Cận xích đạo
2126,52,Gia Lai,23749,Xã Ia Phí,14.1774986,107.9077256,Tây Nguyên,Nhiệt đới xavan/Cận xích đạo
2127,52,Gia Lai,23764,Xã Ia Grai,14.0090739,107.7791902,Tây Nguyên,Nhiệt đới xavan/Cận xích đạo
2128,52,Gia Lai,23767,Xã Ia Hrung,14.0225754,107.9078035,Tây Nguyên,Nhiệt đới xavan/Cận xích đạo
2129,52,Gia Lai,23776,Xã Ia Krái,14.0092136,107.6335333,Tây Nguyên,Nhiệt đới xavan/Cận xích đạo
2130,52,Gia Lai,23782,Xã Ia O,13.9505095,107.5405052,Tây Nguyên,Nhiệt đới xavan/Cận xích đạo
2131,52,Gia Lai,23788,Xã Ia Chia,13.8900433,107.5816653,Tây Nguyên,Nhiệt đới xavan/Cận xích đạo
2132,52,Gia Lai,23794,Xã Mang Yang,14.0522138,108.2602665,Tây Nguyên,Nhiệt đới xavan/Cận xích đạo
2133,52,Gia Lai,23798,Xã Ayun,14.1427487,108.3094671,Tây Nguyên,Nhiệt đới xavan/Cận xích đạo
2134,52,Gia Lai,23799,Xã Hra,14.0526483,108.4002880,Tây Nguyên,Nhiệt đới xavan/Cận xích đạo
2135,52,Gia Lai,23812,Xã Lơ Pang,13.8780908,108.2994332,Tây Nguyên,Nhiệt đới xavan/Cận xích đạo
2136,52,Gia Lai,23818,Xã Kon Chiêng,13.9334984,108.5427598,Tây Nguyên,Nhiệt đới xavan/Cận xích đạo
2137,52,Gia Lai,23824,Xã Kông Chro,13.7214126,108.5272447,Tây Nguyên,Nhiệt đới xavan/Cận xích đạo
2138,52,Gia Lai,23830,Xã Chư Krey,13.8896666,108.4367107,Tây Nguyên,Nhiệt đới xavan/Cận xích đạo
2139,52,Gia Lai,23833,Xã Ya Ma,13.8092049,108.5981793,Tây Nguyên,Nhiệt đới xavan/Cận xích đạo
2140,52,Gia Lai,23839,Xã SRó,13.7145969,108.6412967,Tây Nguyên,Nhiệt đới xavan/Cận xích đạo
2141,52,Gia Lai,23842,Xã Đăk Song,13.6891345,108.7574590,Tây Nguyên,Nhiệt đới xavan/Cận xích đạo
2142,52,Gia Lai,23851,Xã Chơ Long,13.7489687,108.4183181,Tây Nguyên,Nhiệt đới xavan/Cận xích đạo
2143,52,Gia Lai,23857,Xã Đức Cơ,13.7503273,107.7243225,Tây Nguyên,Nhiệt đới xavan/Cận xích đạo
2144,52,Gia Lai,23866,Xã Ia Krêl,13.8090370,107.7861745,Tây Nguyên,Nhiệt đới xavan/Cận xích đạo
2145,52,Gia Lai,23869,Xã Ia Dơk,13.8554332,107.6975712,Tây Nguyên,Nhiệt đới xavan/Cận xích đạo
2146,52,Gia Lai,23872,Xã Ia Dom,13.8093347,107.5344612,Tây Nguyên,Nhiệt đới xavan/Cận xích đạo
2147,52,Gia Lai,23881,Xã Ia Pnôn,13.7093530,107.6442722,Tây Nguyên,Nhiệt đới xavan/Cận xích đạo
2148,52,Gia Lai,23884,Xã Ia Nan,13.7264154,107.5765651,Tây Nguyên,Nhiệt đới xavan/Cận xích đạo
2149,52,Gia Lai,23887,Xã Chư Prông,13.7571965,107.8882538,Tây Nguyên,Nhiệt đới xavan/Cận xích đạo
2150,52,Gia Lai,23896,Xã Bàu Cạn,13.8282256,107.8904799,Tây Nguyên,Nhiệt đới xavan/Cận xích đạo
2151,52,Gia Lai,23908,Xã Ia Tôr,13.7787736,107.9849068,Tây Nguyên,Nhiệt đới xavan/Cận xích đạo
2152,52,Gia Lai,23911,Xã Ia Boòng,13.6707685,107.8426403,Tây Nguyên,Nhiệt đới xavan/Cận xích đạo
2153,52,Gia Lai,23917,Xã Ia Púch,13.9334984,108.5427598,Tây Nguyên,Nhiệt đới xavan/Cận xích đạo
2154,52,Gia Lai,23926,Xã Ia Pia,13.5990044,107.8923354,Tây Nguyên,Nhiệt đới xavan/Cận xích đạo
2155,52,Gia Lai,23935,Xã Ia Lâu,13.4703719,107.8747240,Tây Nguyên,Nhiệt đới xavan/Cận xích đạo
2156,52,Gia Lai,23941,Xã Chư Sê,13.6965015,108.0770877,Tây Nguyên,Nhiệt đới xavan/Cận xích đạo
2157,52,Gia Lai,23942,Xã Chư Pưh,13.5146165,108.1306690,Tây Nguyên,Nhiệt đới xavan/Cận xích đạo
2158,52,Gia Lai,23947,Xã Bờ Ngoong,13.8046141,108.0919663,Tây Nguyên,Nhiệt đới xavan/Cận xích đạo
2159,52,Gia Lai,23954,Xã Al Bá,13.7020858,108.1462169,Tây Nguyên,Nhiệt đới xavan/Cận xích đạo
2160,52,Gia Lai,23971,Xã Ia Hrú,13.6196123,108.1852184,Tây Nguyên,Nhiệt đới xavan/Cận xích đạo
2161,52,Gia Lai,23977,Xã Ia Ko,13.5951389,108.0144452,Tây Nguyên,Nhiệt đới xavan/Cận xích đạo
2162,52,Gia Lai,23986,Xã Ia Le,13.4424448,108.0717473,Tây Nguyên,Nhiệt đới xavan/Cận xích đạo
2163,52,Gia Lai,23995,Xã Đak Pơ,13.9737936,108.4950045,Tây Nguyên,Nhiệt đới xavan/Cận xích đạo
2164,52,Gia Lai,24007,Xã Ya Hội,13.8774264,108.6839621,Tây Nguyên,Nhiệt đới xavan/Cận xích đạo
2165,52,Gia Lai,24013,Xã Pờ Tó,13.6245487,108.3957369,Tây Nguyên,Nhiệt đới xavan/Cận xích đạo
2166,52,Gia Lai,24022,Xã Ia Pa,13.5117131,108.4455977,Tây Nguyên,Nhiệt đới xavan/Cận xích đạo
2167,52,Gia Lai,24028,Xã Ia Tul,13.4950816,108.5864552,Tây Nguyên,Nhiệt đới xavan/Cận xích đạo
2168,52,Gia Lai,24043,Xã Phú Thiện,13.4890228,108.3396586,Tây Nguyên,Nhiệt đới xavan/Cận xích đạo
2066,52,Gia Lai,24044,Phường Ayun Pa,13.4106393,108.4354012,Tây Nguyên,Nhiệt đới xavan/Cận xích đạo
2169,52,Gia Lai,24049,Xã Chư A Thai,13.5702083,108.2768831,Tây Nguyên,Nhiệt đới xavan/Cận xích đạo
2170,52,Gia Lai,24061,Xã Ia Hiao,13.4167975,108.3354770,Tây Nguyên,Nhiệt đới xavan/Cận xích đạo
2171,52,Gia Lai,24065,Xã Ia Rbol,13.3387902,108.3908843,Tây Nguyên,Nhiệt đới xavan/Cận xích đạo
2172,52,Gia Lai,24073,Xã Ia Sao,13.2832666,108.4384728,Tây Nguyên,Nhiệt đới xavan/Cận xích đạo
2173,52,Gia Lai,24076,Xã Phú Túc,13.2579968,108.7825090,Tây Nguyên,Nhiệt đới xavan/Cận xích đạo
2174,52,Gia Lai,24100,Xã Ia Dreh,13.0881022,108.6271303,Tây Nguyên,Nhiệt đới xavan/Cận xích đạo
2175,52,Gia Lai,24109,Xã Uar,13.2356274,108.5478310,Tây Nguyên,Nhiệt đới xavan/Cận xích đạo
2176,52,Gia Lai,24112,Xã Ia Rsai,13.3416546,108.6691433,Tây Nguyên,Nhiệt đới xavan/Cận xích đạo
2177,56,Khánh Hòa,22333,Phường Bắc Nha Trang,12.3106567,109.1863677,Duyên Hải Nam Trung Bộ,Nhiệt đới gió mùa
2178,56,Khánh Hòa,22366,Phường Nha Trang,12.2348769,109.1941443,Duyên Hải Nam Trung Bộ,Nhiệt đới gió mùa
2179,56,Khánh Hòa,22390,Phường Tây Nha Trang,12.2586680,109.1481206,Duyên Hải Nam Trung Bộ,Nhiệt đới gió mùa
2180,56,Khánh Hòa,22402,Phường Nam Nha Trang,12.2010559,109.1703895,Duyên Hải Nam Trung Bộ,Nhiệt đới gió mùa
2181,56,Khánh Hòa,22411,Phường Bắc Cam Ranh,11.9881329,109.1913472,Duyên Hải Nam Trung Bộ,Nhiệt đới gió mùa
2182,56,Khánh Hòa,22420,Phường Cam Ranh,11.9334936,109.1610949,Duyên Hải Nam Trung Bộ,Nhiệt đới gió mùa
2183,56,Khánh Hòa,22423,Phường Ba Ngòi,12.0125288,109.0698744,Duyên Hải Nam Trung Bộ,Nhiệt đới gió mùa
2184,56,Khánh Hòa,22432,Phường Cam Linh,11.9072078,109.1484805,Duyên Hải Nam Trung Bộ,Nhiệt đới gió mùa
2193,56,Khánh Hòa,22435,Xã Cam Hiệp,12.0125288,109.0698744,Duyên Hải Nam Trung Bộ,Nhiệt đới gió mùa
2194,56,Khánh Hòa,22453,Xã Cam Lâm,12.0747580,109.1579079,Duyên Hải Nam Trung Bộ,Nhiệt đới gió mùa
2195,56,Khánh Hòa,22465,Xã Cam An,11.9946902,109.0636448,Duyên Hải Nam Trung Bộ,Nhiệt đới gió mùa
2196,56,Khánh Hòa,22480,Xã Nam Cam Ranh,11.8518091,109.1037053,Duyên Hải Nam Trung Bộ,Nhiệt đới gió mùa
2197,56,Khánh Hòa,22489,Xã Vạn Ninh,12.7346037,109.1528341,Duyên Hải Nam Trung Bộ,Nhiệt đới gió mùa
2198,56,Khánh Hòa,22498,Xã Tu Bông,12.7877226,109.2725011,Duyên Hải Nam Trung Bộ,Nhiệt đới gió mùa
2199,56,Khánh Hòa,22504,Xã Đại Lãnh,12.8382574,109.3617445,Duyên Hải Nam Trung Bộ,Nhiệt đới gió mùa
2200,56,Khánh Hòa,22516,Xã Vạn Thắng,12.7645152,109.2108438,Duyên Hải Nam Trung Bộ,Nhiệt đới gió mùa
2201,56,Khánh Hòa,22525,Xã Vạn Hưng,12.6517478,109.1691384,Duyên Hải Nam Trung Bộ,Nhiệt đới gió mùa
2185,56,Khánh Hòa,22528,Phường Ninh Hòa,12.5129180,109.1338762,Duyên Hải Nam Trung Bộ,Nhiệt đới gió mùa
2202,56,Khánh Hòa,22546,Xã Bắc Ninh Hòa,12.6207114,109.1091819,Duyên Hải Nam Trung Bộ,Nhiệt đới gió mùa
2203,56,Khánh Hòa,22552,Xã Tây Ninh Hòa,12.5738495,108.9665030,Duyên Hải Nam Trung Bộ,Nhiệt đới gió mùa
2204,56,Khánh Hòa,22558,Xã Hòa Trí,12.6008323,109.0484509,Duyên Hải Nam Trung Bộ,Nhiệt đới gió mùa
2186,56,Khánh Hòa,22561,Phường Đông Ninh Hòa,12.5024816,109.2161806,Duyên Hải Nam Trung Bộ,Nhiệt đới gió mùa
2205,56,Khánh Hòa,22576,Xã Tân Định,12.5052687,109.0372678,Duyên Hải Nam Trung Bộ,Nhiệt đới gió mùa
2187,56,Khánh Hòa,22591,Phường Hòa Thắng,12.4739033,109.1817644,Duyên Hải Nam Trung Bộ,Nhiệt đới gió mùa
2206,56,Khánh Hòa,22597,Xã Nam Ninh Hòa,12.4353408,109.0697373,Duyên Hải Nam Trung Bộ,Nhiệt đới gió mùa
2207,56,Khánh Hòa,22609,Xã Khánh Vĩnh,12.1755284,108.9118569,Duyên Hải Nam Trung Bộ,Nhiệt đới gió mùa
2208,56,Khánh Hòa,22612,Xã Trung Khánh Vĩnh,12.4074460,108.8053502,Duyên Hải Nam Trung Bộ,Nhiệt đới gió mùa
2209,56,Khánh Hòa,22615,Xã Bắc Khánh Vĩnh,12.4169304,108.9574122,Duyên Hải Nam Trung Bộ,Nhiệt đới gió mùa
2210,56,Khánh Hòa,22624,Xã Tây Khánh Vĩnh,12.3084370,108.8249304,Duyên Hải Nam Trung Bộ,Nhiệt đới gió mùa
2211,56,Khánh Hòa,22648,Xã Nam Khánh Vĩnh,12.2091376,108.8002324,Duyên Hải Nam Trung Bộ,Nhiệt đới gió mùa
2212,56,Khánh Hòa,22651,Xã Diên Khánh,12.2598246,109.1000184,Duyên Hải Nam Trung Bộ,Nhiệt đới gió mùa
2213,56,Khánh Hòa,22657,Xã Diên Điền,12.3011272,109.0967332,Duyên Hải Nam Trung Bộ,Nhiệt đới gió mùa
2214,56,Khánh Hòa,22660,Xã Diên Lâm,12.3256791,109.0050127,Duyên Hải Nam Trung Bộ,Nhiệt đới gió mùa
2215,56,Khánh Hòa,22672,Xã Diên Thọ,12.2397940,109.0019579,Duyên Hải Nam Trung Bộ,Nhiệt đới gió mùa
2216,56,Khánh Hòa,22678,Xã Diên Lạc,12.2499951,109.0658503,Duyên Hải Nam Trung Bộ,Nhiệt đới gió mùa
2217,56,Khánh Hòa,22702,Xã Suối Hiệp,12.2141952,109.0473058,Duyên Hải Nam Trung Bộ,Nhiệt đới gió mùa
2218,56,Khánh Hòa,22708,Xã Suối Dầu,12.1569687,109.0280576,Duyên Hải Nam Trung Bộ,Nhiệt đới gió mùa
2219,56,Khánh Hòa,22714,Xã Khánh Sơn,12.0247094,108.9091586,Duyên Hải Nam Trung Bộ,Nhiệt đới gió mùa
2220,56,Khánh Hòa,22720,Xã Tây Khánh Sơn,12.0621386,108.8501471,Duyên Hải Nam Trung Bộ,Nhiệt đới gió mùa
2221,56,Khánh Hòa,22732,Xã Đông Khánh Sơn,11.9962250,108.9770815,Duyên Hải Nam Trung Bộ,Nhiệt đới gió mùa
2241,56,Khánh Hòa,22736,Đặc khu Trường Sa,8.8250687,112.6055720,Duyên Hải Nam Trung Bộ,Nhiệt đới gió mùa
2188,56,Khánh Hòa,22738,Phường Đô Vinh,11.6310133,108.9210862,Duyên Hải Nam Trung Bộ,Nhiệt đới gió mùa
2189,56,Khánh Hòa,22741,Phường Bảo An,11.5984800,108.9794314,Duyên Hải Nam Trung Bộ,Nhiệt đới gió mùa
2190,56,Khánh Hòa,22759,Phường Phan Rang,11.5670802,108.9909831,Duyên Hải Nam Trung Bộ,Nhiệt đới gió mùa
2191,56,Khánh Hòa,22780,Phường Đông Hải,11.5596547,109.0146533,Duyên Hải Nam Trung Bộ,Nhiệt đới gió mùa
2222,56,Khánh Hòa,22786,Xã Bác Ái Tây,11.9933589,108.7710015,Duyên Hải Nam Trung Bộ,Nhiệt đới gió mùa
2223,56,Khánh Hòa,22795,Xã Bác Ái,11.8519016,108.8434985,Duyên Hải Nam Trung Bộ,Nhiệt đới gió mùa
2224,56,Khánh Hòa,22801,Xã Bác Ái Đông,11.8688528,108.9630715,Duyên Hải Nam Trung Bộ,Nhiệt đới gió mùa
2225,56,Khánh Hòa,22810,Xã Ninh Sơn,11.7526369,108.7409086,Duyên Hải Nam Trung Bộ,Nhiệt đới gió mùa
2226,56,Khánh Hòa,22813,Xã Lâm Sơn,11.8472873,108.7128467,Duyên Hải Nam Trung Bộ,Nhiệt đới gió mùa
2227,56,Khánh Hòa,22822,Xã Mỹ Sơn,11.7153231,108.9029426,Duyên Hải Nam Trung Bộ,Nhiệt đới gió mùa
2228,56,Khánh Hòa,22828,Xã Anh Dũng,11.6179915,108.6449771,Duyên Hải Nam Trung Bộ,Nhiệt đới gió mùa
2192,56,Khánh Hòa,22834,Phường Ninh Chử,11.5987820,109.0215590,Duyên Hải Nam Trung Bộ,Nhiệt đới gió mùa
2229,56,Khánh Hòa,22840,Xã Công Hải,11.7946795,109.0879488,Duyên Hải Nam Trung Bộ,Nhiệt đới gió mùa
2230,56,Khánh Hòa,22846,Xã Vĩnh Hải,12.0125288,109.0698744,Duyên Hải Nam Trung Bộ,Nhiệt đới gió mùa
2231,56,Khánh Hòa,22849,Xã Thuận Bắc,11.7261901,109.0388840,Duyên Hải Nam Trung Bộ,Nhiệt đới gió mùa
2232,56,Khánh Hòa,22852,Xã Ninh Hải,11.6522036,109.0696655,Duyên Hải Nam Trung Bộ,Nhiệt đới gió mùa
2233,56,Khánh Hòa,22861,Xã Xuân Hải,11.6495015,109.0067058,Duyên Hải Nam Trung Bộ,Nhiệt đới gió mùa
2234,56,Khánh Hòa,22870,Xã Ninh Phước,11.5290053,108.9497965,Duyên Hải Nam Trung Bộ,Nhiệt đới gió mùa
2235,56,Khánh Hòa,22873,Xã Phước Hậu,11.6038399,108.8559841,Duyên Hải Nam Trung Bộ,Nhiệt đới gió mùa
2236,56,Khánh Hòa,22888,Xã Phước Dinh,11.4394782,108.9696215,Duyên Hải Nam Trung Bộ,Nhiệt đới gió mùa
2237,56,Khánh Hòa,22891,Xã Phước Hữu,11.5646873,108.8416516,Duyên Hải Nam Trung Bộ,Nhiệt đới gió mùa
2238,56,Khánh Hòa,22897,Xã Thuận Nam,11.4437260,108.8832818,Duyên Hải Nam Trung Bộ,Nhiệt đới gió mùa
2239,56,Khánh Hòa,22900,Xã Phước Hà,11.4882177,108.7673342,Duyên Hải Nam Trung Bộ,Nhiệt đới gió mùa
2240,56,Khánh Hòa,22909,Xã Cà Ná,11.3521869,108.9124774,Duyên Hải Nam Trung Bộ,Nhiệt đới gió mùa
2242,66,Đắk Lắk,22015,Phường Tuy Hòa,12.9146810,108.5387939,Tây Nguyên,Nhiệt đới xavan/Cận xích đạo
2243,66,Đắk Lắk,22045,Phường Bình Kiến,13.1372506,109.2477951,Tây Nguyên,Nhiệt đới xavan/Cận xích đạo
2244,66,Đắk Lắk,22051,Phường Sông Cầu,13.4718004,109.2201033,Tây Nguyên,Nhiệt đới xavan/Cận xích đạo
2256,66,Đắk Lắk,22057,Xã Xuân Lộc,13.6318175,109.1878199,Tây Nguyên,Nhiệt đới xavan/Cận xích đạo
2257,66,Đắk Lắk,22060,Xã Xuân Cảnh,13.5626631,109.2211294,Tây Nguyên,Nhiệt đới xavan/Cận xích đạo
2258,66,Đắk Lắk,22075,Xã Xuân Thọ,13.4887329,109.1629012,Tây Nguyên,Nhiệt đới xavan/Cận xích đạo
2245,66,Đắk Lắk,22076,Phường Xuân Đài,13.4033087,109.2205585,Tây Nguyên,Nhiệt đới xavan/Cận xích đạo
2259,66,Đắk Lắk,22081,Xã Đồng Xuân,13.3942125,109.0899857,Tây Nguyên,Nhiệt đới xavan/Cận xích đạo
2260,66,Đắk Lắk,22090,Xã Xuân Lãnh,13.5015358,109.0379702,Tây Nguyên,Nhiệt đới xavan/Cận xích đạo
2261,66,Đắk Lắk,22096,Xã Phú Mỡ,13.4332605,108.8949862,Tây Nguyên,Nhiệt đới xavan/Cận xích đạo
2262,66,Đắk Lắk,22111,Xã Xuân Phước,13.2995453,109.0622701,Tây Nguyên,Nhiệt đới xavan/Cận xích đạo
2263,66,Đắk Lắk,22114,Xã Tuy An Bắc,13.3195964,109.1869005,Tây Nguyên,Nhiệt đới xavan/Cận xích đạo
2264,66,Đắk Lắk,22120,Xã Tuy An Đông,13.3240418,109.2498224,Tây Nguyên,Nhiệt đới xavan/Cận xích đạo
2265,66,Đắk Lắk,22132,Xã Tuy An Tây,13.2472948,109.1453345,Tây Nguyên,Nhiệt đới xavan/Cận xích đạo
2266,66,Đắk Lắk,22147,Xã Ô Loan,13.2547048,109.2581762,Tây Nguyên,Nhiệt đới xavan/Cận xích đạo
2267,66,Đắk Lắk,22153,Xã Tuy An Nam,13.1846335,109.2415823,Tây Nguyên,Nhiệt đới xavan/Cận xích đạo
2268,66,Đắk Lắk,22165,Xã Sơn Hòa,13.1060787,108.9918787,Tây Nguyên,Nhiệt đới xavan/Cận xích đạo
2269,66,Đắk Lắk,22171,Xã Tây Sơn,13.2808627,108.9423854,Tây Nguyên,Nhiệt đới xavan/Cận xích đạo
2270,66,Đắk Lắk,22177,Xã Vân Hòa,13.1794980,109.0818380,Tây Nguyên,Nhiệt đới xavan/Cận xích đạo
2271,66,Đắk Lắk,22192,Xã Suối Trai,13.0936796,108.8599970,Tây Nguyên,Nhiệt đới xavan/Cận xích đạo
2272,66,Đắk Lắk,22207,Xã Sông Hinh,12.8595520,108.9365550,Tây Nguyên,Nhiệt đới xavan/Cận xích đạo
2273,66,Đắk Lắk,22222,Xã Đức Bình,12.9793148,108.9895298,Tây Nguyên,Nhiệt đới xavan/Cận xích đạo
2274,66,Đắk Lắk,22225,Xã Ea Bá,12.9634042,108.8246914,Tây Nguyên,Nhiệt đới xavan/Cận xích đạo
2275,66,Đắk Lắk,22237,Xã Ea Ly,13.0002090,108.7316234,Tây Nguyên,Nhiệt đới xavan/Cận xích đạo
2246,66,Đắk Lắk,22240,Phường Phú Yên,13.0456233,109.3166322,Tây Nguyên,Nhiệt đới xavan/Cận xích đạo
2276,66,Đắk Lắk,22250,Xã Sơn Thành,12.9495643,109.1024318,Tây Nguyên,Nhiệt đới xavan/Cận xích đạo
2277,66,Đắk Lắk,22255,Xã Tây Hòa,12.9864378,109.2590552,Tây Nguyên,Nhiệt đới xavan/Cận xích đạo
2247,66,Đắk Lắk,22258,Phường Đông Hòa,12.9568579,109.3099827,Tây Nguyên,Nhiệt đới xavan/Cận xích đạo
2248,66,Đắk Lắk,22261,Phường Hòa Hiệp,12.9911171,109.3690642,Tây Nguyên,Nhiệt đới xavan/Cận xích đạo
2278,66,Đắk Lắk,22276,Xã Hòa Thịnh,12.9013333,109.2624714,Tây Nguyên,Nhiệt đới xavan/Cận xích đạo
2279,66,Đắk Lắk,22285,Xã Hòa Mỹ,12.8801870,109.1563819,Tây Nguyên,Nhiệt đới xavan/Cận xích đạo
2280,66,Đắk Lắk,22291,Xã Hòa Xuân,12.9121852,109.4023629,Tây Nguyên,Nhiệt đới xavan/Cận xích đạo
2281,66,Đắk Lắk,22303,Xã Phú Hòa 2,13.1014272,109.1964097,Tây Nguyên,Nhiệt đới xavan/Cận xích đạo
2282,66,Đắk Lắk,22319,Xã Phú Hòa 1,13.0612007,109.1243658,Tây Nguyên,Nhiệt đới xavan/Cận xích đạo
2249,66,Đắk Lắk,24121,Phường Tân Lập,12.6588988,108.1090643,Tây Nguyên,Nhiệt đới xavan/Cận xích đạo
2250,66,Đắk Lắk,24133,Phường Buôn Ma Thuột,12.7006693,108.0221732,Tây Nguyên,Nhiệt đới xavan/Cận xích đạo
2251,66,Đắk Lắk,24154,Phường Thành Nhất,12.6555131,107.9891686,Tây Nguyên,Nhiệt đới xavan/Cận xích đạo
2252,66,Đắk Lắk,24163,Phường Tân An,12.7269309,108.1133392,Tây Nguyên,Nhiệt đới xavan/Cận xích đạo
2253,66,Đắk Lắk,24169,Phường Ea Kao,12.6100141,108.0438356,Tây Nguyên,Nhiệt đới xavan/Cận xích đạo
2283,66,Đắk Lắk,24175,Xã Hòa Phú,12.6228143,107.9574929,Tây Nguyên,Nhiệt đới xavan/Cận xích đạo
2284,66,Đắk Lắk,24181,Xã Ea Drăng,13.2159754,108.2333400,Tây Nguyên,Nhiệt đới xavan/Cận xích đạo
3181,66,Đắk Lắk,24184,Xã Ea H’Leo,12.9146810,108.5387939,Tây Nguyên,Nhiệt đới xavan/Cận xích đạo
2286,66,Đắk Lắk,24187,Xã Ea Hiao,13.2495429,108.3355286,Tây Nguyên,Nhiệt đới xavan/Cận xích đạo
2287,66,Đắk Lắk,24193,Xã Ea Wy,13.2150184,108.0650942,Tây Nguyên,Nhiệt đới xavan/Cận xích đạo
2288,66,Đắk Lắk,24208,Xã Ea Khăl,13.1352386,108.1306264,Tây Nguyên,Nhiệt đới xavan/Cận xích đạo
2289,66,Đắk Lắk,24211,Xã Ea Súp,13.0665032,107.8937161,Tây Nguyên,Nhiệt đới xavan/Cận xích đạo
2290,66,Đắk Lắk,24214,Xã Ia Lốp,13.3136829,107.7185703,Tây Nguyên,Nhiệt đới xavan/Cận xích đạo
2291,66,Đắk Lắk,24217,Xã Ea Rốk,13.2704010,107.8965877,Tây Nguyên,Nhiệt đới xavan/Cận xích đạo
2292,66,Đắk Lắk,24221,Xã Ia Rvê,13.2280261,107.6692680,Tây Nguyên,Nhiệt đới xavan/Cận xích đạo
2293,66,Đắk Lắk,24229,Xã Ea Bung,13.1428831,107.6823348,Tây Nguyên,Nhiệt đới xavan/Cận xích đạo
2294,66,Đắk Lắk,24235,Xã Buôn Đôn,12.9336001,107.7187779,Tây Nguyên,Nhiệt đới xavan/Cận xích đạo
2295,66,Đắk Lắk,24241,Xã Ea Wer,12.8284575,107.8683902,Tây Nguyên,Nhiệt đới xavan/Cận xích đạo
2296,66,Đắk Lắk,24250,Xã Ea Nuôl,12.9146810,108.5387939,Tây Nguyên,Nhiệt đới xavan/Cận xích đạo
2297,66,Đắk Lắk,24259,Xã Quảng Phú,12.7915759,108.0777469,Tây Nguyên,Nhiệt đới xavan/Cận xích đạo
2298,66,Đắk Lắk,24265,Xã Ea Kiết,12.9962738,108.0355902,Tây Nguyên,Nhiệt đới xavan/Cận xích đạo
2299,66,Đắk Lắk,24277,Xã Ea Tul,12.9031982,108.1583364,Tây Nguyên,Nhiệt đới xavan/Cận xích đạo
3182,66,Đắk Lắk,24280,Xã Cư M’gar,12.9146810,108.5387939,Tây Nguyên,Nhiệt đới xavan/Cận xích đạo
3183,66,Đắk Lắk,24286,Xã Ea M’Droh,12.9146810,108.5387939,Tây Nguyên,Nhiệt đới xavan/Cận xích đạo
2302,66,Đắk Lắk,24301,Xã Cuôr Đăng,12.7754073,108.1770878,Tây Nguyên,Nhiệt đới xavan/Cận xích đạo
2254,66,Đắk Lắk,24305,Phường Buôn Hồ,12.8961368,108.2454096,Tây Nguyên,Nhiệt đới xavan/Cận xích đạo
2303,66,Đắk Lắk,24310,Xã Krông Búk,13.0578502,108.2326690,Tây Nguyên,Nhiệt đới xavan/Cận xích đạo
2304,66,Đắk Lắk,24313,Xã Cư Pơng,13.0454032,108.1481541,Tây Nguyên,Nhiệt đới xavan/Cận xích đạo
2305,66,Đắk Lắk,24316,Xã Pơng Drang,12.9508675,108.2372129,Tây Nguyên,Nhiệt đới xavan/Cận xích đạo
2306,66,Đắk Lắk,24328,Xã Ea Drông,12.8622021,108.3201466,Tây Nguyên,Nhiệt đới xavan/Cận xích đạo
2255,66,Đắk Lắk,24340,Phường Cư Bao,12.8099771,108.2593729,Tây Nguyên,Nhiệt đới xavan/Cận xích đạo
2307,66,Đắk Lắk,24343,Xã Krông Năng,12.9727723,108.3363946,Tây Nguyên,Nhiệt đới xavan/Cận xích đạo
2308,66,Đắk Lắk,24346,Xã Dliê Ya,13.0729414,108.3391100,Tây Nguyên,Nhiệt đới xavan/Cận xích đạo
2309,66,Đắk Lắk,24352,Xã Tam Giang,13.0389098,108.4431063,Tây Nguyên,Nhiệt đới xavan/Cận xích đạo
2310,66,Đắk Lắk,24364,Xã Phú Xuân,12.9225340,108.4912993,Tây Nguyên,Nhiệt đới xavan/Cận xích đạo
2311,66,Đắk Lắk,24373,Xã Ea Kar,12.8031278,108.4730509,Tây Nguyên,Nhiệt đới xavan/Cận xích đạo
2312,66,Đắk Lắk,24376,Xã Ea Knốp,12.8973909,108.5341141,Tây Nguyên,Nhiệt đới xavan/Cận xích đạo
2313,66,Đắk Lắk,24400,Xã Ea Păl,12.7298103,108.6084174,Tây Nguyên,Nhiệt đới xavan/Cận xích đạo
2314,66,Đắk Lắk,24403,Xã Ea Ô,12.6525039,108.5319387,Tây Nguyên,Nhiệt đới xavan/Cận xích đạo
2315,66,Đắk Lắk,24406,Xã Cư Yang,12.6441566,108.6316308,Tây Nguyên,Nhiệt đới xavan/Cận xích đạo
3184,66,Đắk Lắk,24412,Xã M’Drắk,12.9146810,108.5387939,Tây Nguyên,Nhiệt đới xavan/Cận xích đạo
2317,66,Đắk Lắk,24415,Xã Cư Prao,12.8609983,108.6430049,Tây Nguyên,Nhiệt đới xavan/Cận xích đạo
2318,66,Đắk Lắk,24433,Xã Ea Riêng,12.8067864,108.8670931,Tây Nguyên,Nhiệt đới xavan/Cận xích đạo
3185,66,Đắk Lắk,24436,Xã Cư M’ta,12.9146810,108.5387939,Tây Nguyên,Nhiệt đới xavan/Cận xích đạo
2320,66,Đắk Lắk,24444,Xã Krông Á,12.5934784,108.7281356,Tây Nguyên,Nhiệt đới xavan/Cận xích đạo
2321,66,Đắk Lắk,24445,Xã Ea Trang,12.6146462,108.8349745,Tây Nguyên,Nhiệt đới xavan/Cận xích đạo
2322,66,Đắk Lắk,24448,Xã Krông Bông,12.4817671,108.3899610,Tây Nguyên,Nhiệt đới xavan/Cận xích đạo
2323,66,Đắk Lắk,24454,Xã Dang Kang,12.5746111,108.3248610,Tây Nguyên,Nhiệt đới xavan/Cận xích đạo
2324,66,Đắk Lắk,24472,Xã Hòa Sơn,12.4837247,108.2588409,Tây Nguyên,Nhiệt đới xavan/Cận xích đạo
2325,66,Đắk Lắk,24478,Xã Cư Pui,12.5124261,108.5279953,Tây Nguyên,Nhiệt đới xavan/Cận xích đạo
2326,66,Đắk Lắk,24484,Xã Yang Mao,12.4143090,108.5722597,Tây Nguyên,Nhiệt đới xavan/Cận xích đạo
2327,66,Đắk Lắk,24490,Xã Krông Pắc,12.7010829,108.3061023,Tây Nguyên,Nhiệt đới xavan/Cận xích đạo
2328,66,Đắk Lắk,24496,Xã Ea Kly,12.7601734,108.4088538,Tây Nguyên,Nhiệt đới xavan/Cận xích đạo
2329,66,Đắk Lắk,24502,Xã Ea Phê,12.7253077,108.3616195,Tây Nguyên,Nhiệt đới xavan/Cận xích đạo
2330,66,Đắk Lắk,24505,Xã Ea Knuếc,12.9146810,108.5387939,Tây Nguyên,Nhiệt đới xavan/Cận xích đạo
2331,66,Đắk Lắk,24526,Xã Tân Tiến,12.6174403,108.3845701,Tây Nguyên,Nhiệt đới xavan/Cận xích đạo
2332,66,Đắk Lắk,24529,Xã Vụ Bổn,12.6170235,108.4519651,Tây Nguyên,Nhiệt đới xavan/Cận xích đạo
2333,66,Đắk Lắk,24538,Xã Krông Ana,12.4535092,108.0238854,Tây Nguyên,Nhiệt đới xavan/Cận xích đạo
2334,66,Đắk Lắk,24540,Xã Ea Ning,12.6028268,108.2299909,Tây Nguyên,Nhiệt đới xavan/Cận xích đạo
2335,66,Đắk Lắk,24544,Xã Ea Ktur,12.6153932,108.1258710,Tây Nguyên,Nhiệt đới xavan/Cận xích đạo
2336,66,Đắk Lắk,24559,Xã Ea Na,12.5431603,108.0031899,Tây Nguyên,Nhiệt đới xavan/Cận xích đạo
2337,66,Đắk Lắk,24561,Xã Dray Bhăng,12.5441124,108.1717212,Tây Nguyên,Nhiệt đới xavan/Cận xích đạo
2338,66,Đắk Lắk,24568,Xã Dur Kmăl,12.4703799,108.1182198,Tây Nguyên,Nhiệt đới xavan/Cận xích đạo
2339,66,Đắk Lắk,24580,Xã Liên Sơn Lắk,12.3787672,108.3358404,Tây Nguyên,Nhiệt đới xavan/Cận xích đạo
2340,66,Đắk Lắk,24595,Xã Đắk Liêng,12.3972288,108.0924594,Tây Nguyên,Nhiệt đới xavan/Cận xích đạo
2341,66,Đắk Lắk,24598,Xã Đắk Phơi,12.3138072,108.2235852,Tây Nguyên,Nhiệt đới xavan/Cận xích đạo
2342,66,Đắk Lắk,24604,Xã Krông Nô,12.2372323,108.2088023,Tây Nguyên,Nhiệt đới xavan/Cận xích đạo
2343,66,Đắk Lắk,24607,Xã Nam Ka,12.3389198,108.0157549,Tây Nguyên,Nhiệt đới xavan/Cận xích đạo
2344,68,Lâm Đồng,22918,Phường Mũi Né,11.5976359,107.9764468,Tây Nguyên,Nhiệt đới xavan/Cận xích đạo
2345,68,Lâm Đồng,22924,Phường Phú Thủy,10.9427063,108.1497532,Tây Nguyên,Nhiệt đới xavan/Cận xích đạo
2346,68,Lâm Đồng,22933,Phường Hàm Thắng,11.5976359,107.9764468,Tây Nguyên,Nhiệt đới xavan/Cận xích đạo
2347,68,Lâm Đồng,22945,Phường Phan Thiết,10.9288625,108.1003755,Tây Nguyên,Nhiệt đới xavan/Cận xích đạo
2348,68,Lâm Đồng,22954,Phường Tiến Thành,10.8500243,108.0303631,Tây Nguyên,Nhiệt đới xavan/Cận xích đạo
2349,68,Lâm Đồng,22960,Phường Bình Thuận,10.9769671,108.0336695,Tây Nguyên,Nhiệt đới xavan/Cận xích đạo
2364,68,Lâm Đồng,22963,Xã Tuyên Quang,10.9154226,108.0490770,Tây Nguyên,Nhiệt đới xavan/Cận xích đạo
2365,68,Lâm Đồng,22969,Xã Liên Hương,11.2636209,108.7159121,Tây Nguyên,Nhiệt đới xavan/Cận xích đạo
2366,68,Lâm Đồng,22972,Xã Phan Rí Cửa,11.1890156,108.5985882,Tây Nguyên,Nhiệt đới xavan/Cận xích đạo
2367,68,Lâm Đồng,22978,Xã Tuy Phong,11.3915076,108.6722585,Tây Nguyên,Nhiệt đới xavan/Cận xích đạo
2368,68,Lâm Đồng,22981,Xã Vĩnh Hảo,11.3305197,108.7750559,Tây Nguyên,Nhiệt đới xavan/Cận xích đạo
2369,68,Lâm Đồng,23005,Xã Bắc Bình,11.2220388,108.5404386,Tây Nguyên,Nhiệt đới xavan/Cận xích đạo
2370,68,Lâm Đồng,23008,Xã Phan Sơn,11.4113991,108.4333966,Tây Nguyên,Nhiệt đới xavan/Cận xích đạo
2371,68,Lâm Đồng,23020,Xã Hải Ninh,11.3142182,108.5025912,Tây Nguyên,Nhiệt đới xavan/Cận xích đạo
2372,68,Lâm Đồng,23023,Xã Sông Lũy,11.2313602,108.2455372,Tây Nguyên,Nhiệt đới xavan/Cận xích đạo
2373,68,Lâm Đồng,23032,Xã Lương Sơn,11.2499477,108.3521109,Tây Nguyên,Nhiệt đới xavan/Cận xích đạo
2374,68,Lâm Đồng,23041,Xã Hồng Thái,11.2072950,108.4476159,Tây Nguyên,Nhiệt đới xavan/Cận xích đạo
2375,68,Lâm Đồng,23053,Xã Hòa Thắng,11.0986304,108.3951570,Tây Nguyên,Nhiệt đới xavan/Cận xích đạo
2376,68,Lâm Đồng,23059,Xã Hàm Thuận,11.0733078,108.0785076,Tây Nguyên,Nhiệt đới xavan/Cận xích đạo
2377,68,Lâm Đồng,23065,Xã La Dạ,11.2678186,107.9149281,Tây Nguyên,Nhiệt đới xavan/Cận xích đạo
2378,68,Lâm Đồng,23074,Xã Đông Giang,11.2500698,108.0122976,Tây Nguyên,Nhiệt đới xavan/Cận xích đạo
2379,68,Lâm Đồng,23086,Xã Hồng Sơn,11.1211047,108.2357371,Tây Nguyên,Nhiệt đới xavan/Cận xích đạo
2380,68,Lâm Đồng,23089,Xã Hàm Thuận Bắc,11.1763872,108.0874604,Tây Nguyên,Nhiệt đới xavan/Cận xích đạo
2381,68,Lâm Đồng,23095,Xã Hàm Liêm,11.0123956,108.0848280,Tây Nguyên,Nhiệt đới xavan/Cận xích đạo
2382,68,Lâm Đồng,23110,Xã Hàm Thuận Nam,11.5976359,107.9764468,Tây Nguyên,Nhiệt đới xavan/Cận xích đạo
2383,68,Lâm Đồng,23122,Xã Hàm Thạnh,11.0518393,107.9211614,Tây Nguyên,Nhiệt đới xavan/Cận xích đạo
2384,68,Lâm Đồng,23128,Xã Hàm Kiệm,10.9031618,107.9645981,Tây Nguyên,Nhiệt đới xavan/Cận xích đạo
2385,68,Lâm Đồng,23134,Xã Tân Lập,10.8562058,107.8030094,Tây Nguyên,Nhiệt đới xavan/Cận xích đạo
2386,68,Lâm Đồng,23143,Xã Tân Thành,10.7585991,107.9319909,Tây Nguyên,Nhiệt đới xavan/Cận xích đạo
2387,68,Lâm Đồng,23149,Xã Tánh Linh,11.0862344,107.6671257,Tây Nguyên,Nhiệt đới xavan/Cận xích đạo
2388,68,Lâm Đồng,23152,Xã Bắc Ruộng,11.2660407,107.7458946,Tây Nguyên,Nhiệt đới xavan/Cận xích đạo
2389,68,Lâm Đồng,23158,Xã Nghị Đức,11.2713711,107.6814596,Tây Nguyên,Nhiệt đới xavan/Cận xích đạo
2390,68,Lâm Đồng,23173,Xã Đồng Kho,11.1722362,107.7524087,Tây Nguyên,Nhiệt đới xavan/Cận xích đạo
2391,68,Lâm Đồng,23188,Xã Suối Kiết,11.0131885,107.5968461,Tây Nguyên,Nhiệt đới xavan/Cận xích đạo
2392,68,Lâm Đồng,23191,Xã Đức Linh,11.1779129,107.5601142,Tây Nguyên,Nhiệt đới xavan/Cận xích đạo
2393,68,Lâm Đồng,23194,Xã Hoài Đức,11.1632437,107.4883511,Tây Nguyên,Nhiệt đới xavan/Cận xích đạo
2394,68,Lâm Đồng,23200,Xã Nam Thành,11.2890139,107.5843870,Tây Nguyên,Nhiệt đới xavan/Cận xích đạo
2395,68,Lâm Đồng,23227,Xã Trà Tân,11.0574017,107.4986316,Tây Nguyên,Nhiệt đới xavan/Cận xích đạo
2396,68,Lâm Đồng,23230,Xã Tân Minh,10.8423076,107.6408113,Tây Nguyên,Nhiệt đới xavan/Cận xích đạo
2350,68,Lâm Đồng,23231,Phường Phước Hội,10.6682386,107.7329273,Tây Nguyên,Nhiệt đới xavan/Cận xích đạo
2351,68,Lâm Đồng,23235,Phường La Gi,10.7191995,107.7665135,Tây Nguyên,Nhiệt đới xavan/Cận xích đạo
2397,68,Lâm Đồng,23236,Xã Hàm Tân,10.7744239,107.6888269,Tây Nguyên,Nhiệt đới xavan/Cận xích đạo
2398,68,Lâm Đồng,23246,Xã Tân Hải,10.7450552,107.8305158,Tây Nguyên,Nhiệt đới xavan/Cận xích đạo
2399,68,Lâm Đồng,23266,Xã Sơn Mỹ,10.6772660,107.6241787,Tây Nguyên,Nhiệt đới xavan/Cận xích đạo
2467,68,Lâm Đồng,23272,Đặc khu Phú Quý,10.5261323,108.9429015,Tây Nguyên,Nhiệt đới xavan/Cận xích đạo
2352,68,Lâm Đồng,24611,Phường Bắc Gia Nghĩa,11.5976359,107.9764468,Tây Nguyên,Nhiệt đới xavan/Cận xích đạo
2353,68,Lâm Đồng,24615,Phường Nam Gia Nghĩa,11.9951188,107.6630474,Tây Nguyên,Nhiệt đới xavan/Cận xích đạo
2400,68,Lâm Đồng,24616,Xã Quảng Sơn,12.1670219,107.8725650,Tây Nguyên,Nhiệt đới xavan/Cận xích đạo
2354,68,Lâm Đồng,24617,Phường Đông Gia Nghĩa,11.9510833,107.7316043,Tây Nguyên,Nhiệt đới xavan/Cận xích đạo
2401,68,Lâm Đồng,24620,Xã Quảng Hòa,12.1629704,108.0549919,Tây Nguyên,Nhiệt đới xavan/Cận xích đạo
2402,68,Lâm Đồng,24631,Xã Quảng Khê,11.9247846,107.8263823,Tây Nguyên,Nhiệt đới xavan/Cận xích đạo
2403,68,Lâm Đồng,24637,Xã Tà Đùng,11.9461623,107.9858392,Tây Nguyên,Nhiệt đới xavan/Cận xích đạo
2404,68,Lâm Đồng,24640,Xã Cư Jút,12.5974233,107.8487696,Tây Nguyên,Nhiệt đới xavan/Cận xích đạo
2405,68,Lâm Đồng,24646,Xã Đắk Wil,12.7082386,107.7295455,Tây Nguyên,Nhiệt đới xavan/Cận xích đạo
2406,68,Lâm Đồng,24649,Xã Nam Dong,12.6394305,107.8357918,Tây Nguyên,Nhiệt đới xavan/Cận xích đạo
2407,68,Lâm Đồng,24664,Xã Đức Lập,12.4389742,107.6397489,Tây Nguyên,Nhiệt đới xavan/Cận xích đạo
2408,68,Lâm Đồng,24670,Xã Đắk Mil,12.5501062,107.7646432,Tây Nguyên,Nhiệt đới xavan/Cận xích đạo
2409,68,Lâm Đồng,24678,Xã Đắk Sắk,12.4420680,107.7138021,Tây Nguyên,Nhiệt đới xavan/Cận xích đạo
2410,68,Lâm Đồng,24682,Xã Thuận An,12.5195194,107.6060690,Tây Nguyên,Nhiệt đới xavan/Cận xích đạo
2411,68,Lâm Đồng,24688,Xã Krông Nô,12.4099175,107.7811580,Tây Nguyên,Nhiệt đới xavan/Cận xích đạo
2412,68,Lâm Đồng,24697,Xã Nam Đà,12.4944733,107.9037408,Tây Nguyên,Nhiệt đới xavan/Cận xích đạo
2413,68,Lâm Đồng,24703,Xã Nâm Nung,12.3289240,107.7928108,Tây Nguyên,Nhiệt đới xavan/Cận xích đạo
2414,68,Lâm Đồng,24712,Xã Quảng Phú,12.2822540,107.9333137,Tây Nguyên,Nhiệt đới xavan/Cận xích đạo
2415,68,Lâm Đồng,24717,Xã Đức An,12.2369799,107.5738498,Tây Nguyên,Nhiệt đới xavan/Cận xích đạo
2416,68,Lâm Đồng,24718,Xã Đắk Song,12.3254717,107.6682845,Tây Nguyên,Nhiệt đới xavan/Cận xích đạo
2417,68,Lâm Đồng,24722,Xã Thuận Hạnh,12.2935382,107.5026440,Tây Nguyên,Nhiệt đới xavan/Cận xích đạo
2418,68,Lâm Đồng,24730,Xã Trường Xuân,11.5976359,107.9764468,Tây Nguyên,Nhiệt đới xavan/Cận xích đạo
2419,68,Lâm Đồng,24733,Xã Kiến Đức,11.9222737,107.5413275,Tây Nguyên,Nhiệt đới xavan/Cận xích đạo
2420,68,Lâm Đồng,24736,Xã Quảng Trực,12.1702736,107.3168561,Tây Nguyên,Nhiệt đới xavan/Cận xích đạo
2421,68,Lâm Đồng,24739,Xã Tuy Đức,12.1610410,107.4733978,Tây Nguyên,Nhiệt đới xavan/Cận xích đạo
2422,68,Lâm Đồng,24748,Xã Quảng Tân,12.0386593,107.4327328,Tây Nguyên,Nhiệt đới xavan/Cận xích đạo
2423,68,Lâm Đồng,24751,Xã Nhân Cơ,11.9583286,107.5991702,Tây Nguyên,Nhiệt đới xavan/Cận xích đạo
2424,68,Lâm Đồng,24760,Xã Quảng Tín,11.8720378,107.4611152,Tây Nguyên,Nhiệt đới xavan/Cận xích đạo
2355,68,Lâm Đồng,24778,Phường Lâm Viên - Đà Lạt,11.9752442,108.4731291,Tây Nguyên,Nhiệt đới xavan/Cận xích đạo
2356,68,Lâm Đồng,24781,Phường Xuân Hương - Đà Lạt,11.9053178,108.4484607,Tây Nguyên,Nhiệt đới xavan/Cận xích đạo
2357,68,Lâm Đồng,24787,Phường Cam Ly - Đà Lạt,11.9295941,108.3651032,Tây Nguyên,Nhiệt đới xavan/Cận xích đạo
2358,68,Lâm Đồng,24805,Phường Xuân Trường - Đà Lạt,11.8976997,108.5394587,Tây Nguyên,Nhiệt đới xavan/Cận xích đạo
2359,68,Lâm Đồng,24820,Phường 2 Bảo Lộc,11.5837341,107.7358796,Tây Nguyên,Nhiệt đới xavan/Cận xích đạo
2360,68,Lâm Đồng,24823,Phường 1 Bảo Lộc,11.5684170,107.8459332,Tây Nguyên,Nhiệt đới xavan/Cận xích đạo
2361,68,Lâm Đồng,24829,Phường B'Lao,11.5327970,107.8149229,Tây Nguyên,Nhiệt đới xavan/Cận xích đạo
2362,68,Lâm Đồng,24841,Phường 3 Bảo Lộc,11.5093816,107.7561470,Tây Nguyên,Nhiệt đới xavan/Cận xích đạo
2363,68,Lâm Đồng,24846,Phường Lang Biang - Đà Lạt,12.0515233,108.3915912,Tây Nguyên,Nhiệt đới xavan/Cận xích đạo
2425,68,Lâm Đồng,24848,Xã Lạc Dương,12.1369500,108.6121043,Tây Nguyên,Nhiệt đới xavan/Cận xích đạo
2426,68,Lâm Đồng,24853,Xã Đam Rông 4,12.1646851,108.3355826,Tây Nguyên,Nhiệt đới xavan/Cận xích đạo
2427,68,Lâm Đồng,24868,Xã Nam Ban Lâm Hà,11.8479706,108.3682935,Tây Nguyên,Nhiệt đới xavan/Cận xích đạo
2428,68,Lâm Đồng,24871,Xã Đinh Văn Lâm Hà,11.7690471,108.2531967,Tây Nguyên,Nhiệt đới xavan/Cận xích đạo
2429,68,Lâm Đồng,24875,Xã Đam Rông 3,12.1233032,108.1250425,Tây Nguyên,Nhiệt đới xavan/Cận xích đạo
2430,68,Lâm Đồng,24877,Xã Đam Rông 2,12.0619257,108.1112669,Tây Nguyên,Nhiệt đới xavan/Cận xích đạo
2431,68,Lâm Đồng,24883,Xã Nam Hà Lâm Hà,11.8905262,108.2693105,Tây Nguyên,Nhiệt đới xavan/Cận xích đạo
2432,68,Lâm Đồng,24886,Xã Đam Rông 1,11.9218728,108.1287087,Tây Nguyên,Nhiệt đới xavan/Cận xích đạo
2433,68,Lâm Đồng,24895,Xã Phú Sơn Lâm Hà,11.9329786,108.2118838,Tây Nguyên,Nhiệt đới xavan/Cận xích đạo
2434,68,Lâm Đồng,24907,Xã Phúc Thọ Lâm Hà,11.7850965,108.0460951,Tây Nguyên,Nhiệt đới xavan/Cận xích đạo
2435,68,Lâm Đồng,24916,Xã Tân Hà Lâm Hà,11.7223802,108.1660258,Tây Nguyên,Nhiệt đới xavan/Cận xích đạo
2436,68,Lâm Đồng,24931,Xã Đơn Dương,11.7383055,108.4418282,Tây Nguyên,Nhiệt đới xavan/Cận xích đạo
2437,68,Lâm Đồng,24934,Xã D'Ran,11.8437297,108.6116635,Tây Nguyên,Nhiệt đới xavan/Cận xích đạo
2438,68,Lâm Đồng,24943,Xã Ka Đô,11.7430457,108.5718830,Tây Nguyên,Nhiệt đới xavan/Cận xích đạo
2439,68,Lâm Đồng,24955,Xã Quảng Lập,11.7030470,108.5310623,Tây Nguyên,Nhiệt đới xavan/Cận xích đạo
2440,68,Lâm Đồng,24958,Xã Đức Trọng,11.6868507,108.3503379,Tây Nguyên,Nhiệt đới xavan/Cận xích đạo
2441,68,Lâm Đồng,24967,Xã Hiệp Thạnh,11.8094415,108.4187584,Tây Nguyên,Nhiệt đới xavan/Cận xích đạo
2442,68,Lâm Đồng,24976,Xã Tân Hội,11.7419695,108.2988596,Tây Nguyên,Nhiệt đới xavan/Cận xích đạo
2443,68,Lâm Đồng,24985,Xã Ninh Gia,11.5976359,107.9764468,Tây Nguyên,Nhiệt đới xavan/Cận xích đạo
2444,68,Lâm Đồng,24988,Xã Tà Năng,11.5942222,108.4905532,Tây Nguyên,Nhiệt đới xavan/Cận xích đạo
2445,68,Lâm Đồng,24991,Xã Tà Hine,11.5654798,108.3635312,Tây Nguyên,Nhiệt đới xavan/Cận xích đạo
2446,68,Lâm Đồng,25000,Xã Di Linh,11.5473964,108.0341361,Tây Nguyên,Nhiệt đới xavan/Cận xích đạo
2447,68,Lâm Đồng,25007,Xã Đinh Trang Thượng,11.7159700,107.9903983,Tây Nguyên,Nhiệt đới xavan/Cận xích đạo
2448,68,Lâm Đồng,25015,Xã Gia Hiệp,11.5114746,108.2255966,Tây Nguyên,Nhiệt đới xavan/Cận xích đạo
2449,68,Lâm Đồng,25018,Xã Bảo Thuận,11.4918040,108.1417957,Tây Nguyên,Nhiệt đới xavan/Cận xích đạo
2450,68,Lâm Đồng,25036,Xã Hòa Ninh,11.5976359,107.9764468,Tây Nguyên,Nhiệt đới xavan/Cận xích đạo
2451,68,Lâm Đồng,25042,Xã Hòa Bắc,11.4242430,107.9475241,Tây Nguyên,Nhiệt đới xavan/Cận xích đạo
2452,68,Lâm Đồng,25051,Xã Sơn Điền,11.3436827,108.0652025,Tây Nguyên,Nhiệt đới xavan/Cận xích đạo
2453,68,Lâm Đồng,25054,Xã Bảo Lâm 1,11.6695436,107.8632081,Tây Nguyên,Nhiệt đới xavan/Cận xích đạo
2454,68,Lâm Đồng,25057,Xã Bảo Lâm 5,11.7896348,107.6513663,Tây Nguyên,Nhiệt đới xavan/Cận xích đạo
2455,68,Lâm Đồng,25063,Xã Bảo Lâm 4,11.7644564,107.8305654,Tây Nguyên,Nhiệt đới xavan/Cận xích đạo
2456,68,Lâm Đồng,25084,Xã Bảo Lâm 2,11.5488028,107.9055305,Tây Nguyên,Nhiệt đới xavan/Cận xích đạo
2457,68,Lâm Đồng,25093,Xã Bảo Lâm 3,11.4404040,107.8209790,Tây Nguyên,Nhiệt đới xavan/Cận xích đạo
2458,68,Lâm Đồng,25099,Xã Đạ Huoai,11.4333338,107.5250087,Tây Nguyên,Nhiệt đới xavan/Cận xích đạo
2459,68,Lâm Đồng,25105,Xã Đạ Huoai 2,11.4616228,107.6465995,Tây Nguyên,Nhiệt đới xavan/Cận xích đạo
2460,68,Lâm Đồng,25114,Xã Đạ Huoai 3,11.3834995,107.7088400,Tây Nguyên,Nhiệt đới xavan/Cận xích đạo
2461,68,Lâm Đồng,25126,Xã Đạ Tẻh,11.5927160,107.4421646,Tây Nguyên,Nhiệt đới xavan/Cận xích đạo
2462,68,Lâm Đồng,25135,Xã Đạ Tẻh 3,11.6062176,107.5379887,Tây Nguyên,Nhiệt đới xavan/Cận xích đạo
2463,68,Lâm Đồng,25138,Xã Đạ Tẻh 2,11.5319293,107.5694813,Tây Nguyên,Nhiệt đới xavan/Cận xích đạo
2464,68,Lâm Đồng,25159,Xã Cát Tiên,11.5876037,107.3861914,Tây Nguyên,Nhiệt đới xavan/Cận xích đạo
2465,68,Lâm Đồng,25162,Xã Cát Tiên 3,11.7038502,107.4330418,Tây Nguyên,Nhiệt đới xavan/Cận xích đạo
2466,68,Lâm Đồng,25180,Xã Cát Tiên 2,11.6579168,107.3105311,Tây Nguyên,Nhiệt đới xavan/Cận xích đạo
2468,75,Đồng Nai,25195,Phường Bình Phước,11.5191585,106.8994372,Đông Nam Bộ,Nhiệt đới xavan/Cận xích đạo
2469,75,Đồng Nai,25210,Phường Đồng Xoài,11.5254026,106.8154965,Đông Nam Bộ,Nhiệt đới xavan/Cận xích đạo
2470,75,Đồng Nai,25217,Phường Phước Long,11.8204213,107.0147933,Đông Nam Bộ,Nhiệt đới xavan/Cận xích đạo
2471,75,Đồng Nai,25220,Phường Phước Bình,11.8288215,106.9149887,Đông Nam Bộ,Nhiệt đới xavan/Cận xích đạo
2491,75,Đồng Nai,25222,Xã Bù Gia Mập,12.1443493,107.1733164,Đông Nam Bộ,Nhiệt đới xavan/Cận xích đạo
2492,75,Đồng Nai,25225,Xã Đăk Ơ,12.0738025,107.0550769,Đông Nam Bộ,Nhiệt đới xavan/Cận xích đạo
2493,75,Đồng Nai,25231,Xã Đa Kia,11.9044788,106.8739096,Đông Nam Bộ,Nhiệt đới xavan/Cận xích đạo
2494,75,Đồng Nai,25246,Xã Bình Tân,11.7977964,106.8495983,Đông Nam Bộ,Nhiệt đới xavan/Cận xích đạo
2495,75,Đồng Nai,25252,Xã Phú Riềng,11.6959507,106.9311891,Đông Nam Bộ,Nhiệt đới xavan/Cận xích đạo
2496,75,Đồng Nai,25255,Xã Long Hà,11.6939300,106.8110907,Đông Nam Bộ,Nhiệt đới xavan/Cận xích đạo
2497,75,Đồng Nai,25261,Xã Phú Trung,11.7153556,107.0315672,Đông Nam Bộ,Nhiệt đới xavan/Cận xích đạo
2498,75,Đồng Nai,25267,Xã Phú Nghĩa,11.9231925,107.0129988,Đông Nam Bộ,Nhiệt đới xavan/Cận xích đạo
2499,75,Đồng Nai,25270,Xã Lộc Ninh,11.8242448,106.6581804,Đông Nam Bộ,Nhiệt đới xavan/Cận xích đạo
2500,75,Đồng Nai,25279,Xã Lộc Tấn,11.8937727,106.5235011,Đông Nam Bộ,Nhiệt đới xavan/Cận xích đạo
2501,75,Đồng Nai,25280,Xã Lộc Thạnh,11.9387420,106.5556522,Đông Nam Bộ,Nhiệt đới xavan/Cận xích đạo
2502,75,Đồng Nai,25292,Xã Lộc Quang,11.8441511,106.7213115,Đông Nam Bộ,Nhiệt đới xavan/Cận xích đạo
2503,75,Đồng Nai,25294,Xã Lộc Thành,11.7490100,106.5111031,Đông Nam Bộ,Nhiệt đới xavan/Cận xích đạo
2504,75,Đồng Nai,25303,Xã Lộc Hưng,11.7834679,106.6547828,Đông Nam Bộ,Nhiệt đới xavan/Cận xích đạo
2505,75,Đồng Nai,25308,Xã Thiện Hưng,11.9672965,106.8002189,Đông Nam Bộ,Nhiệt đới xavan/Cận xích đạo
2506,75,Đồng Nai,25309,Xã Hưng Phước,12.0342042,106.8683033,Đông Nam Bộ,Nhiệt đới xavan/Cận xích đạo
2507,75,Đồng Nai,25318,Xã Tân Tiến,11.9343124,106.6991406,Đông Nam Bộ,Nhiệt đới xavan/Cận xích đạo
2472,75,Đồng Nai,25326,Phường Bình Long,11.6253305,106.6041854,Đông Nam Bộ,Nhiệt đới xavan/Cận xích đạo
2473,75,Đồng Nai,25333,Phường An Lộc,11.6956501,106.5846956,Đông Nam Bộ,Nhiệt đới xavan/Cận xích đạo
2508,75,Đồng Nai,25345,Xã Tân Hưng,11.6846922,106.7289103,Đông Nam Bộ,Nhiệt đới xavan/Cận xích đạo
2509,75,Đồng Nai,25349,Xã Minh Đức,11.6224495,106.5205303,Đông Nam Bộ,Nhiệt đới xavan/Cận xích đạo
2510,75,Đồng Nai,25351,Xã Tân Quan,11.6048566,106.6571626,Đông Nam Bộ,Nhiệt đới xavan/Cận xích đạo
2511,75,Đồng Nai,25357,Xã Tân Khai,11.5247416,106.5411372,Đông Nam Bộ,Nhiệt đới xavan/Cận xích đạo
2512,75,Đồng Nai,25363,Xã Đồng Phú,11.3938344,106.8326242,Đông Nam Bộ,Nhiệt đới xavan/Cận xích đạo
2513,75,Đồng Nai,25378,Xã Tân Lợi,11.4150405,106.9812006,Đông Nam Bộ,Nhiệt đới xavan/Cận xích đạo
2514,75,Đồng Nai,25387,Xã Thuận Lợi,11.6033106,106.8610829,Đông Nam Bộ,Nhiệt đới xavan/Cận xích đạo
2515,75,Đồng Nai,25390,Xã Đồng Tâm,11.5750109,107.0292644,Đông Nam Bộ,Nhiệt đới xavan/Cận xích đạo
2516,75,Đồng Nai,25396,Xã Bù Đăng,11.8039756,107.2287411,Đông Nam Bộ,Nhiệt đới xavan/Cận xích đạo
2517,75,Đồng Nai,25399,Xã Đak Nhau,11.9681601,107.2105040,Đông Nam Bộ,Nhiệt đới xavan/Cận xích đạo
2518,75,Đồng Nai,25402,Xã Thọ Sơn,11.8730234,107.3280642,Đông Nam Bộ,Nhiệt đới xavan/Cận xích đạo
2519,75,Đồng Nai,25405,Xã Bom Bo,11.8697036,107.1560729,Đông Nam Bộ,Nhiệt đới xavan/Cận xích đạo
2520,75,Đồng Nai,25417,Xã Nghĩa Trung,11.6850865,107.1155378,Đông Nam Bộ,Nhiệt đới xavan/Cận xích đạo
2521,75,Đồng Nai,25420,Xã Phước Sơn,11.6409613,107.2135048,Đông Nam Bộ,Nhiệt đới xavan/Cận xích đạo
2474,75,Đồng Nai,25432,Phường Chơn Thành,11.4273821,106.6596369,Đông Nam Bộ,Nhiệt đới xavan/Cận xích đạo
2475,75,Đồng Nai,25441,Phường Minh Hưng,11.4446305,106.5822193,Đông Nam Bộ,Nhiệt đới xavan/Cận xích đạo
2522,75,Đồng Nai,25450,Xã Nha Bích,11.5134438,106.7163523,Đông Nam Bộ,Nhiệt đới xavan/Cận xích đạo
2476,75,Đồng Nai,25993,Phường Trảng Dài,11.0013871,106.8967389,Đông Nam Bộ,Nhiệt đới xavan/Cận xích đạo
2477,75,Đồng Nai,26005,Phường Hố Nai,10.9640755,106.9251147,Đông Nam Bộ,Nhiệt đới xavan/Cận xích đạo
2478,75,Đồng Nai,26017,Phường Tam Hiệp,11.3130332,107.0081801,Đông Nam Bộ,Nhiệt đới xavan/Cận xích đạo
2479,75,Đồng Nai,26020,Phường Long Bình,10.9456892,106.9002229,Đông Nam Bộ,Nhiệt đới xavan/Cận xích đạo
2480,75,Đồng Nai,26041,Phường Trấn Biên,10.9391756,106.8374830,Đông Nam Bộ,Nhiệt đới xavan/Cận xích đạo
2481,75,Đồng Nai,26068,Phường Biên Hòa,10.9339773,106.8029158,Đông Nam Bộ,Nhiệt đới xavan/Cận xích đạo
2482,75,Đồng Nai,26080,Phường Long Khánh,10.9261663,107.2696494,Đông Nam Bộ,Nhiệt đới xavan/Cận xích đạo
2483,75,Đồng Nai,26089,Phường Bình Lộc,10.9938872,107.2179935,Đông Nam Bộ,Nhiệt đới xavan/Cận xích đạo
2484,75,Đồng Nai,26098,Phường Bảo Vinh,10.9709325,107.2824818,Đông Nam Bộ,Nhiệt đới xavan/Cận xích đạo
2485,75,Đồng Nai,26104,Phường Xuân Lập,10.9105469,107.1868939,Đông Nam Bộ,Nhiệt đới xavan/Cận xích đạo
2486,75,Đồng Nai,26113,Phường Hàng Gòn,10.8825569,107.2052257,Đông Nam Bộ,Nhiệt đới xavan/Cận xích đạo
2523,75,Đồng Nai,26116,Xã Tân Phú,11.2766713,107.4404392,Đông Nam Bộ,Nhiệt đới xavan/Cận xích đạo
2524,75,Đồng Nai,26119,Xã Đak Lua,11.3130332,107.0081801,Đông Nam Bộ,Nhiệt đới xavan/Cận xích đạo
2525,75,Đồng Nai,26122,Xã Nam Cát Tiên,11.3792141,107.4779229,Đông Nam Bộ,Nhiệt đới xavan/Cận xích đạo
2526,75,Đồng Nai,26134,Xã Tà Lài,11.3506309,107.3980541,Đông Nam Bộ,Nhiệt đới xavan/Cận xích đạo
2527,75,Đồng Nai,26158,Xã Phú Lâm,11.3008934,107.4947493,Đông Nam Bộ,Nhiệt đới xavan/Cận xích đạo
2528,75,Đồng Nai,26170,Xã Trị An,11.2167248,107.0546247,Đông Nam Bộ,Nhiệt đới xavan/Cận xích đạo
2529,75,Đồng Nai,26173,Xã Phú Lý,11.3758300,107.1349407,Đông Nam Bộ,Nhiệt đới xavan/Cận xích đạo
2530,75,Đồng Nai,26179,Xã Tân An,11.0328297,106.9716863,Đông Nam Bộ,Nhiệt đới xavan/Cận xích đạo
2487,75,Đồng Nai,26188,Phường Tân Triều,11.0107766,106.8175380,Đông Nam Bộ,Nhiệt đới xavan/Cận xích đạo
2531,75,Đồng Nai,26206,Xã Định Quán,11.1464453,107.3597395,Đông Nam Bộ,Nhiệt đới xavan/Cận xích đạo
2532,75,Đồng Nai,26209,Xã Thanh Sơn,11.2955027,107.2486137,Đông Nam Bộ,Nhiệt đới xavan/Cận xích đạo
2533,75,Đồng Nai,26215,Xã Phú Vinh,11.2570722,107.3621354,Đông Nam Bộ,Nhiệt đới xavan/Cận xích đạo
2534,75,Đồng Nai,26221,Xã Phú Hòa,11.0120254,106.8336045,Đông Nam Bộ,Nhiệt đới xavan/Cận xích đạo
2535,75,Đồng Nai,26227,Xã La Ngà,11.1486631,107.2226950,Đông Nam Bộ,Nhiệt đới xavan/Cận xích đạo
2536,75,Đồng Nai,26248,Xã Trảng Bom,10.9680544,107.0116004,Đông Nam Bộ,Nhiệt đới xavan/Cận xích đạo
2537,75,Đồng Nai,26254,Xã Bàu Hàm,11.0264318,107.0779144,Đông Nam Bộ,Nhiệt đới xavan/Cận xích đạo
2538,75,Đồng Nai,26278,Xã Bình Minh,11.3130332,107.0081801,Đông Nam Bộ,Nhiệt đới xavan/Cận xích đạo
2539,75,Đồng Nai,26281,Xã Hưng Thịnh,10.9314452,107.0659280,Đông Nam Bộ,Nhiệt đới xavan/Cận xích đạo
2540,75,Đồng Nai,26296,Xã An Viễn,10.9079321,107.0118495,Đông Nam Bộ,Nhiệt đới xavan/Cận xích đạo
2541,75,Đồng Nai,26299,Xã Thống Nhất,11.1073083,107.1479495,Đông Nam Bộ,Nhiệt đới xavan/Cận xích đạo
2542,75,Đồng Nai,26311,Xã Gia Kiệm,11.0163609,107.1643459,Đông Nam Bộ,Nhiệt đới xavan/Cận xích đạo
2543,75,Đồng Nai,26326,Xã Dầu Giây,10.9228229,107.1329542,Đông Nam Bộ,Nhiệt đới xavan/Cận xích đạo
2544,75,Đồng Nai,26332,Xã Xuân Quế,10.8495387,107.1413355,Đông Nam Bộ,Nhiệt đới xavan/Cận xích đạo
2545,75,Đồng Nai,26341,Xã Cẩm Mỹ,10.8065958,107.2681048,Đông Nam Bộ,Nhiệt đới xavan/Cận xích đạo
2546,75,Đồng Nai,26347,Xã Xuân Đường,10.7864371,107.1529024,Đông Nam Bộ,Nhiệt đới xavan/Cận xích đạo
2547,75,Đồng Nai,26359,Xã Xuân Đông,10.8066303,107.3650622,Đông Nam Bộ,Nhiệt đới xavan/Cận xích đạo
2548,75,Đồng Nai,26362,Xã Sông Ray,10.7170752,107.3290432,Đông Nam Bộ,Nhiệt đới xavan/Cận xích đạo
2549,75,Đồng Nai,26368,Xã Long Thành,10.7862112,106.9511209,Đông Nam Bộ,Nhiệt đới xavan/Cận xích đạo
2488,75,Đồng Nai,26374,Phường Tam Phước,10.8633004,106.9362317,Đông Nam Bộ,Nhiệt đới xavan/Cận xích đạo
2489,75,Đồng Nai,26377,Phường Phước Tân,11.3130332,107.0081801,Đông Nam Bộ,Nhiệt đới xavan/Cận xích đạo
2490,75,Đồng Nai,26380,Phường Long Hưng,10.8739846,106.8656077,Đông Nam Bộ,Nhiệt đới xavan/Cận xích đạo
2550,75,Đồng Nai,26383,Xã An Phước,10.8228957,106.9263430,Đông Nam Bộ,Nhiệt đới xavan/Cận xích đạo
2551,75,Đồng Nai,26389,Xã Bình An,11.3130332,107.0081801,Đông Nam Bộ,Nhiệt đới xavan/Cận xích đạo
2552,75,Đồng Nai,26413,Xã Long Phước,10.7176186,107.0204105,Đông Nam Bộ,Nhiệt đới xavan/Cận xích đạo
2553,75,Đồng Nai,26422,Xã Phước Thái,10.6824033,107.0692760,Đông Nam Bộ,Nhiệt đới xavan/Cận xích đạo
2554,75,Đồng Nai,26425,Xã Xuân Lộc,10.9287119,107.3879824,Đông Nam Bộ,Nhiệt đới xavan/Cận xích đạo
2555,75,Đồng Nai,26428,Xã Xuân Bắc,11.0450269,107.2986280,Đông Nam Bộ,Nhiệt đới xavan/Cận xích đạo
2556,75,Đồng Nai,26434,Xã Xuân Thành,11.0099939,107.4119855,Đông Nam Bộ,Nhiệt đới xavan/Cận xích đạo
2557,75,Đồng Nai,26446,Xã Xuân Hòa,10.8757813,107.4858473,Đông Nam Bộ,Nhiệt đới xavan/Cận xích đạo
2558,75,Đồng Nai,26458,Xã Xuân Phú,10.8911090,107.3293511,Đông Nam Bộ,Nhiệt đới xavan/Cận xích đạo
2559,75,Đồng Nai,26461,Xã Xuân Định,10.8789822,107.2890819,Đông Nam Bộ,Nhiệt đới xavan/Cận xích đạo
2560,75,Đồng Nai,26485,Xã Nhơn Trạch,10.7367024,106.9009575,Đông Nam Bộ,Nhiệt đới xavan/Cận xích đạo
2561,75,Đồng Nai,26491,Xã Đại Phước,10.7036140,106.7881984,Đông Nam Bộ,Nhiệt đới xavan/Cận xích đạo
2562,75,Đồng Nai,26503,Xã Phước An,10.6551986,106.9376520,Đông Nam Bộ,Nhiệt đới xavan/Cận xích đạo
2563,79,Thành phố Hồ Chí Minh,25747,Phường Thủ Dầu Một,10.9686364,106.6640302,Đông Nam Bộ,Nhiệt đới xavan/Cận xích đạo
2564,79,Thành phố Hồ Chí Minh,25750,Phường Phú Lợi,10.9877112,106.6805845,Đông Nam Bộ,Nhiệt đới xavan/Cận xích đạo
2565,79,Thành phố Hồ Chí Minh,25760,Phường Bình Dương,11.0603116,106.6879506,Đông Nam Bộ,Nhiệt đới xavan/Cận xích đạo
2566,79,Thành phố Hồ Chí Minh,25768,Phường Phú An,11.0486457,106.6020209,Đông Nam Bộ,Nhiệt đới xavan/Cận xích đạo
2567,79,Thành phố Hồ Chí Minh,25771,Phường Chánh Hiệp,10.8053017,106.7785466,Đông Nam Bộ,Nhiệt đới xavan/Cận xích đạo
2676,79,Thành phố Hồ Chí Minh,25777,Xã Dầu Tiếng,11.3307682,106.4030265,Đông Nam Bộ,Nhiệt đới xavan/Cận xích đạo
2677,79,Thành phố Hồ Chí Minh,25780,Xã Minh Thạnh,11.4438332,106.4655524,Đông Nam Bộ,Nhiệt đới xavan/Cận xích đạo
2678,79,Thành phố Hồ Chí Minh,25792,Xã Long Hòa,11.3274937,106.5090895,Đông Nam Bộ,Nhiệt đới xavan/Cận xích đạo
2679,79,Thành phố Hồ Chí Minh,25807,Xã Thanh An,10.8053017,106.7785466,Đông Nam Bộ,Nhiệt đới xavan/Cận xích đạo
2568,79,Thành phố Hồ Chí Minh,25813,Phường Bến Cát,11.2043317,106.6154659,Đông Nam Bộ,Nhiệt đới xavan/Cận xích đạo
2680,79,Thành phố Hồ Chí Minh,25819,Xã Trừ Văn Thố,11.3399962,106.5929507,Đông Nam Bộ,Nhiệt đới xavan/Cận xích đạo
2681,79,Thành phố Hồ Chí Minh,25822,Xã Bàu Bàng,11.2734666,106.6057271,Đông Nam Bộ,Nhiệt đới xavan/Cận xích đạo
2569,79,Thành phố Hồ Chí Minh,25837,Phường Chánh Phú Hòa,11.1882823,106.6687875,Đông Nam Bộ,Nhiệt đới xavan/Cận xích đạo
2570,79,Thành phố Hồ Chí Minh,25840,Phường Long Nguyên,11.1680146,106.5619764,Đông Nam Bộ,Nhiệt đới xavan/Cận xích đạo
2571,79,Thành phố Hồ Chí Minh,25843,Phường Tây Nam,11.1313350,106.5313116,Đông Nam Bộ,Nhiệt đới xavan/Cận xích đạo
2572,79,Thành phố Hồ Chí Minh,25846,Phường Thới Hòa,11.1038232,106.6272696,Đông Nam Bộ,Nhiệt đới xavan/Cận xích đạo
2573,79,Thành phố Hồ Chí Minh,25849,Phường Hòa Lợi,11.0829247,106.6559116,Đông Nam Bộ,Nhiệt đới xavan/Cận xích đạo
2682,79,Thành phố Hồ Chí Minh,25858,Xã Phú Giáo,11.3071441,106.8607982,Đông Nam Bộ,Nhiệt đới xavan/Cận xích đạo
2683,79,Thành phố Hồ Chí Minh,25864,Xã Phước Thành,11.3851629,106.7515368,Đông Nam Bộ,Nhiệt đới xavan/Cận xích đạo
2684,79,Thành phố Hồ Chí Minh,25867,Xã An Long,11.3260136,106.6896139,Đông Nam Bộ,Nhiệt đới xavan/Cận xích đạo
2685,79,Thành phố Hồ Chí Minh,25882,Xã Phước Hòa,11.2535365,106.7735395,Đông Nam Bộ,Nhiệt đới xavan/Cận xích đạo
2574,79,Thành phố Hồ Chí Minh,25888,Phường Tân Uyên,11.0913992,106.7990721,Đông Nam Bộ,Nhiệt đới xavan/Cận xích đạo
2575,79,Thành phố Hồ Chí Minh,25891,Phường Tân Khánh,11.0054635,106.7204551,Đông Nam Bộ,Nhiệt đới xavan/Cận xích đạo
2686,79,Thành phố Hồ Chí Minh,25906,Xã Bắc Tân Uyên,11.1711104,106.8634945,Đông Nam Bộ,Nhiệt đới xavan/Cận xích đạo
2687,79,Thành phố Hồ Chí Minh,25909,Xã Thường Tân,11.1048495,106.9194354,Đông Nam Bộ,Nhiệt đới xavan/Cận xích đạo
2576,79,Thành phố Hồ Chí Minh,25912,Phường Vĩnh Tân,11.1378977,106.6989786,Đông Nam Bộ,Nhiệt đới xavan/Cận xích đạo
2577,79,Thành phố Hồ Chí Minh,25915,Phường Bình Cơ,11.1524742,106.7438477,Đông Nam Bộ,Nhiệt đới xavan/Cận xích đạo
2578,79,Thành phố Hồ Chí Minh,25920,Phường Tân Hiệp,11.0617160,106.7431668,Đông Nam Bộ,Nhiệt đới xavan/Cận xích đạo
2579,79,Thành phố Hồ Chí Minh,25942,Phường Dĩ An,10.8975202,106.7542156,Đông Nam Bộ,Nhiệt đới xavan/Cận xích đạo
2580,79,Thành phố Hồ Chí Minh,25945,Phường Tân Đông Hiệp,10.9369572,106.7644293,Đông Nam Bộ,Nhiệt đới xavan/Cận xích đạo
2581,79,Thành phố Hồ Chí Minh,25951,Phường Đông Hòa,10.8928487,106.7983200,Đông Nam Bộ,Nhiệt đới xavan/Cận xích đạo
2582,79,Thành phố Hồ Chí Minh,25966,Phường Lái Thiêu,10.9045161,106.6999877,Đông Nam Bộ,Nhiệt đới xavan/Cận xích đạo
2583,79,Thành phố Hồ Chí Minh,25969,Phường Thuận Giao,10.9622528,106.7090419,Đông Nam Bộ,Nhiệt đới xavan/Cận xích đạo
2584,79,Thành phố Hồ Chí Minh,25975,Phường An Phú,10.9586655,106.7370880,Đông Nam Bộ,Nhiệt đới xavan/Cận xích đạo
2585,79,Thành phố Hồ Chí Minh,25978,Phường Thuận An,10.9432130,106.6909441,Đông Nam Bộ,Nhiệt đới xavan/Cận xích đạo
2586,79,Thành phố Hồ Chí Minh,25987,Phường Bình Hòa,10.8053017,106.7785466,Đông Nam Bộ,Nhiệt đới xavan/Cận xích đạo
2587,79,Thành phố Hồ Chí Minh,26506,Phường Vũng Tàu,10.3537998,107.0743549,Đông Nam Bộ,Nhiệt đới xavan/Cận xích đạo
2588,79,Thành phố Hồ Chí Minh,26526,Phường Tam Thắng,10.3688799,107.1009246,Đông Nam Bộ,Nhiệt đới xavan/Cận xích đạo
2589,79,Thành phố Hồ Chí Minh,26536,Phường Rạch Dừa,10.3908956,107.1089545,Đông Nam Bộ,Nhiệt đới xavan/Cận xích đạo
2590,79,Thành phố Hồ Chí Minh,26542,Phường Phước Thắng,10.4252072,107.1671096,Đông Nam Bộ,Nhiệt đới xavan/Cận xích đạo
2688,79,Thành phố Hồ Chí Minh,26545,Xã Long Sơn,10.4487271,107.1028066,Đông Nam Bộ,Nhiệt đới xavan/Cận xích đạo
2591,79,Thành phố Hồ Chí Minh,26560,Phường Bà Rịa,10.8053017,106.7785466,Đông Nam Bộ,Nhiệt đới xavan/Cận xích đạo
2592,79,Thành phố Hồ Chí Minh,26566,Phường Long Hương,10.5070464,107.1476608,Đông Nam Bộ,Nhiệt đới xavan/Cận xích đạo
2593,79,Thành phố Hồ Chí Minh,26572,Phường Tam Long,10.5289996,107.2147604,Đông Nam Bộ,Nhiệt đới xavan/Cận xích đạo
2689,79,Thành phố Hồ Chí Minh,26575,Xã Ngãi Giao,10.6471352,107.2457958,Đông Nam Bộ,Nhiệt đới xavan/Cận xích đạo
2690,79,Thành phố Hồ Chí Minh,26584,Xã Xuân Sơn,10.6172513,107.3324779,Đông Nam Bộ,Nhiệt đới xavan/Cận xích đạo
2691,79,Thành phố Hồ Chí Minh,26590,Xã Bình Giã,10.6791217,107.2870640,Đông Nam Bộ,Nhiệt đới xavan/Cận xích đạo
2692,79,Thành phố Hồ Chí Minh,26596,Xã Châu Đức,10.7278326,107.2134175,Đông Nam Bộ,Nhiệt đới xavan/Cận xích đạo
2693,79,Thành phố Hồ Chí Minh,26608,Xã Kim Long,10.6991979,107.2455432,Đông Nam Bộ,Nhiệt đới xavan/Cận xích đạo
2694,79,Thành phố Hồ Chí Minh,26617,Xã Nghĩa Thành,10.5832288,107.2636989,Đông Nam Bộ,Nhiệt đới xavan/Cận xích đạo
2695,79,Thành phố Hồ Chí Minh,26620,Xã Hồ Tràm,10.5242284,107.3972208,Đông Nam Bộ,Nhiệt đới xavan/Cận xích đạo
2696,79,Thành phố Hồ Chí Minh,26632,Xã Xuyên Mộc,10.5498373,107.4597728,Đông Nam Bộ,Nhiệt đới xavan/Cận xích đạo
2697,79,Thành phố Hồ Chí Minh,26638,Xã Bàu Lâm,10.7371980,107.4182504,Đông Nam Bộ,Nhiệt đới xavan/Cận xích đạo
2698,79,Thành phố Hồ Chí Minh,26641,Xã Hòa Hội,10.6267656,107.4259831,Đông Nam Bộ,Nhiệt đới xavan/Cận xích đạo
2699,79,Thành phố Hồ Chí Minh,26647,Xã Hòa Hiệp,10.7080104,107.4954911,Đông Nam Bộ,Nhiệt đới xavan/Cận xích đạo
2700,79,Thành phố Hồ Chí Minh,26656,Xã Bình Châu,10.5787466,107.5399664,Đông Nam Bộ,Nhiệt đới xavan/Cận xích đạo
2701,79,Thành phố Hồ Chí Minh,26659,Xã Long Điền,10.4851113,107.2119218,Đông Nam Bộ,Nhiệt đới xavan/Cận xích đạo
2702,79,Thành phố Hồ Chí Minh,26662,Xã Long Hải,10.4039451,107.2307547,Đông Nam Bộ,Nhiệt đới xavan/Cận xích đạo
2703,79,Thành phố Hồ Chí Minh,26680,Xã Đất Đỏ,10.4899209,107.2696605,Đông Nam Bộ,Nhiệt đới xavan/Cận xích đạo
2704,79,Thành phố Hồ Chí Minh,26686,Xã Phước Hải,10.4257988,107.2921241,Đông Nam Bộ,Nhiệt đới xavan/Cận xích đạo
2594,79,Thành phố Hồ Chí Minh,26704,Phường Phú Mỹ,10.6019767,107.0521099,Đông Nam Bộ,Nhiệt đới xavan/Cận xích đạo
2595,79,Thành phố Hồ Chí Minh,26710,Phường Tân Hải,10.5158702,107.1079712,Đông Nam Bộ,Nhiệt đới xavan/Cận xích đạo
2596,79,Thành phố Hồ Chí Minh,26713,Phường Tân Phước,10.5280288,107.0532037,Đông Nam Bộ,Nhiệt đới xavan/Cận xích đạo
2597,79,Thành phố Hồ Chí Minh,26725,Phường Tân Thành,10.6657629,107.1369830,Đông Nam Bộ,Nhiệt đới xavan/Cận xích đạo
2705,79,Thành phố Hồ Chí Minh,26728,Xã Châu Pha,10.5807114,107.1333808,Đông Nam Bộ,Nhiệt đới xavan/Cận xích đạo
2730,79,Thành phố Hồ Chí Minh,26732,Đặc khu Côn Đảo,8.6855081,106.6067254,Đông Nam Bộ,Nhiệt đới xavan/Cận xích đạo
2598,79,Thành phố Hồ Chí Minh,26737,Phường Tân Định,10.8053017,106.7785466,Đông Nam Bộ,Nhiệt đới xavan/Cận xích đạo
2599,79,Thành phố Hồ Chí Minh,26740,Phường Sài Gòn,10.7791966,106.6999282,Đông Nam Bộ,Nhiệt đới xavan/Cận xích đạo
2600,79,Thành phố Hồ Chí Minh,26743,Phường Bến Thành,10.7703806,106.6951066,Đông Nam Bộ,Nhiệt đới xavan/Cận xích đạo
2601,79,Thành phố Hồ Chí Minh,26758,Phường Cầu Ông Lãnh,10.7629746,106.6910898,Đông Nam Bộ,Nhiệt đới xavan/Cận xích đạo
2602,79,Thành phố Hồ Chí Minh,26767,Phường An Phú Đông,10.8609713,106.6917863,Đông Nam Bộ,Nhiệt đới xavan/Cận xích đạo
2603,79,Thành phố Hồ Chí Minh,26773,Phường Thới An,10.8794994,106.6581461,Đông Nam Bộ,Nhiệt đới xavan/Cận xích đạo
2604,79,Thành phố Hồ Chí Minh,26782,Phường Tân Thới Hiệp,10.8771275,106.6409853,Đông Nam Bộ,Nhiệt đới xavan/Cận xích đạo
2605,79,Thành phố Hồ Chí Minh,26785,Phường Trung Mỹ Tây,10.8590957,106.6177145,Đông Nam Bộ,Nhiệt đới xavan/Cận xích đạo
2606,79,Thành phố Hồ Chí Minh,26791,Phường Đông Hưng Thuận,10.8359140,106.6221978,Đông Nam Bộ,Nhiệt đới xavan/Cận xích đạo
2607,79,Thành phố Hồ Chí Minh,26800,Phường Linh Xuân,10.8053017,106.7785466,Đông Nam Bộ,Nhiệt đới xavan/Cận xích đạo
2608,79,Thành phố Hồ Chí Minh,26803,Phường Tam Bình,10.8053017,106.7785466,Đông Nam Bộ,Nhiệt đới xavan/Cận xích đạo
2609,79,Thành phố Hồ Chí Minh,26809,Phường Hiệp Bình,10.8496138,106.7191368,Đông Nam Bộ,Nhiệt đới xavan/Cận xích đạo
2610,79,Thành phố Hồ Chí Minh,26824,Phường Thủ Đức,10.8505674,106.7585291,Đông Nam Bộ,Nhiệt đới xavan/Cận xích đạo
2611,79,Thành phố Hồ Chí Minh,26833,Phường Long Bình,10.8480998,106.8314228,Đông Nam Bộ,Nhiệt đới xavan/Cận xích đạo
2612,79,Thành phố Hồ Chí Minh,26842,Phường Tăng Nhơn Phú,10.8449268,106.7864288,Đông Nam Bộ,Nhiệt đới xavan/Cận xích đạo
2613,79,Thành phố Hồ Chí Minh,26848,Phường Phước Long,10.8245530,106.7690916,Đông Nam Bộ,Nhiệt đới xavan/Cận xích đạo
2614,79,Thành phố Hồ Chí Minh,26857,Phường Long Phước,10.8119310,106.8596450,Đông Nam Bộ,Nhiệt đới xavan/Cận xích đạo
2615,79,Thành phố Hồ Chí Minh,26860,Phường Long Trường,10.7980997,106.8083853,Đông Nam Bộ,Nhiệt đới xavan/Cận xích đạo
2616,79,Thành phố Hồ Chí Minh,26876,Phường An Nhơn,10.8053017,106.7785466,Đông Nam Bộ,Nhiệt đới xavan/Cận xích đạo
2617,79,Thành phố Hồ Chí Minh,26878,Phường An Hội Đông,10.8498483,106.6650353,Đông Nam Bộ,Nhiệt đới xavan/Cận xích đạo
3186,79,Thành phố Hồ Chí Minh,26882,Phường An Hội Tây,10.8053017,106.7785466,Đông Nam Bộ,Nhiệt đới xavan/Cận xích đạo
3187,79,Thành phố Hồ Chí Minh,26884,Phường Gò Vấp,10.8053017,106.7785466,Đông Nam Bộ,Nhiệt đới xavan/Cận xích đạo
3188,79,Thành phố Hồ Chí Minh,26890,Phường Hạnh Thông,10.8053017,106.7785466,Đông Nam Bộ,Nhiệt đới xavan/Cận xích đạo
2621,79,Thành phố Hồ Chí Minh,26898,Phường Thông Tây Hội,10.8424288,106.6569642,Đông Nam Bộ,Nhiệt đới xavan/Cận xích đạo
2622,79,Thành phố Hồ Chí Minh,26905,Phường Bình Lợi Trung,10.8227002,106.7032473,Đông Nam Bộ,Nhiệt đới xavan/Cận xích đạo
2623,79,Thành phố Hồ Chí Minh,26911,Phường Bình Quới,10.8273371,106.7368775,Đông Nam Bộ,Nhiệt đới xavan/Cận xích đạo
2624,79,Thành phố Hồ Chí Minh,26929,Phường Bình Thạnh,10.8111809,106.7033938,Đông Nam Bộ,Nhiệt đới xavan/Cận xích đạo
2625,79,Thành phố Hồ Chí Minh,26944,Phường Gia Định,10.8008668,106.6971226,Đông Nam Bộ,Nhiệt đới xavan/Cận xích đạo
2626,79,Thành phố Hồ Chí Minh,26956,Phường Thạnh Mỹ Tây,10.7992914,106.7178441,Đông Nam Bộ,Nhiệt đới xavan/Cận xích đạo
3189,79,Thành phố Hồ Chí Minh,26968,Phường Tân Sơn Nhất,10.8053017,106.7785466,Đông Nam Bộ,Nhiệt đới xavan/Cận xích đạo
3190,79,Thành phố Hồ Chí Minh,26977,Phường Tân Sơn Hòa,10.8053017,106.7785466,Đông Nam Bộ,Nhiệt đới xavan/Cận xích đạo
3191,79,Thành phố Hồ Chí Minh,26983,Phường Bảy Hiền,10.8053017,106.7785466,Đông Nam Bộ,Nhiệt đới xavan/Cận xích đạo
3192,79,Thành phố Hồ Chí Minh,26995,Phường Tân Hòa,10.8053017,106.7785466,Đông Nam Bộ,Nhiệt đới xavan/Cận xích đạo
3193,79,Thành phố Hồ Chí Minh,27004,Phường Tân Bình,10.8053017,106.7785466,Đông Nam Bộ,Nhiệt đới xavan/Cận xích đạo
2632,79,Thành phố Hồ Chí Minh,27007,Phường Tân Sơn,10.8208443,106.6371457,Đông Nam Bộ,Nhiệt đới xavan/Cận xích đạo
2633,79,Thành phố Hồ Chí Minh,27013,Phường Tây Thạnh,10.8130355,106.6227282,Đông Nam Bộ,Nhiệt đới xavan/Cận xích đạo
2634,79,Thành phố Hồ Chí Minh,27019,Phường Tân Sơn Nhì,10.8008925,106.6245749,Đông Nam Bộ,Nhiệt đới xavan/Cận xích đạo
2635,79,Thành phố Hồ Chí Minh,27022,Phường Phú Thọ Hòa,10.8053017,106.7785466,Đông Nam Bộ,Nhiệt đới xavan/Cận xích đạo
2636,79,Thành phố Hồ Chí Minh,27028,Phường Phú Thạnh,10.7720313,106.6269560,Đông Nam Bộ,Nhiệt đới xavan/Cận xích đạo
2637,79,Thành phố Hồ Chí Minh,27031,Phường Tân Phú,10.7761892,106.6384144,Đông Nam Bộ,Nhiệt đới xavan/Cận xích đạo
2638,79,Thành phố Hồ Chí Minh,27043,Phường Đức Nhuận,10.8059609,106.6784893,Đông Nam Bộ,Nhiệt đới xavan/Cận xích đạo
2639,79,Thành phố Hồ Chí Minh,27058,Phường Cầu Kiệu,10.7995793,106.6854007,Đông Nam Bộ,Nhiệt đới xavan/Cận xích đạo
2640,79,Thành phố Hồ Chí Minh,27073,Phường Phú Nhuận,10.7954498,106.6754705,Đông Nam Bộ,Nhiệt đới xavan/Cận xích đạo
2641,79,Thành phố Hồ Chí Minh,27094,Phường An Khánh,10.7850885,106.7293654,Đông Nam Bộ,Nhiệt đới xavan/Cận xích đạo
2642,79,Thành phố Hồ Chí Minh,27097,Phường Bình Trưng,10.7887654,106.7551053,Đông Nam Bộ,Nhiệt đới xavan/Cận xích đạo
2643,79,Thành phố Hồ Chí Minh,27112,Phường Cát Lái,10.7698786,106.7746914,Đông Nam Bộ,Nhiệt đới xavan/Cận xích đạo
2644,79,Thành phố Hồ Chí Minh,27139,Phường Xuân Hòa,10.7824046,106.6895335,Đông Nam Bộ,Nhiệt đới xavan/Cận xích đạo
2645,79,Thành phố Hồ Chí Minh,27142,Phường Nhiêu Lộc,10.7857564,106.6751204,Đông Nam Bộ,Nhiệt đới xavan/Cận xích đạo
2646,79,Thành phố Hồ Chí Minh,27154,Phường Bàn Cờ,10.7700325,106.6820112,Đông Nam Bộ,Nhiệt đới xavan/Cận xích đạo
2647,79,Thành phố Hồ Chí Minh,27163,Phường Hòa Hưng,10.7805019,106.6690519,Đông Nam Bộ,Nhiệt đới xavan/Cận xích đạo
2648,79,Thành phố Hồ Chí Minh,27169,Phường Diên Hồng,10.7661250,106.6640402,Đông Nam Bộ,Nhiệt đới xavan/Cận xích đạo
2649,79,Thành phố Hồ Chí Minh,27190,Phường Vườn Lài,10.8053017,106.7785466,Đông Nam Bộ,Nhiệt đới xavan/Cận xích đạo
2650,79,Thành phố Hồ Chí Minh,27211,Phường Hòa Bình,10.7697770,106.6443804,Đông Nam Bộ,Nhiệt đới xavan/Cận xích đạo
2651,79,Thành phố Hồ Chí Minh,27226,Phường Phú Thọ,10.7658696,106.6546226,Đông Nam Bộ,Nhiệt đới xavan/Cận xích đạo
2652,79,Thành phố Hồ Chí Minh,27232,Phường Bình Thới,10.7629692,106.6423264,Đông Nam Bộ,Nhiệt đới xavan/Cận xích đạo
2653,79,Thành phố Hồ Chí Minh,27238,Phường Minh Phụng,10.8053017,106.7785466,Đông Nam Bộ,Nhiệt đới xavan/Cận xích đạo
3194,79,Thành phố Hồ Chí Minh,27259,Phường Xóm Chiếu,10.8053017,106.7785466,Đông Nam Bộ,Nhiệt đới xavan/Cận xích đạo
3195,79,Thành phố Hồ Chí Minh,27265,Phường Khánh Hội,10.8053017,106.7785466,Đông Nam Bộ,Nhiệt đới xavan/Cận xích đạo
3196,79,Thành phố Hồ Chí Minh,27286,Phường Vĩnh Hội,10.8053017,106.7785466,Đông Nam Bộ,Nhiệt đới xavan/Cận xích đạo
2657,79,Thành phố Hồ Chí Minh,27301,Phường Chợ Quán,10.7581094,106.6807105,Đông Nam Bộ,Nhiệt đới xavan/Cận xích đạo
2658,79,Thành phố Hồ Chí Minh,27316,Phường An Đông,10.7548937,106.6716249,Đông Nam Bộ,Nhiệt đới xavan/Cận xích đạo
2659,79,Thành phố Hồ Chí Minh,27343,Phường Chợ Lớn,10.8053017,106.7785466,Đông Nam Bộ,Nhiệt đới xavan/Cận xích đạo
2660,79,Thành phố Hồ Chí Minh,27349,Phường Phú Lâm,10.7538527,106.6314752,Đông Nam Bộ,Nhiệt đới xavan/Cận xích đạo
2661,79,Thành phố Hồ Chí Minh,27364,Phường Bình Phú,10.7385058,106.6274357,Đông Nam Bộ,Nhiệt đới xavan/Cận xích đạo
2662,79,Thành phố Hồ Chí Minh,27367,Phường Bình Tây,10.7494898,106.6475693,Đông Nam Bộ,Nhiệt đới xavan/Cận xích đạo
2663,79,Thành phố Hồ Chí Minh,27373,Phường Bình Tiên,10.7429821,106.6433709,Đông Nam Bộ,Nhiệt đới xavan/Cận xích đạo
2664,79,Thành phố Hồ Chí Minh,27418,Phường Chánh Hưng,10.7450005,106.6758155,Đông Nam Bộ,Nhiệt đới xavan/Cận xích đạo
2665,79,Thành phố Hồ Chí Minh,27424,Phường Bình Đông,10.7283105,106.6379651,Đông Nam Bộ,Nhiệt đới xavan/Cận xích đạo
2666,79,Thành phố Hồ Chí Minh,27427,Phường Phú Định,10.8053017,106.7785466,Đông Nam Bộ,Nhiệt đới xavan/Cận xích đạo
2667,79,Thành phố Hồ Chí Minh,27439,Phường Bình Hưng Hòa,10.7979027,106.6032118,Đông Nam Bộ,Nhiệt đới xavan/Cận xích đạo
2668,79,Thành phố Hồ Chí Minh,27442,Phường Bình Tân,10.7936653,106.5897712,Đông Nam Bộ,Nhiệt đới xavan/Cận xích đạo
2669,79,Thành phố Hồ Chí Minh,27448,Phường Bình Trị Đông,10.8053017,106.7785466,Đông Nam Bộ,Nhiệt đới xavan/Cận xích đạo
2670,79,Thành phố Hồ Chí Minh,27457,Phường Tân Tạo,10.7477480,106.5860503,Đông Nam Bộ,Nhiệt đới xavan/Cận xích đạo
2671,79,Thành phố Hồ Chí Minh,27460,Phường An Lạc,10.7381994,106.6148874,Đông Nam Bộ,Nhiệt đới xavan/Cận xích đạo
2672,79,Thành phố Hồ Chí Minh,27475,Phường Tân Hưng,10.7399370,106.7034261,Đông Nam Bộ,Nhiệt đới xavan/Cận xích đạo
3197,79,Thành phố Hồ Chí Minh,27478,Phường Tân Thuận,10.8053017,106.7785466,Đông Nam Bộ,Nhiệt đới xavan/Cận xích đạo
2674,79,Thành phố Hồ Chí Minh,27484,Phường Phú Thuận,10.7311388,106.7351885,Đông Nam Bộ,Nhiệt đới xavan/Cận xích đạo
3198,79,Thành phố Hồ Chí Minh,27487,Phường Tân Mỹ,10.8053017,106.7785466,Đông Nam Bộ,Nhiệt đới xavan/Cận xích đạo
2706,79,Thành phố Hồ Chí Minh,27496,Xã Tân An Hội,10.9702851,106.4651356,Đông Nam Bộ,Nhiệt đới xavan/Cận xích đạo
2707,79,Thành phố Hồ Chí Minh,27508,Xã An Nhơn Tây,11.0886280,106.5140228,Đông Nam Bộ,Nhiệt đới xavan/Cận xích đạo
2708,79,Thành phố Hồ Chí Minh,27511,Xã Nhuận Đức,11.0295859,106.4985555,Đông Nam Bộ,Nhiệt đới xavan/Cận xích đạo
2709,79,Thành phố Hồ Chí Minh,27526,Xã Thái Mỹ,11.0365575,106.4347063,Đông Nam Bộ,Nhiệt đới xavan/Cận xích đạo
2710,79,Thành phố Hồ Chí Minh,27541,Xã Phú Hòa Đông,10.8053017,106.7785466,Đông Nam Bộ,Nhiệt đới xavan/Cận xích đạo
2711,79,Thành phố Hồ Chí Minh,27544,Xã Bình Mỹ,10.9801665,106.6101596,Đông Nam Bộ,Nhiệt đới xavan/Cận xích đạo
2712,79,Thành phố Hồ Chí Minh,27553,Xã Củ Chi,10.9618162,106.5335368,Đông Nam Bộ,Nhiệt đới xavan/Cận xích đạo
2713,79,Thành phố Hồ Chí Minh,27559,Xã Hóc Môn,10.8053017,106.7785466,Đông Nam Bộ,Nhiệt đới xavan/Cận xích đạo
2714,79,Thành phố Hồ Chí Minh,27568,Xã Đông Thạnh,10.8981946,106.6361448,Đông Nam Bộ,Nhiệt đới xavan/Cận xích đạo
2715,79,Thành phố Hồ Chí Minh,27577,Xã Xuân Thới Sơn,10.8879240,106.5569321,Đông Nam Bộ,Nhiệt đới xavan/Cận xích đạo
2716,79,Thành phố Hồ Chí Minh,27592,Xã Bà Điểm,10.8402684,106.5990908,Đông Nam Bộ,Nhiệt đới xavan/Cận xích đạo
2717,79,Thành phố Hồ Chí Minh,27595,Xã Tân Nhựt,10.6980597,106.5702672,Đông Nam Bộ,Nhiệt đới xavan/Cận xích đạo
2718,79,Thành phố Hồ Chí Minh,27601,Xã Vĩnh Lộc,10.8195534,106.5506807,Đông Nam Bộ,Nhiệt đới xavan/Cận xích đạo
2719,79,Thành phố Hồ Chí Minh,27604,Xã Tân Vĩnh Lộc,10.7869210,106.5543030,Đông Nam Bộ,Nhiệt đới xavan/Cận xích đạo
2720,79,Thành phố Hồ Chí Minh,27610,Xã Bình Lợi,10.7544689,106.5188456,Đông Nam Bộ,Nhiệt đới xavan/Cận xích đạo
2721,79,Thành phố Hồ Chí Minh,27619,Xã Bình Hưng,10.8053017,106.7785466,Đông Nam Bộ,Nhiệt đới xavan/Cận xích đạo
2722,79,Thành phố Hồ Chí Minh,27628,Xã Hưng Long,10.6587154,106.6388556,Đông Nam Bộ,Nhiệt đới xavan/Cận xích đạo
2723,79,Thành phố Hồ Chí Minh,27637,Xã Bình Chánh,10.6638681,106.5703407,Đông Nam Bộ,Nhiệt đới xavan/Cận xích đạo
2724,79,Thành phố Hồ Chí Minh,27655,Xã Nhà Bè,10.6953143,106.7148548,Đông Nam Bộ,Nhiệt đới xavan/Cận xích đạo
2725,79,Thành phố Hồ Chí Minh,27658,Xã Hiệp Phước,10.6353540,106.7510157,Đông Nam Bộ,Nhiệt đới xavan/Cận xích đạo
2726,79,Thành phố Hồ Chí Minh,27664,Xã Cần Giờ,10.4147541,106.9714754,Đông Nam Bộ,Nhiệt đới xavan/Cận xích đạo
2727,79,Thành phố Hồ Chí Minh,27667,Xã Bình Khánh,10.6434608,106.7873732,Đông Nam Bộ,Nhiệt đới xavan/Cận xích đạo
2728,79,Thành phố Hồ Chí Minh,27673,Xã An Thới Đông,10.5032380,106.8093103,Đông Nam Bộ,Nhiệt đới xavan/Cận xích đạo
2729,79,Thành phố Hồ Chí Minh,27676,Xã Thạnh An,10.5388079,106.9768271,Đông Nam Bộ,Nhiệt đới xavan/Cận xích đạo
2731,80,Tây Ninh,25459,Phường Tân Ninh,11.3162880,106.1060883,Đông Nam Bộ,Nhiệt đới xavan/Cận xích đạo
2732,80,Tây Ninh,25480,Phường Bình Minh,11.3814401,106.1361380,Đông Nam Bộ,Nhiệt đới xavan/Cận xích đạo
2745,80,Tây Ninh,25486,Xã Tân Biên,11.5877136,105.9253466,Đông Nam Bộ,Nhiệt đới xavan/Cận xích đạo
2746,80,Tây Ninh,25489,Xã Tân Lập,11.6858123,106.0457824,Đông Nam Bộ,Nhiệt đới xavan/Cận xích đạo
2747,80,Tây Ninh,25498,Xã Thạnh Bình,11.5392947,106.0711744,Đông Nam Bộ,Nhiệt đới xavan/Cận xích đạo
2748,80,Tây Ninh,25510,Xã Trà Vong,11.4372501,106.0537644,Đông Nam Bộ,Nhiệt đới xavan/Cận xích đạo
2749,80,Tây Ninh,25516,Xã Tân Châu,11.5569932,106.1608072,Đông Nam Bộ,Nhiệt đới xavan/Cận xích đạo
2750,80,Tây Ninh,25522,Xã Tân Đông,11.6899535,106.2464279,Đông Nam Bộ,Nhiệt đới xavan/Cận xích đạo
2751,80,Tây Ninh,25525,Xã Tân Hội,11.6312668,106.1680941,Đông Nam Bộ,Nhiệt đới xavan/Cận xích đạo
2752,80,Tây Ninh,25531,Xã Tân Hòa,10.9308153,106.2361160,Đông Nam Bộ,Nhiệt đới xavan/Cận xích đạo
2753,80,Tây Ninh,25534,Xã Tân Thành,11.5273409,106.2552857,Đông Nam Bộ,Nhiệt đới xavan/Cận xích đạo
2754,80,Tây Ninh,25549,Xã Tân Phú,11.4678201,106.1660827,Đông Nam Bộ,Nhiệt đới xavan/Cận xích đạo
2755,80,Tây Ninh,25552,Xã Dương Minh Châu,11.3827188,106.2279802,Đông Nam Bộ,Nhiệt đới xavan/Cận xích đạo
2733,80,Tây Ninh,25567,Phường Ninh Thạnh,11.3128996,106.1717642,Đông Nam Bộ,Nhiệt đới xavan/Cận xích đạo
2756,80,Tây Ninh,25573,Xã Cầu Khởi,11.3020020,106.2448107,Đông Nam Bộ,Nhiệt đới xavan/Cận xích đạo
2757,80,Tây Ninh,25579,Xã Lộc Ninh,11.2803810,106.3160063,Đông Nam Bộ,Nhiệt đới xavan/Cận xích đạo
2758,80,Tây Ninh,25585,Xã Châu Thành,11.3306206,106.0466438,Đông Nam Bộ,Nhiệt đới xavan/Cận xích đạo
2759,80,Tây Ninh,25588,Xã Hảo Đước,10.9308153,106.2361160,Đông Nam Bộ,Nhiệt đới xavan/Cận xích đạo
2760,80,Tây Ninh,25591,Xã Phước Vinh,11.4465600,105.9351370,Đông Nam Bộ,Nhiệt đới xavan/Cận xích đạo
2761,80,Tây Ninh,25606,Xã Hòa Hội,11.3434579,105.9240381,Đông Nam Bộ,Nhiệt đới xavan/Cận xích đạo
2762,80,Tây Ninh,25621,Xã Ninh Điền,11.2365479,105.9873237,Đông Nam Bộ,Nhiệt đới xavan/Cận xích đạo
2734,80,Tây Ninh,25630,Phường Long Hoa,11.2575707,106.1712270,Đông Nam Bộ,Nhiệt đới xavan/Cận xích đạo
2735,80,Tây Ninh,25633,Phường Thanh Điền,11.2675904,106.0803572,Đông Nam Bộ,Nhiệt đới xavan/Cận xích đạo
2736,80,Tây Ninh,25645,Phường Hòa Thành,11.2586826,106.1168118,Đông Nam Bộ,Nhiệt đới xavan/Cận xích đạo
2737,80,Tây Ninh,25654,Phường Gò Dầu,11.0845811,106.2669584,Đông Nam Bộ,Nhiệt đới xavan/Cận xích đạo
2763,80,Tây Ninh,25657,Xã Thạnh Đức,11.2115513,106.2091154,Đông Nam Bộ,Nhiệt đới xavan/Cận xích đạo
2764,80,Tây Ninh,25663,Xã Phước Thạnh,11.1499508,106.2623687,Đông Nam Bộ,Nhiệt đới xavan/Cận xích đạo
2765,80,Tây Ninh,25666,Xã Truông Mít,11.2033758,106.3087369,Đông Nam Bộ,Nhiệt đới xavan/Cận xích đạo
2738,80,Tây Ninh,25672,Phường Gia Lộc,11.0981015,106.3380990,Đông Nam Bộ,Nhiệt đới xavan/Cận xích đạo
2766,80,Tây Ninh,25681,Xã Bến Cầu,11.1160901,106.1779933,Đông Nam Bộ,Nhiệt đới xavan/Cận xích đạo
2767,80,Tây Ninh,25684,Xã Long Chữ,11.1838829,106.1083617,Đông Nam Bộ,Nhiệt đới xavan/Cận xích đạo
2768,80,Tây Ninh,25702,Xã Long Thuận,11.1239817,106.0971943,Đông Nam Bộ,Nhiệt đới xavan/Cận xích đạo
2739,80,Tây Ninh,25708,Phường Trảng Bàng,11.0265060,106.3223474,Đông Nam Bộ,Nhiệt đới xavan/Cận xích đạo
2769,80,Tây Ninh,25711,Xã Hưng Thuận,11.1651976,106.3848600,Đông Nam Bộ,Nhiệt đới xavan/Cận xích đạo
2770,80,Tây Ninh,25729,Xã Phước Chỉ,11.0118947,106.2325945,Đông Nam Bộ,Nhiệt đới xavan/Cận xích đạo
2740,80,Tây Ninh,25732,Phường An Tịnh,11.0615141,106.4018186,Đông Nam Bộ,Nhiệt đới xavan/Cận xích đạo
2741,80,Tây Ninh,27694,Phường Long An,10.5426616,106.4096159,Đông Nam Bộ,Nhiệt đới xavan/Cận xích đạo
2742,80,Tây Ninh,27712,Phường Tân An,10.5253866,106.4128542,Đông Nam Bộ,Nhiệt đới xavan/Cận xích đạo
2743,80,Tây Ninh,27715,Phường Khánh Hậu,10.5181471,106.3792488,Đông Nam Bộ,Nhiệt đới xavan/Cận xích đạo
2771,80,Tây Ninh,27721,Xã Tân Hưng,10.8123235,105.7213564,Đông Nam Bộ,Nhiệt đới xavan/Cận xích đạo
2772,80,Tây Ninh,27727,Xã Hưng Điền,10.9273093,105.6042505,Đông Nam Bộ,Nhiệt đới xavan/Cận xích đạo
2773,80,Tây Ninh,27736,Xã Vĩnh Thạnh,10.9308153,106.2361160,Đông Nam Bộ,Nhiệt đới xavan/Cận xích đạo
2774,80,Tây Ninh,27748,Xã Vĩnh Châu,10.7286677,105.7617430,Đông Nam Bộ,Nhiệt đới xavan/Cận xích đạo
2775,80,Tây Ninh,27757,Xã Vĩnh Hưng,10.8901617,105.7822084,Đông Nam Bộ,Nhiệt đới xavan/Cận xích đạo
2776,80,Tây Ninh,27763,Xã Khánh Hưng,10.9699451,105.7263708,Đông Nam Bộ,Nhiệt đới xavan/Cận xích đạo
2777,80,Tây Ninh,27775,Xã Tuyên Bình,10.8468668,105.8430324,Đông Nam Bộ,Nhiệt đới xavan/Cận xích đạo
2744,80,Tây Ninh,27787,Phường Kiến Tường,10.7563506,105.9398274,Đông Nam Bộ,Nhiệt đới xavan/Cận xích đạo
2778,80,Tây Ninh,27793,Xã Bình Hiệp,10.8431111,105.9814272,Đông Nam Bộ,Nhiệt đới xavan/Cận xích đạo
2779,80,Tây Ninh,27811,Xã Bình Hòa,10.7748595,106.0144557,Đông Nam Bộ,Nhiệt đới xavan/Cận xích đạo
2780,80,Tây Ninh,27817,Xã Tuyên Thạnh,10.7511013,105.8659138,Đông Nam Bộ,Nhiệt đới xavan/Cận xích đạo
2781,80,Tây Ninh,27823,Xã Mộc Hóa,10.7182841,106.0507599,Đông Nam Bộ,Nhiệt đới xavan/Cận xích đạo
2782,80,Tây Ninh,27826,Xã Tân Thạnh,10.6070261,106.0473720,Đông Nam Bộ,Nhiệt đới xavan/Cận xích đạo
2783,80,Tây Ninh,27838,Xã Nhơn Hòa Lập,10.6385167,105.9589171,Đông Nam Bộ,Nhiệt đới xavan/Cận xích đạo
2784,80,Tây Ninh,27841,Xã Hậu Thạnh,10.6505403,105.8584515,Đông Nam Bộ,Nhiệt đới xavan/Cận xích đạo
2785,80,Tây Ninh,27856,Xã Nhơn Ninh,10.5701810,105.9477514,Đông Nam Bộ,Nhiệt đới xavan/Cận xích đạo
2786,80,Tây Ninh,27865,Xã Thạnh Hóa,10.6563707,106.1805588,Đông Nam Bộ,Nhiệt đới xavan/Cận xích đạo
2787,80,Tây Ninh,27868,Xã Bình Thành,10.7619956,106.1760634,Đông Nam Bộ,Nhiệt đới xavan/Cận xích đạo
2788,80,Tây Ninh,27877,Xã Thạnh Phước,10.7001563,106.1501088,Đông Nam Bộ,Nhiệt đới xavan/Cận xích đạo
2789,80,Tây Ninh,27889,Xã Tân Tây,10.6321915,106.2560694,Đông Nam Bộ,Nhiệt đới xavan/Cận xích đạo
2790,80,Tây Ninh,27898,Xã Đông Thành,10.8703645,106.2531634,Đông Nam Bộ,Nhiệt đới xavan/Cận xích đạo
2791,80,Tây Ninh,27907,Xã Mỹ Quý,10.9363054,106.2256082,Đông Nam Bộ,Nhiệt đới xavan/Cận xích đạo
2792,80,Tây Ninh,27925,Xã Đức Huệ,10.8048884,106.3170302,Đông Nam Bộ,Nhiệt đới xavan/Cận xích đạo
2793,80,Tây Ninh,27931,Xã Hậu Nghĩa,10.8947791,106.3930829,Đông Nam Bộ,Nhiệt đới xavan/Cận xích đạo
2794,80,Tây Ninh,27937,Xã Đức Hòa,10.8226052,106.4567714,Đông Nam Bộ,Nhiệt đới xavan/Cận xích đạo
2795,80,Tây Ninh,27943,Xã An Ninh,10.9763583,106.3152958,Đông Nam Bộ,Nhiệt đới xavan/Cận xích đạo
2796,80,Tây Ninh,27952,Xã Hiệp Hòa,10.9168362,106.3344588,Đông Nam Bộ,Nhiệt đới xavan/Cận xích đạo
2797,80,Tây Ninh,27964,Xã Đức Lập,10.9051569,106.4738897,Đông Nam Bộ,Nhiệt đới xavan/Cận xích đạo
2798,80,Tây Ninh,27976,Xã Mỹ Hạnh,10.8416449,106.4791906,Đông Nam Bộ,Nhiệt đới xavan/Cận xích đạo
2799,80,Tây Ninh,27979,Xã Hòa Khánh,10.8535365,106.3869462,Đông Nam Bộ,Nhiệt đới xavan/Cận xích đạo
2800,80,Tây Ninh,27991,Xã Bến Lức,10.6416310,106.4847592,Đông Nam Bộ,Nhiệt đới xavan/Cận xích đạo
2801,80,Tây Ninh,27994,Xã Thạnh Lợi,10.9308153,106.2361160,Đông Nam Bộ,Nhiệt đới xavan/Cận xích đạo
2802,80,Tây Ninh,28003,Xã Lương Hòa,10.7009744,106.4526725,Đông Nam Bộ,Nhiệt đới xavan/Cận xích đạo
2803,80,Tây Ninh,28015,Xã Bình Đức,10.6422137,106.4439575,Đông Nam Bộ,Nhiệt đới xavan/Cận xích đạo
2804,80,Tây Ninh,28018,Xã Mỹ Yên,10.6414616,106.5349825,Đông Nam Bộ,Nhiệt đới xavan/Cận xích đạo
2805,80,Tây Ninh,28036,Xã Thủ Thừa,10.6018802,106.4025896,Đông Nam Bộ,Nhiệt đới xavan/Cận xích đạo
2806,80,Tây Ninh,28051,Xã Mỹ Thạnh,10.6385724,106.3374073,Đông Nam Bộ,Nhiệt đới xavan/Cận xích đạo
2807,80,Tây Ninh,28066,Xã Mỹ An,10.5798784,106.3243778,Đông Nam Bộ,Nhiệt đới xavan/Cận xích đạo
2808,80,Tây Ninh,28072,Xã Tân Long,10.7072654,106.3046412,Đông Nam Bộ,Nhiệt đới xavan/Cận xích đạo
2809,80,Tây Ninh,28075,Xã Tân Trụ,10.9308153,106.2361160,Đông Nam Bộ,Nhiệt đới xavan/Cận xích đạo
2810,80,Tây Ninh,28087,Xã Nhựt Tảo,10.5690379,106.4791255,Đông Nam Bộ,Nhiệt đới xavan/Cận xích đạo
2811,80,Tây Ninh,28093,Xã Vàm Cỏ,10.5065731,106.5399066,Đông Nam Bộ,Nhiệt đới xavan/Cận xích đạo
2812,80,Tây Ninh,28108,Xã Cần Đước,10.4880950,106.5888989,Đông Nam Bộ,Nhiệt đới xavan/Cận xích đạo
2813,80,Tây Ninh,28114,Xã Rạch Kiến,10.9308153,106.2361160,Đông Nam Bộ,Nhiệt đới xavan/Cận xích đạo
2814,80,Tây Ninh,28126,Xã Long Cang,10.5966574,106.5187231,Đông Nam Bộ,Nhiệt đới xavan/Cận xích đạo
2815,80,Tây Ninh,28132,Xã Mỹ Lệ,10.5604034,106.5762705,Đông Nam Bộ,Nhiệt đới xavan/Cận xích đạo
2816,80,Tây Ninh,28138,Xã Tân Lân,10.5103868,106.6354260,Đông Nam Bộ,Nhiệt đới xavan/Cận xích đạo
2817,80,Tây Ninh,28144,Xã Long Hựu,10.4847977,106.6870542,Đông Nam Bộ,Nhiệt đới xavan/Cận xích đạo
2818,80,Tây Ninh,28159,Xã Cần Giuộc,10.6080487,106.6711044,Đông Nam Bộ,Nhiệt đới xavan/Cận xích đạo
2819,80,Tây Ninh,28165,Xã Phước Lý,10.6408454,106.5995877,Đông Nam Bộ,Nhiệt đới xavan/Cận xích đạo
2820,80,Tây Ninh,28177,Xã Mỹ Lộc,10.9308153,106.2361160,Đông Nam Bộ,Nhiệt đới xavan/Cận xích đạo
2821,80,Tây Ninh,28201,Xã Phước Vĩnh Tây,10.5543248,106.6563493,Đông Nam Bộ,Nhiệt đới xavan/Cận xích đạo
2822,80,Tây Ninh,28207,Xã Tân Tập,10.5378762,106.7140336,Đông Nam Bộ,Nhiệt đới xavan/Cận xích đạo
2823,80,Tây Ninh,28210,Xã Tầm Vu,10.9308153,106.2361160,Đông Nam Bộ,Nhiệt đới xavan/Cận xích đạo
2824,80,Tây Ninh,28222,Xã Vĩnh Công,10.4990582,106.4437661,Đông Nam Bộ,Nhiệt đới xavan/Cận xích đạo
2825,80,Tây Ninh,28225,Xã Thuận Mỹ,10.4573443,106.5488317,Đông Nam Bộ,Nhiệt đới xavan/Cận xích đạo
2826,80,Tây Ninh,28243,Xã An Lục Long,10.4229544,106.4624109,Đông Nam Bộ,Nhiệt đới xavan/Cận xích đạo
2828,82,Đồng Tháp,28249,Phường Đạo Thạnh,10.3770586,106.3606868,ĐBSCL,Nhiệt đới xavan/Cận xích đạo
2829,82,Đồng Tháp,28261,Phường Mỹ Tho,10.3513191,106.3713055,ĐBSCL,Nhiệt đới xavan/Cận xích đạo
2830,82,Đồng Tháp,28270,Phường Thới Sơn,10.4729491,105.9965392,ĐBSCL,Nhiệt đới xavan/Cận xích đạo
2831,82,Đồng Tháp,28273,Phường Mỹ Phong,10.3695747,106.3872459,ĐBSCL,Nhiệt đới xavan/Cận xích đạo
2832,82,Đồng Tháp,28285,Phường Trung An,10.3698737,106.3244205,ĐBSCL,Nhiệt đới xavan/Cận xích đạo
2833,82,Đồng Tháp,28297,Phường Long Thuận,10.3637830,106.6929742,ĐBSCL,Nhiệt đới xavan/Cận xích đạo
2834,82,Đồng Tháp,28306,Phường Gò Công,10.3540044,106.6688328,ĐBSCL,Nhiệt đới xavan/Cận xích đạo
2835,82,Đồng Tháp,28315,Phường Bình Xuân,10.4032719,106.6404559,ĐBSCL,Nhiệt đới xavan/Cận xích đạo
2848,82,Đồng Tháp,28321,Xã Tân Phước 1,10.5304569,106.2112977,ĐBSCL,Nhiệt đới xavan/Cận xích đạo
2849,82,Đồng Tháp,28327,Xã Tân Phước 2,10.5284346,106.1446298,ĐBSCL,Nhiệt đới xavan/Cận xích đạo
2850,82,Đồng Tháp,28336,Xã Hưng Thạnh,10.5281591,106.2923334,ĐBSCL,Nhiệt đới xavan/Cận xích đạo
2851,82,Đồng Tháp,28345,Xã Tân Phước 3,10.4733722,106.2634833,ĐBSCL,Nhiệt đới xavan/Cận xích đạo
2852,82,Đồng Tháp,28360,Xã Cái Bè,10.3616660,105.9971770,ĐBSCL,Nhiệt đới xavan/Cận xích đạo
2853,82,Đồng Tháp,28366,Xã Hậu Mỹ,10.4735608,105.9705136,ĐBSCL,Nhiệt đới xavan/Cận xích đạo
2854,82,Đồng Tháp,28378,Xã Mỹ Thiện,10.4371575,105.9195384,ĐBSCL,Nhiệt đới xavan/Cận xích đạo
2855,82,Đồng Tháp,28393,Xã Hội Cư,10.4078109,106.0043509,ĐBSCL,Nhiệt đới xavan/Cận xích đạo
2856,82,Đồng Tháp,28405,Xã Mỹ Đức Tây,10.3646411,105.9356859,ĐBSCL,Nhiệt đới xavan/Cận xích đạo
2857,82,Đồng Tháp,28414,Xã Mỹ Lợi,10.3733198,105.8812234,ĐBSCL,Nhiệt đới xavan/Cận xích đạo
2858,82,Đồng Tháp,28426,Xã Thanh Hưng,10.3368478,105.8596709,ĐBSCL,Nhiệt đới xavan/Cận xích đạo
2859,82,Đồng Tháp,28429,Xã An Hữu,10.3062188,105.9101201,ĐBSCL,Nhiệt đới xavan/Cận xích đạo
2836,82,Đồng Tháp,28435,Phường Mỹ Phước Tây,10.4522209,106.1266589,ĐBSCL,Nhiệt đới xavan/Cận xích đạo
2837,82,Đồng Tháp,28436,Phường Thanh Hòa,10.4216302,106.1083875,ĐBSCL,Nhiệt đới xavan/Cận xích đạo
2838,82,Đồng Tháp,28439,Phường Cai Lậy,10.3821414,106.1243600,ĐBSCL,Nhiệt đới xavan/Cận xích đạo
2860,82,Đồng Tháp,28444,Xã Thạnh Phú,10.4922652,106.0584639,ĐBSCL,Nhiệt đới xavan/Cận xích đạo
2861,82,Đồng Tháp,28456,Xã Mỹ Thành,10.4636141,106.0265862,ĐBSCL,Nhiệt đới xavan/Cận xích đạo
2862,82,Đồng Tháp,28468,Xã Tân Phú,10.4428609,106.1695115,ĐBSCL,Nhiệt đới xavan/Cận xích đạo
2863,82,Đồng Tháp,28471,Xã Bình Phú,10.4146532,106.0811889,ĐBSCL,Nhiệt đới xavan/Cận xích đạo
2839,82,Đồng Tháp,28477,Phường Nhị Quý,10.4003894,106.1656147,ĐBSCL,Nhiệt đới xavan/Cận xích đạo
2864,82,Đồng Tháp,28501,Xã Hiệp Đức,10.3280124,106.0746850,ĐBSCL,Nhiệt đới xavan/Cận xích đạo
2865,82,Đồng Tháp,28504,Xã Long Tiên,10.3426203,106.1426184,ĐBSCL,Nhiệt đới xavan/Cận xích đạo
2866,82,Đồng Tháp,28516,Xã Ngũ Hiệp,10.3116132,106.1596855,ĐBSCL,Nhiệt đới xavan/Cận xích đạo
2867,82,Đồng Tháp,28519,Xã Châu Thành,10.4340644,106.3307537,ĐBSCL,Nhiệt đới xavan/Cận xích đạo
2868,82,Đồng Tháp,28525,Xã Tân Hương,10.4855165,106.3477246,ĐBSCL,Nhiệt đới xavan/Cận xích đạo
2869,82,Đồng Tháp,28537,Xã Long Hưng,10.3955597,106.2740293,ĐBSCL,Nhiệt đới xavan/Cận xích đạo
2870,82,Đồng Tháp,28543,Xã Long Định,10.4058302,106.2548977,ĐBSCL,Nhiệt đới xavan/Cận xích đạo
2871,82,Đồng Tháp,28564,Xã Bình Trưng,10.4072335,106.2033780,ĐBSCL,Nhiệt đới xavan/Cận xích đạo
2872,82,Đồng Tháp,28576,Xã Vĩnh Kim,10.3423928,106.2053239,ĐBSCL,Nhiệt đới xavan/Cận xích đạo
2873,82,Đồng Tháp,28582,Xã Kim Sơn,10.4729491,105.9965392,ĐBSCL,Nhiệt đới xavan/Cận xích đạo
2874,82,Đồng Tháp,28594,Xã Chợ Gạo,10.3675860,106.4286911,ĐBSCL,Nhiệt đới xavan/Cận xích đạo
2875,82,Đồng Tháp,28603,Xã Mỹ Tịnh An,10.4587309,106.4039182,ĐBSCL,Nhiệt đới xavan/Cận xích đạo
2876,82,Đồng Tháp,28615,Xã Lương Hòa Lạc,10.4201493,106.3871520,ĐBSCL,Nhiệt đới xavan/Cận xích đạo
2877,82,Đồng Tháp,28627,Xã Tân Thuận Bình,10.3919094,106.4654308,ĐBSCL,Nhiệt đới xavan/Cận xích đạo
2878,82,Đồng Tháp,28633,Xã An Thạnh Thủy,10.3676535,106.5042801,ĐBSCL,Nhiệt đới xavan/Cận xích đạo
2879,82,Đồng Tháp,28648,Xã Bình Ninh,10.3230580,106.4555539,ĐBSCL,Nhiệt đới xavan/Cận xích đạo
2880,82,Đồng Tháp,28651,Xã Vĩnh Bình,10.3466568,106.5745350,ĐBSCL,Nhiệt đới xavan/Cận xích đạo
2881,82,Đồng Tháp,28660,Xã Đồng Sơn,10.3949880,106.5670272,ĐBSCL,Nhiệt đới xavan/Cận xích đạo
2882,82,Đồng Tháp,28663,Xã Phú Thành,10.3767613,106.6226458,ĐBSCL,Nhiệt đới xavan/Cận xích đạo
2883,82,Đồng Tháp,28678,Xã Vĩnh Hựu,10.3121502,106.5792888,ĐBSCL,Nhiệt đới xavan/Cận xích đạo
2884,82,Đồng Tháp,28687,Xã Long Bình,10.3082012,106.6373503,ĐBSCL,Nhiệt đới xavan/Cận xích đạo
2885,82,Đồng Tháp,28693,Xã Tân Thới,10.4729491,105.9965392,ĐBSCL,Nhiệt đới xavan/Cận xích đạo
2886,82,Đồng Tháp,28696,Xã Tân Phú Đông,10.2448489,106.7187200,ĐBSCL,Nhiệt đới xavan/Cận xích đạo
2887,82,Đồng Tháp,28702,Xã Tân Hòa,10.3175233,106.6998020,ĐBSCL,Nhiệt đới xavan/Cận xích đạo
2888,82,Đồng Tháp,28720,Xã Gia Thuận,10.4729491,105.9965392,ĐBSCL,Nhiệt đới xavan/Cận xích đạo
2889,82,Đồng Tháp,28723,Xã Tân Đông,10.4292737,106.7051650,ĐBSCL,Nhiệt đới xavan/Cận xích đạo
2840,82,Đồng Tháp,28729,Phường Sơn Qui,10.4249073,106.6631919,ĐBSCL,Nhiệt đới xavan/Cận xích đạo
2890,82,Đồng Tháp,28738,Xã Tân Điền,10.3457091,106.7545168,ĐBSCL,Nhiệt đới xavan/Cận xích đạo
2891,82,Đồng Tháp,28747,Xã Gò Công Đông,10.2999422,106.7505087,ĐBSCL,Nhiệt đới xavan/Cận xích đạo
2841,82,Đồng Tháp,29869,Phường Cao Lãnh,10.4729491,105.9965392,ĐBSCL,Nhiệt đới xavan/Cận xích đạo
2842,82,Đồng Tháp,29884,Phường Mỹ Ngãi,10.5147913,105.6173936,ĐBSCL,Nhiệt đới xavan/Cận xích đạo
2843,82,Đồng Tháp,29888,Phường Mỹ Trà,10.4762030,105.6718990,ĐBSCL,Nhiệt đới xavan/Cận xích đạo
2844,82,Đồng Tháp,29905,Phường Sa Đéc,10.4729491,105.9965392,ĐBSCL,Nhiệt đới xavan/Cận xích đạo
2892,82,Đồng Tháp,29926,Xã Tân Hồng,10.8720503,105.4315808,ĐBSCL,Nhiệt đới xavan/Cận xích đạo
2893,82,Đồng Tháp,29929,Xã Tân Hộ Cơ,10.9043237,105.4754218,ĐBSCL,Nhiệt đới xavan/Cận xích đạo
2894,82,Đồng Tháp,29938,Xã Tân Thành,10.8975008,105.5407708,ĐBSCL,Nhiệt đới xavan/Cận xích đạo
2827,82,Đồng Tháp,29944,Xã An Phước,10.8323892,105.5811435,ĐBSCL,Nhiệt đới xavan/Cận xích đạo
2845,82,Đồng Tháp,29954,Phường An Bình,10.7822344,105.3935818,ĐBSCL,Nhiệt đới xavan/Cận xích đạo
2846,82,Đồng Tháp,29955,Phường Hồng Ngự,10.8499779,105.3745099,ĐBSCL,Nhiệt đới xavan/Cận xích đạo
2895,82,Đồng Tháp,29971,Xã Thường Phước,10.8563944,105.2442396,ĐBSCL,Nhiệt đới xavan/Cận xích đạo
2847,82,Đồng Tháp,29978,Phường Thường Lạc,10.8521606,105.3152148,ĐBSCL,Nhiệt đới xavan/Cận xích đạo
2896,82,Đồng Tháp,29983,Xã Long Khánh,10.8010708,105.2991055,ĐBSCL,Nhiệt đới xavan/Cận xích đạo
2897,82,Đồng Tháp,29992,Xã Long Phú Thuận,10.7567576,105.3290944,ĐBSCL,Nhiệt đới xavan/Cận xích đạo
2898,82,Đồng Tháp,30001,Xã Tràm Chim,10.7336884,105.6061745,ĐBSCL,Nhiệt đới xavan/Cận xích đạo
2899,82,Đồng Tháp,30010,Xã Tam Nông,10.7403430,105.5379006,ĐBSCL,Nhiệt đới xavan/Cận xích đạo
2900,82,Đồng Tháp,30019,Xã An Hòa,10.7492417,105.4214563,ĐBSCL,Nhiệt đới xavan/Cận xích đạo
2901,82,Đồng Tháp,30025,Xã Phú Cường,10.7269967,105.6473997,ĐBSCL,Nhiệt đới xavan/Cận xích đạo
2902,82,Đồng Tháp,30028,Xã An Long,10.6605394,105.4061619,ĐBSCL,Nhiệt đới xavan/Cận xích đạo
2903,82,Đồng Tháp,30034,Xã Phú Thọ,10.6865982,105.4811911,ĐBSCL,Nhiệt đới xavan/Cận xích đạo
2904,82,Đồng Tháp,30037,Xã Tháp Mười,10.5445458,105.8402854,ĐBSCL,Nhiệt đới xavan/Cận xích đạo
2905,82,Đồng Tháp,30043,Xã Phương Thịnh,10.6251087,105.6790950,ĐBSCL,Nhiệt đới xavan/Cận xích đạo
2906,82,Đồng Tháp,30046,Xã Trường Xuân,10.6731407,105.7481860,ĐBSCL,Nhiệt đới xavan/Cận xích đạo
2907,82,Đồng Tháp,30055,Xã Mỹ Quí,10.5343413,105.7763207,ĐBSCL,Nhiệt đới xavan/Cận xích đạo
2908,82,Đồng Tháp,30061,Xã Đốc Binh Kiều,10.5570847,105.8701898,ĐBSCL,Nhiệt đới xavan/Cận xích đạo
2909,82,Đồng Tháp,30073,Xã Thanh Mỹ,10.4729491,105.9965392,ĐBSCL,Nhiệt đới xavan/Cận xích đạo
2910,82,Đồng Tháp,30076,Xã Mỹ Thọ,10.4402481,105.7135668,ĐBSCL,Nhiệt đới xavan/Cận xích đạo
2911,82,Đồng Tháp,30085,Xã Ba Sao,10.5529481,105.6914760,ĐBSCL,Nhiệt đới xavan/Cận xích đạo
2912,82,Đồng Tháp,30088,Xã Phong Mỹ,10.5901220,105.6206976,ĐBSCL,Nhiệt đới xavan/Cận xích đạo
2913,82,Đồng Tháp,30112,Xã Mỹ Hiệp,10.3645524,105.7964483,ĐBSCL,Nhiệt đới xavan/Cận xích đạo
2914,82,Đồng Tháp,30118,Xã Bình Hàng Trung,10.4227246,105.7689610,ĐBSCL,Nhiệt đới xavan/Cận xích đạo
2915,82,Đồng Tháp,30130,Xã Thanh Bình,10.5984389,105.5176401,ĐBSCL,Nhiệt đới xavan/Cận xích đạo
2916,82,Đồng Tháp,30154,Xã Tân Long,10.6398572,105.3695633,ĐBSCL,Nhiệt đới xavan/Cận xích đạo
2917,82,Đồng Tháp,30157,Xã Tân Thạnh,10.6033953,105.4621070,ĐBSCL,Nhiệt đới xavan/Cận xích đạo
2918,82,Đồng Tháp,30163,Xã Bình Thành,10.4729491,105.9965392,ĐBSCL,Nhiệt đới xavan/Cận xích đạo
2919,82,Đồng Tháp,30169,Xã Lấp Vò,10.3623994,105.5228555,ĐBSCL,Nhiệt đới xavan/Cận xích đạo
2920,82,Đồng Tháp,30178,Xã Mỹ An Hưng,10.3988224,105.6038644,ĐBSCL,Nhiệt đới xavan/Cận xích đạo
2921,82,Đồng Tháp,30184,Xã Tân Khánh Trung,10.3543341,105.6763843,ĐBSCL,Nhiệt đới xavan/Cận xích đạo
2922,82,Đồng Tháp,30208,Xã Hòa Long,10.2660744,105.6642685,ĐBSCL,Nhiệt đới xavan/Cận xích đạo
2923,82,Đồng Tháp,30214,Xã Tân Dương,10.2799081,105.7164348,ĐBSCL,Nhiệt đới xavan/Cận xích đạo
2924,82,Đồng Tháp,30226,Xã Lai Vung,10.2906891,105.5763857,ĐBSCL,Nhiệt đới xavan/Cận xích đạo
2925,82,Đồng Tháp,30235,Xã Phong Hòa,10.1910008,105.6311703,ĐBSCL,Nhiệt đới xavan/Cận xích đạo
2926,82,Đồng Tháp,30244,Xã Phú Hựu,10.2417735,105.8683117,ĐBSCL,Nhiệt đới xavan/Cận xích đạo
2927,82,Đồng Tháp,30253,Xã Tân Nhuận Đông,10.2147492,105.8425087,ĐBSCL,Nhiệt đới xavan/Cận xích đạo
2928,82,Đồng Tháp,30259,Xã Tân Phú Trung,10.2545007,105.7361294,ĐBSCL,Nhiệt đới xavan/Cận xích đạo
2929,86,Vĩnh Long,28756,Phường Phú Khương,10.0106842,106.2723962,ĐBSCL,Nhiệt đới xavan/Cận xích đạo
2930,86,Vĩnh Long,28777,Phường An Hội,10.2009202,106.3727946,ĐBSCL,Nhiệt đới xavan/Cận xích đạo
2931,86,Vĩnh Long,28783,Phường Sơn Đông,10.2714275,106.3393737,ĐBSCL,Nhiệt đới xavan/Cận xích đạo
2932,86,Vĩnh Long,28789,Phường Bến Tre,10.0106842,106.2723962,ĐBSCL,Nhiệt đới xavan/Cận xích đạo
2948,86,Vĩnh Long,28807,Xã Giao Long,10.3015826,106.4065990,ĐBSCL,Nhiệt đới xavan/Cận xích đạo
2949,86,Vĩnh Long,28810,Xã Phú Túc,10.2946542,106.3018701,ĐBSCL,Nhiệt đới xavan/Cận xích đạo
2950,86,Vĩnh Long,28840,Xã Tân Phú,10.2800660,106.1830695,ĐBSCL,Nhiệt đới xavan/Cận xích đạo
2933,86,Vĩnh Long,28858,Phường Phú Tân,10.2693325,106.3962973,ĐBSCL,Nhiệt đới xavan/Cận xích đạo
2951,86,Vĩnh Long,28861,Xã Tiên Thủy,10.2729336,106.2511426,ĐBSCL,Nhiệt đới xavan/Cận xích đạo
2952,86,Vĩnh Long,28870,Xã Chợ Lách,10.2605519,106.1210175,ĐBSCL,Nhiệt đới xavan/Cận xích đạo
2953,86,Vĩnh Long,28879,Xã Phú Phụng,10.2630430,106.0765875,ĐBSCL,Nhiệt đới xavan/Cận xích đạo
2954,86,Vĩnh Long,28894,Xã Vĩnh Thành,10.2081048,106.1748610,ĐBSCL,Nhiệt đới xavan/Cận xích đạo
2955,86,Vĩnh Long,28901,Xã Hưng Khánh Trung,10.1836144,106.2450913,ĐBSCL,Nhiệt đới xavan/Cận xích đạo
2956,86,Vĩnh Long,28903,Xã Mỏ Cày,10.1122073,106.3192055,ĐBSCL,Nhiệt đới xavan/Cận xích đạo
2957,86,Vĩnh Long,28915,Xã Phước Mỹ Trung,10.1904465,106.2718449,ĐBSCL,Nhiệt đới xavan/Cận xích đạo
2958,86,Vĩnh Long,28921,Xã Tân Thành Bình,10.1729205,106.3155356,ĐBSCL,Nhiệt đới xavan/Cận xích đạo
2959,86,Vĩnh Long,28945,Xã Đồng Khởi,10.1307484,106.3674424,ĐBSCL,Nhiệt đới xavan/Cận xích đạo
2960,86,Vĩnh Long,28948,Xã Nhuận Phú Tân,10.1245898,106.2556223,ĐBSCL,Nhiệt đới xavan/Cận xích đạo
2961,86,Vĩnh Long,28957,Xã An Định,10.0641800,106.4059938,ĐBSCL,Nhiệt đới xavan/Cận xích đạo
2962,86,Vĩnh Long,28969,Xã Thành Thới,10.0527561,106.3145932,ĐBSCL,Nhiệt đới xavan/Cận xích đạo
2963,86,Vĩnh Long,28981,Xã Hương Mỹ,10.0150814,106.3801351,ĐBSCL,Nhiệt đới xavan/Cận xích đạo
2964,86,Vĩnh Long,28984,Xã Giồng Trôm,10.1589389,106.5035598,ĐBSCL,Nhiệt đới xavan/Cận xích đạo
2965,86,Vĩnh Long,28987,Xã Lương Hòa,10.2135343,106.4457217,ĐBSCL,Nhiệt đới xavan/Cận xích đạo
2966,86,Vĩnh Long,28993,Xã Lương Phú,10.1966202,106.4174895,ĐBSCL,Nhiệt đới xavan/Cận xích đạo
2967,86,Vĩnh Long,28996,Xã Châu Hòa,10.1921682,106.5356340,ĐBSCL,Nhiệt đới xavan/Cận xích đạo
2968,86,Vĩnh Long,29020,Xã Phước Long,10.1384671,106.4289148,ĐBSCL,Nhiệt đới xavan/Cận xích đạo
2969,86,Vĩnh Long,29029,Xã Tân Hào,10.1095266,106.4465188,ĐBSCL,Nhiệt đới xavan/Cận xích đạo
2970,86,Vĩnh Long,29044,Xã Hưng Nhượng,10.0882474,106.4841665,ĐBSCL,Nhiệt đới xavan/Cận xích đạo
2971,86,Vĩnh Long,29050,Xã Bình Đại,10.1868061,106.6936108,ĐBSCL,Nhiệt đới xavan/Cận xích đạo
2972,86,Vĩnh Long,29062,Xã Phú Thuận,10.2797233,106.4853450,ĐBSCL,Nhiệt đới xavan/Cận xích đạo
2973,86,Vĩnh Long,29077,Xã Lộc Thuận,10.2355694,106.5742910,ĐBSCL,Nhiệt đới xavan/Cận xích đạo
2974,86,Vĩnh Long,29083,Xã Châu Hưng,10.0106842,106.2723962,ĐBSCL,Nhiệt đới xavan/Cận xích đạo
2975,86,Vĩnh Long,29089,Xã Thạnh Trị,10.0106842,106.2723962,ĐBSCL,Nhiệt đới xavan/Cận xích đạo
2976,86,Vĩnh Long,29104,Xã Thạnh Phước,10.1372457,106.6944906,ĐBSCL,Nhiệt đới xavan/Cận xích đạo
2977,86,Vĩnh Long,29107,Xã Thới Thuận,10.1071146,106.7600925,ĐBSCL,Nhiệt đới xavan/Cận xích đạo
2978,86,Vĩnh Long,29110,Xã Ba Tri,10.0421451,106.5934959,ĐBSCL,Nhiệt đới xavan/Cận xích đạo
2979,86,Vĩnh Long,29122,Xã Mỹ Chánh Hòa,10.1317073,106.5729333,ĐBSCL,Nhiệt đới xavan/Cận xích đạo
2980,86,Vĩnh Long,29125,Xã Bảo Thạnh,10.0638833,106.6711052,ĐBSCL,Nhiệt đới xavan/Cận xích đạo
2981,86,Vĩnh Long,29137,Xã Tân Xuân,10.0998236,106.6266181,ĐBSCL,Nhiệt đới xavan/Cận xích đạo
2982,86,Vĩnh Long,29143,Xã An Ngãi Trung,10.0916931,106.5448581,ĐBSCL,Nhiệt đới xavan/Cận xích đạo
2983,86,Vĩnh Long,29158,Xã An Hiệp,10.0373496,106.5274959,ĐBSCL,Nhiệt đới xavan/Cận xích đạo
2984,86,Vĩnh Long,29167,Xã Tân Thủy,10.0032418,106.6185342,ĐBSCL,Nhiệt đới xavan/Cận xích đạo
2985,86,Vĩnh Long,29182,Xã Thạnh Phú,9.9576517,106.5265588,ĐBSCL,Nhiệt đới xavan/Cận xích đạo
2986,86,Vĩnh Long,29191,Xã Quới Điền,9.9713972,106.4800649,ĐBSCL,Nhiệt đới xavan/Cận xích đạo
2987,86,Vĩnh Long,29194,Xã Đại Điền,10.0033116,106.4434966,ĐBSCL,Nhiệt đới xavan/Cận xích đạo
2988,86,Vĩnh Long,29221,Xã Thạnh Hải,9.9096990,106.6550654,ĐBSCL,Nhiệt đới xavan/Cận xích đạo
2989,86,Vĩnh Long,29224,Xã An Qui,9.8974761,106.5573802,ĐBSCL,Nhiệt đới xavan/Cận xích đạo
2990,86,Vĩnh Long,29227,Xã Thạnh Phong,9.8499839,106.6141159,ĐBSCL,Nhiệt đới xavan/Cận xích đạo
2934,86,Vĩnh Long,29242,Phường Trà Vinh,9.9220130,106.3381726,ĐBSCL,Nhiệt đới xavan/Cận xích đạo
2935,86,Vĩnh Long,29254,Phường Nguyệt Hóa,9.9333987,106.3121888,ĐBSCL,Nhiệt đới xavan/Cận xích đạo
2936,86,Vĩnh Long,29263,Phường Long Đức,9.9762520,106.3445798,ĐBSCL,Nhiệt đới xavan/Cận xích đạo
2991,86,Vĩnh Long,29266,Xã Càng Long,10.0112728,106.1685114,ĐBSCL,Nhiệt đới xavan/Cận xích đạo
2992,86,Vĩnh Long,29275,Xã An Trường,9.9576234,106.1713793,ĐBSCL,Nhiệt đới xavan/Cận xích đạo
2993,86,Vĩnh Long,29278,Xã Tân An,9.9049970,106.1829439,ĐBSCL,Nhiệt đới xavan/Cận xích đạo
2994,86,Vĩnh Long,29287,Xã Bình Phú,9.9582281,106.2588801,ĐBSCL,Nhiệt đới xavan/Cận xích đạo
2995,86,Vĩnh Long,29302,Xã Nhị Long,10.0260222,106.2929946,ĐBSCL,Nhiệt đới xavan/Cận xích đạo
2996,86,Vĩnh Long,29308,Xã Cầu Kè,9.8715789,106.0898960,ĐBSCL,Nhiệt đới xavan/Cận xích đạo
2997,86,Vĩnh Long,29317,Xã An Phú Tân,9.8626639,106.0262415,ĐBSCL,Nhiệt đới xavan/Cận xích đạo
2998,86,Vĩnh Long,29329,Xã Phong Thạnh,9.8149182,106.0919862,ĐBSCL,Nhiệt đới xavan/Cận xích đạo
2999,86,Vĩnh Long,29335,Xã Tam Ngãi,9.9180921,106.0460744,ĐBSCL,Nhiệt đới xavan/Cận xích đạo
3000,86,Vĩnh Long,29341,Xã Tiểu Cần,9.8402585,106.1728568,ĐBSCL,Nhiệt đới xavan/Cận xích đạo
3001,86,Vĩnh Long,29362,Xã Hùng Hòa,9.7764616,106.2287373,ĐBSCL,Nhiệt đới xavan/Cận xích đạo
3002,86,Vĩnh Long,29365,Xã Tập Ngãi,9.8416426,106.2183551,ĐBSCL,Nhiệt đới xavan/Cận xích đạo
3003,86,Vĩnh Long,29371,Xã Tân Hòa,9.7736935,106.1441484,ĐBSCL,Nhiệt đới xavan/Cận xích đạo
3004,86,Vĩnh Long,29374,Xã Châu Thành,9.8432051,106.3356274,ĐBSCL,Nhiệt đới xavan/Cận xích đạo
3005,86,Vĩnh Long,29386,Xã Song Lộc,9.8870662,106.2742929,ĐBSCL,Nhiệt đới xavan/Cận xích đạo
2937,86,Vĩnh Long,29398,Phường Hòa Thuận,9.9464031,106.3679964,ĐBSCL,Nhiệt đới xavan/Cận xích đạo
3006,86,Vĩnh Long,29407,Xã Hưng Mỹ,9.9134848,106.3880231,ĐBSCL,Nhiệt đới xavan/Cận xích đạo
3007,86,Vĩnh Long,29410,Xã Hòa Minh,9.9274794,106.4410464,ĐBSCL,Nhiệt đới xavan/Cận xích đạo
3008,86,Vĩnh Long,29413,Xã Long Hòa,9.8642862,106.5121853,ĐBSCL,Nhiệt đới xavan/Cận xích đạo
3009,86,Vĩnh Long,29416,Xã Cầu Ngang,9.7976352,106.4547669,ĐBSCL,Nhiệt đới xavan/Cận xích đạo
3010,86,Vĩnh Long,29419,Xã Mỹ Long,9.7846708,106.5058929,ĐBSCL,Nhiệt đới xavan/Cận xích đạo
3011,86,Vĩnh Long,29431,Xã Vinh Kim,9.8554586,106.4422421,ĐBSCL,Nhiệt đới xavan/Cận xích đạo
3012,86,Vĩnh Long,29446,Xã Nhị Trường,9.7725999,106.3746439,ĐBSCL,Nhiệt đới xavan/Cận xích đạo
3013,86,Vĩnh Long,29455,Xã Hiệp Mỹ,9.7406093,106.4535937,ĐBSCL,Nhiệt đới xavan/Cận xích đạo
3014,86,Vĩnh Long,29461,Xã Trà Cú,9.6997244,106.2732243,ĐBSCL,Nhiệt đới xavan/Cận xích đạo
3015,86,Vĩnh Long,29467,Xã Tập Sơn,9.7571241,106.2841663,ĐBSCL,Nhiệt đới xavan/Cận xích đạo
3016,86,Vĩnh Long,29476,Xã Lưu Nghiệp Anh,9.7127327,106.1924537,ĐBSCL,Nhiệt đới xavan/Cận xích đạo
3017,86,Vĩnh Long,29489,Xã Hàm Giang,9.6577850,106.2652117,ĐBSCL,Nhiệt đới xavan/Cận xích đạo
3018,86,Vĩnh Long,29491,Xã Đại An,9.6284541,106.2839835,ĐBSCL,Nhiệt đới xavan/Cận xích đạo
3019,86,Vĩnh Long,29497,Xã Đôn Châu,9.6585227,106.3665796,ĐBSCL,Nhiệt đới xavan/Cận xích đạo
3020,86,Vĩnh Long,29506,Xã Long Hiệp,10.0106842,106.2723962,ĐBSCL,Nhiệt đới xavan/Cận xích đạo
2938,86,Vĩnh Long,29512,Phường Duyên Hải,9.6247496,106.4967556,ĐBSCL,Nhiệt đới xavan/Cận xích đạo
3021,86,Vĩnh Long,29513,Xã Long Thành,9.5974937,106.4350846,ĐBSCL,Nhiệt đới xavan/Cận xích đạo
2939,86,Vĩnh Long,29516,Phường Trường Long Hòa,9.6427206,106.5489482,ĐBSCL,Nhiệt đới xavan/Cận xích đạo
3022,86,Vĩnh Long,29518,Xã Long Hữu,9.7039340,106.5329330,ĐBSCL,Nhiệt đới xavan/Cận xích đạo
3023,86,Vĩnh Long,29530,Xã Ngũ Lạc,9.6780521,106.4296664,ĐBSCL,Nhiệt đới xavan/Cận xích đạo
3024,86,Vĩnh Long,29533,Xã Long Vĩnh,9.5813967,106.3600609,ĐBSCL,Nhiệt đới xavan/Cận xích đạo
3025,86,Vĩnh Long,29536,Xã Đông Hải,9.5646282,106.4500071,ĐBSCL,Nhiệt đới xavan/Cận xích đạo
2940,86,Vĩnh Long,29551,Phường Long Châu,10.2572401,105.9491744,ĐBSCL,Nhiệt đới xavan/Cận xích đạo
2941,86,Vĩnh Long,29557,Phường Phước Hậu,10.2223543,105.9634350,ĐBSCL,Nhiệt đới xavan/Cận xích đạo
2942,86,Vĩnh Long,29566,Phường Tân Ngãi,10.2526336,105.9033586,ĐBSCL,Nhiệt đới xavan/Cận xích đạo
3199,86,Vĩnh Long,29584,Xã An Bình,10.0106842,106.2723962,ĐBSCL,Nhiệt đới xavan/Cận xích đạo
2943,86,Vĩnh Long,29590,Phường Thanh Đức,10.0106842,106.2723962,ĐBSCL,Nhiệt đới xavan/Cận xích đạo
2944,86,Vĩnh Long,29593,Phường Tân Hạnh,10.2213196,105.9334830,ĐBSCL,Nhiệt đới xavan/Cận xích đạo
3027,86,Vĩnh Long,29602,Xã Long Hồ,10.1834173,105.9984948,ĐBSCL,Nhiệt đới xavan/Cận xích đạo
3028,86,Vĩnh Long,29611,Xã Phú Quới,10.1732360,105.9213496,ĐBSCL,Nhiệt đới xavan/Cận xích đạo
3200,86,Vĩnh Long,29623,Xã Nhơn Phú,10.0106842,106.2723962,ĐBSCL,Nhiệt đới xavan/Cận xích đạo
3201,86,Vĩnh Long,29638,Xã Bình Phước,10.0106842,106.2723962,ĐBSCL,Nhiệt đới xavan/Cận xích đạo
3031,86,Vĩnh Long,29641,Xã Cái Nhum,10.1979974,106.1182091,ĐBSCL,Nhiệt đới xavan/Cận xích đạo
3032,86,Vĩnh Long,29653,Xã Tân Long Hội,10.1394328,106.0716419,ĐBSCL,Nhiệt đới xavan/Cận xích đạo
3033,86,Vĩnh Long,29659,Xã Trung Thành,10.0686207,106.1664348,ĐBSCL,Nhiệt đới xavan/Cận xích đạo
3202,86,Vĩnh Long,29668,Xã Quới An,10.0106842,106.2723962,ĐBSCL,Nhiệt đới xavan/Cận xích đạo
3035,86,Vĩnh Long,29677,Xã Quới Thiện,10.1125464,106.2262822,ĐBSCL,Nhiệt đới xavan/Cận xích đạo
3036,86,Vĩnh Long,29683,Xã Trung Hiệp,10.1107503,106.1231266,ĐBSCL,Nhiệt đới xavan/Cận xích đạo
3203,86,Vĩnh Long,29698,Xã Trung Ngãi,10.0106842,106.2723962,ĐBSCL,Nhiệt đới xavan/Cận xích đạo
3038,86,Vĩnh Long,29701,Xã Hiếu Phụng,10.0593458,106.1112017,ĐBSCL,Nhiệt đới xavan/Cận xích đạo
3204,86,Vĩnh Long,29713,Xã Hiếu Thành,10.0106842,106.2723962,ĐBSCL,Nhiệt đới xavan/Cận xích đạo
3040,86,Vĩnh Long,29719,Xã Tam Bình,10.0597234,105.9710483,ĐBSCL,Nhiệt đới xavan/Cận xích đạo
3041,86,Vĩnh Long,29728,Xã Cái Ngang,10.1173627,105.9663582,ĐBSCL,Nhiệt đới xavan/Cận xích đạo
3042,86,Vĩnh Long,29734,Xã Hòa Hiệp,10.1109701,106.0367360,ĐBSCL,Nhiệt đới xavan/Cận xích đạo
3043,86,Vĩnh Long,29740,Xã Song Phú,10.1026140,105.8911636,ĐBSCL,Nhiệt đới xavan/Cận xích đạo
3044,86,Vĩnh Long,29767,Xã Ngãi Tứ,10.0106504,105.9313007,ĐBSCL,Nhiệt đới xavan/Cận xích đạo
2945,86,Vĩnh Long,29770,Phường Cái Vồn,10.0185730,105.8315299,ĐBSCL,Nhiệt đới xavan/Cận xích đạo
2946,86,Vĩnh Long,29771,Phường Bình Minh,10.0816896,105.8277801,ĐBSCL,Nhiệt đới xavan/Cận xích đạo
3205,86,Vĩnh Long,29785,Xã Tân Lược,10.0106842,106.2723962,ĐBSCL,Nhiệt đới xavan/Cận xích đạo
3046,86,Vĩnh Long,29788,Xã Mỹ Thuận,10.1333801,105.8187729,ĐBSCL,Nhiệt đới xavan/Cận xích đạo
3047,86,Vĩnh Long,29800,Xã Tân Quới,10.1017078,105.7634388,ĐBSCL,Nhiệt đới xavan/Cận xích đạo
2947,86,Vĩnh Long,29812,Phường Đông Thành,10.0357184,105.8631047,ĐBSCL,Nhiệt đới xavan/Cận xích đạo
3048,86,Vĩnh Long,29821,Xã Trà Ôn,9.9451384,105.9564155,ĐBSCL,Nhiệt đới xavan/Cận xích đạo
3049,86,Vĩnh Long,29830,Xã Hòa Bình,10.0335457,106.0632915,ĐBSCL,Nhiệt đới xavan/Cận xích đạo
3050,86,Vĩnh Long,29836,Xã Trà Côn,10.0159094,106.0063012,ĐBSCL,Nhiệt đới xavan/Cận xích đạo
3206,86,Vĩnh Long,29845,Xã Vĩnh Xuân,10.0106842,106.2723962,ĐBSCL,Nhiệt đới xavan/Cận xích đạo
3052,86,Vĩnh Long,29857,Xã Lục Sĩ Thành,9.9405619,105.9177584,ĐBSCL,Nhiệt đới xavan/Cận xích đạo
3053,91,An Giang,30292,Phường Bình Đức,10.3988540,105.4036938,ĐBSCL,Nhiệt đới xavan/Cận xích đạo
3054,91,An Giang,30301,Phường Mỹ Thới,10.3323635,105.4500450,ĐBSCL,Nhiệt đới xavan/Cận xích đạo
3055,91,An Giang,30307,Phường Long Xuyên,10.3662658,105.4187472,ĐBSCL,Nhiệt đới xavan/Cận xích đạo
3067,91,An Giang,30313,Xã Mỹ Hòa Hưng,10.4077880,105.4372607,ĐBSCL,Nhiệt đới xavan/Cận xích đạo
3056,91,An Giang,30316,Phường Châu Đốc,10.7073710,105.1056458,ĐBSCL,Nhiệt đới xavan/Cận xích đạo
3057,91,An Giang,30325,Phường Vĩnh Tế,10.6597084,105.0689615,ĐBSCL,Nhiệt đới xavan/Cận xích đạo
3068,91,An Giang,30337,Xã An Phú,10.8076059,105.0778886,ĐBSCL,Nhiệt đới xavan/Cận xích đạo
3069,91,An Giang,30341,Xã Khánh Bình,10.9392322,105.0962797,ĐBSCL,Nhiệt đới xavan/Cận xích đạo
3070,91,An Giang,30346,Xã Nhơn Hội,10.8843230,105.0586057,ĐBSCL,Nhiệt đới xavan/Cận xích đạo
3071,91,An Giang,30352,Xã Phú Hữu,10.8609100,105.1271225,ĐBSCL,Nhiệt đới xavan/Cận xích đạo
3072,91,An Giang,30367,Xã Vĩnh Hậu,10.7690822,105.1162984,ĐBSCL,Nhiệt đới xavan/Cận xích đạo
3058,91,An Giang,30376,Phường Tân Châu,10.7735371,105.2495024,ĐBSCL,Nhiệt đới xavan/Cận xích đạo
3059,91,An Giang,30377,Phường Long Phú,10.7795746,105.2227705,ĐBSCL,Nhiệt đới xavan/Cận xích đạo
3073,91,An Giang,30385,Xã Vĩnh Xương,10.2548363,105.1022674,ĐBSCL,Nhiệt đới xavan/Cận xích đạo
3074,91,An Giang,30388,Xã Tân An,10.8008348,105.1833028,ĐBSCL,Nhiệt đới xavan/Cận xích đạo
3075,91,An Giang,30403,Xã Châu Phong,10.7451775,105.1750433,ĐBSCL,Nhiệt đới xavan/Cận xích đạo
3076,91,An Giang,30406,Xã Phú Tân,10.5765148,105.3340209,ĐBSCL,Nhiệt đới xavan/Cận xích đạo
3077,91,An Giang,30409,Xã Chợ Vàm,10.2548363,105.1022674,ĐBSCL,Nhiệt đới xavan/Cận xích đạo
3078,91,An Giang,30421,Xã Phú Lâm,10.7324653,105.2396654,ĐBSCL,Nhiệt đới xavan/Cận xích đạo
3079,91,An Giang,30430,Xã Hòa Lạc,10.6863044,105.2178529,ĐBSCL,Nhiệt đới xavan/Cận xích đạo
3080,91,An Giang,30436,Xã Phú An,10.6439907,105.3032301,ĐBSCL,Nhiệt đới xavan/Cận xích đạo
3081,91,An Giang,30445,Xã Bình Thạnh Đông,10.6010670,105.2564125,ĐBSCL,Nhiệt đới xavan/Cận xích đạo
3082,91,An Giang,30463,Xã Châu Phú,10.5117192,105.1995829,ĐBSCL,Nhiệt đới xavan/Cận xích đạo
3083,91,An Giang,30469,Xã Mỹ Đức,10.6552758,105.1543249,ĐBSCL,Nhiệt đới xavan/Cận xích đạo
3084,91,An Giang,30478,Xã Vĩnh Thạnh Trung,10.5963468,105.1900334,ĐBSCL,Nhiệt đới xavan/Cận xích đạo
3085,91,An Giang,30481,Xã Thạnh Mỹ Tây,10.5373319,105.1400569,ĐBSCL,Nhiệt đới xavan/Cận xích đạo
3086,91,An Giang,30487,Xã Bình Mỹ,10.5076934,105.2807254,ĐBSCL,Nhiệt đới xavan/Cận xích đạo
3060,91,An Giang,30502,Phường Thới Sơn,10.6327813,105.0182663,ĐBSCL,Nhiệt đới xavan/Cận xích đạo
3061,91,An Giang,30505,Phường Chi Lăng,10.5199662,105.0457338,ĐBSCL,Nhiệt đới xavan/Cận xích đạo
3062,91,An Giang,30520,Phường Tịnh Biên,10.5815532,104.9460713,ĐBSCL,Nhiệt đới xavan/Cận xích đạo
3087,91,An Giang,30526,Xã An Cư,10.5475461,105.0091137,ĐBSCL,Nhiệt đới xavan/Cận xích đạo
3088,91,An Giang,30538,Xã Núi Cấm,10.4744162,105.0348901,ĐBSCL,Nhiệt đới xavan/Cận xích đạo
3089,91,An Giang,30544,Xã Tri Tôn,10.4205235,105.0010215,ĐBSCL,Nhiệt đới xavan/Cận xích đạo
3090,91,An Giang,30547,Xã Ba Chúc,10.4943318,104.9089828,ĐBSCL,Nhiệt đới xavan/Cận xích đạo
3091,91,An Giang,30568,Xã Vĩnh Gia,10.4281471,104.8575429,ĐBSCL,Nhiệt đới xavan/Cận xích đạo
3092,91,An Giang,30577,Xã Ô Lâm,10.4013273,104.9458743,ĐBSCL,Nhiệt đới xavan/Cận xích đạo
3093,91,An Giang,30580,Xã Cô Tô,10.3638575,105.0160471,ĐBSCL,Nhiệt đới xavan/Cận xích đạo
3094,91,An Giang,30589,Xã An Châu,10.3992454,105.3498905,ĐBSCL,Nhiệt đới xavan/Cận xích đạo
3095,91,An Giang,30595,Xã Cần Đăng,10.4338960,105.2841786,ĐBSCL,Nhiệt đới xavan/Cận xích đạo
3096,91,An Giang,30604,Xã Vĩnh An,10.4253006,105.1657230,ĐBSCL,Nhiệt đới xavan/Cận xích đạo
3097,91,An Giang,30607,Xã Bình Hòa,10.4653014,105.3385815,ĐBSCL,Nhiệt đới xavan/Cận xích đạo
3098,91,An Giang,30619,Xã Vĩnh Hanh,10.4229903,105.2422302,ĐBSCL,Nhiệt đới xavan/Cận xích đạo
3099,91,An Giang,30628,Xã Chợ Mới,10.5283656,105.3882807,ĐBSCL,Nhiệt đới xavan/Cận xích đạo
3100,91,An Giang,30631,Xã Long Điền,10.5127671,105.4624413,ĐBSCL,Nhiệt đới xavan/Cận xích đạo
3101,91,An Giang,30643,Xã Cù Lao Giêng,10.4888866,105.5383138,ĐBSCL,Nhiệt đới xavan/Cận xích đạo
3102,91,An Giang,30658,Xã Nhơn Mỹ,10.4987438,105.3737532,ĐBSCL,Nhiệt đới xavan/Cận xích đạo
3103,91,An Giang,30664,Xã Long Kiến,10.4494975,105.4875581,ĐBSCL,Nhiệt đới xavan/Cận xích đạo
3104,91,An Giang,30673,Xã Hội An,10.3930032,105.4883676,ĐBSCL,Nhiệt đới xavan/Cận xích đạo
3105,91,An Giang,30682,Xã Thoại Sơn,10.2340408,105.2282326,ĐBSCL,Nhiệt đới xavan/Cận xích đạo
3106,91,An Giang,30685,Xã Phú Hòa,10.3586587,105.3757115,ĐBSCL,Nhiệt đới xavan/Cận xích đạo
3107,91,An Giang,30688,Xã Óc Eo,10.2557721,105.1534925,ĐBSCL,Nhiệt đới xavan/Cận xích đạo
3108,91,An Giang,30691,Xã Tây Phú,10.3267548,105.1769521,ĐBSCL,Nhiệt đới xavan/Cận xích đạo
3109,91,An Giang,30697,Xã Vĩnh Trạch,10.2946419,105.3368012,ĐBSCL,Nhiệt đới xavan/Cận xích đạo
3110,91,An Giang,30709,Xã Định Mỹ,10.3135588,105.2768079,ĐBSCL,Nhiệt đới xavan/Cận xích đạo
3063,91,An Giang,30742,Phường Rạch Giá,9.9923849,105.0974186,ĐBSCL,Nhiệt đới xavan/Cận xích đạo
3064,91,An Giang,30760,Phường Vĩnh Thông,10.0646441,105.0890864,ĐBSCL,Nhiệt đới xavan/Cận xích đạo
3065,91,An Giang,30766,Phường Tô Châu,10.3191735,104.5529380,ĐBSCL,Nhiệt đới xavan/Cận xích đạo
3066,91,An Giang,30769,Phường Hà Tiên,10.4055607,104.4737324,ĐBSCL,Nhiệt đới xavan/Cận xích đạo
3111,91,An Giang,30781,Xã Tiên Hải,10.3174118,104.3297679,ĐBSCL,Nhiệt đới xavan/Cận xích đạo
3112,91,An Giang,30787,Xã Kiên Lương,10.2119904,104.6474897,ĐBSCL,Nhiệt đới xavan/Cận xích đạo
3113,91,An Giang,30790,Xã Hòa Điền,10.3278131,104.6637309,ĐBSCL,Nhiệt đới xavan/Cận xích đạo
3114,91,An Giang,30793,Xã Vĩnh Điều,10.4574087,104.7288665,ĐBSCL,Nhiệt đới xavan/Cận xích đạo
3115,91,An Giang,30796,Xã Giang Thành,10.4438880,104.5886911,ĐBSCL,Nhiệt đới xavan/Cận xích đạo
3116,91,An Giang,30811,Xã Sơn Hải,10.1069466,104.5013543,ĐBSCL,Nhiệt đới xavan/Cận xích đạo
3117,91,An Giang,30814,Xã Hòn Nghệ,10.2548363,105.1022674,ĐBSCL,Nhiệt đới xavan/Cận xích đạo
3118,91,An Giang,30817,Xã Hòn Đất,10.2110611,104.9319962,ĐBSCL,Nhiệt đới xavan/Cận xích đạo
3119,91,An Giang,30823,Xã Bình Sơn,10.2548363,105.1022674,ĐBSCL,Nhiệt đới xavan/Cận xích đạo
3120,91,An Giang,30826,Xã Bình Giang,10.3247600,104.8022908,ĐBSCL,Nhiệt đới xavan/Cận xích đạo
3121,91,An Giang,30835,Xã Sơn Kiên,10.2548363,105.1022674,ĐBSCL,Nhiệt đới xavan/Cận xích đạo
3122,91,An Giang,30838,Xã Mỹ Thuận,10.1758991,105.0866824,ĐBSCL,Nhiệt đới xavan/Cận xích đạo
3123,91,An Giang,30850,Xã Tân Hiệp,10.0807144,105.3066194,ĐBSCL,Nhiệt đới xavan/Cận xích đạo
3124,91,An Giang,30856,Xã Tân Hội,10.1425192,105.1800175,ĐBSCL,Nhiệt đới xavan/Cận xích đạo
3125,91,An Giang,30874,Xã Thạnh Đông,10.0422689,105.2532413,ĐBSCL,Nhiệt đới xavan/Cận xích đạo
3126,91,An Giang,30880,Xã Châu Thành,9.9133541,105.1900822,ĐBSCL,Nhiệt đới xavan/Cận xích đạo
3127,91,An Giang,30886,Xã Thạnh Lộc,10.0243214,105.1706523,ĐBSCL,Nhiệt đới xavan/Cận xích đạo
3128,91,An Giang,30898,Xã Bình An,9.8895755,105.1282995,ĐBSCL,Nhiệt đới xavan/Cận xích đạo
3129,91,An Giang,30904,Xã Giồng Riềng,9.9237413,105.2736878,ĐBSCL,Nhiệt đới xavan/Cận xích đạo
3130,91,An Giang,30910,Xã Thạnh Hưng,9.9904785,105.3868004,ĐBSCL,Nhiệt đới xavan/Cận xích đạo
3131,91,An Giang,30928,Xã Ngọc Chúc,9.9122279,105.3797202,ĐBSCL,Nhiệt đới xavan/Cận xích đạo
3132,91,An Giang,30934,Xã Hòa Hưng,9.8962408,105.4745359,ĐBSCL,Nhiệt đới xavan/Cận xích đạo
3133,91,An Giang,30943,Xã Long Thạnh,9.8417312,105.2725959,ĐBSCL,Nhiệt đới xavan/Cận xích đạo
3134,91,An Giang,30949,Xã Hòa Thuận,9.8528478,105.3972676,ĐBSCL,Nhiệt đới xavan/Cận xích đạo
3135,91,An Giang,30952,Xã Gò Quao,9.7407397,105.2918647,ĐBSCL,Nhiệt đới xavan/Cận xích đạo
3136,91,An Giang,30958,Xã Định Hòa,9.7858437,105.2175304,ĐBSCL,Nhiệt đới xavan/Cận xích đạo
3137,91,An Giang,30970,Xã Vĩnh Hòa Hưng,9.7738792,105.3767684,ĐBSCL,Nhiệt đới xavan/Cận xích đạo
3138,91,An Giang,30982,Xã Vĩnh Tuy,9.6587365,105.3370192,ĐBSCL,Nhiệt đới xavan/Cận xích đạo
3139,91,An Giang,30985,Xã An Biên,9.7785991,105.0964841,ĐBSCL,Nhiệt đới xavan/Cận xích đạo
3140,91,An Giang,30988,Xã Tây Yên,9.8850775,105.0446335,ĐBSCL,Nhiệt đới xavan/Cận xích đạo
3141,91,An Giang,31006,Xã Đông Thái,9.7920042,104.9958709,ĐBSCL,Nhiệt đới xavan/Cận xích đạo
3142,91,An Giang,31012,Xã Vĩnh Hòa,9.6950491,105.1666934,ĐBSCL,Nhiệt đới xavan/Cận xích đạo
3143,91,An Giang,31018,Xã An Minh,9.6063058,104.9835179,ĐBSCL,Nhiệt đới xavan/Cận xích đạo
3144,91,An Giang,31024,Xã Đông Hòa,9.6994290,104.9936189,ĐBSCL,Nhiệt đới xavan/Cận xích đạo
3145,91,An Giang,31027,Xã U Minh Thượng,9.5937738,105.1127132,ĐBSCL,Nhiệt đới xavan/Cận xích đạo
3146,91,An Giang,31031,Xã Tân Thạnh,9.7649335,104.9129076,ĐBSCL,Nhiệt đới xavan/Cận xích đạo
3147,91,An Giang,31036,Xã Đông Hưng,9.6576706,104.8790593,ĐBSCL,Nhiệt đới xavan/Cận xích đạo
3148,91,An Giang,31042,Xã Vân Khánh,9.5549469,104.8757059,ĐBSCL,Nhiệt đới xavan/Cận xích đạo
3149,91,An Giang,31051,Xã Vĩnh Phong,9.4718374,105.2550979,ĐBSCL,Nhiệt đới xavan/Cận xích đạo
3150,91,An Giang,31064,Xã Vĩnh Bình,9.6017666,105.2365981,ĐBSCL,Nhiệt đới xavan/Cận xích đạo
3151,91,An Giang,31069,Xã Vĩnh Thuận,9.5137138,105.1951517,ĐBSCL,Nhiệt đới xavan/Cận xích đạo
3152,91,An Giang,31078,Đặc khu Phú Quốc,10.2170911,103.9590544,ĐBSCL,Nhiệt đới xavan/Cận xích đạo
3153,91,An Giang,31105,Đặc khu Thổ Châu,9.3035147,103.4876349,ĐBSCL,Nhiệt đới xavan/Cận xích đạo
3154,91,An Giang,31108,Đặc khu Kiên Hải,9.8080368,104.6365121,ĐBSCL,Nhiệt đới xavan/Cận xích đạo
3155,92,Thành phố Cần Thơ,31120,Phường Cái Khế,10.0567922,105.7838261,ĐBSCL,Nhiệt đới xavan/Cận xích đạo
3156,92,Thành phố Cần Thơ,31135,Phường Ninh Kiều,10.0336237,105.7778716,ĐBSCL,Nhiệt đới xavan/Cận xích đạo
3157,92,Thành phố Cần Thơ,31147,Phường Tân An,10.0263431,105.7582037,ĐBSCL,Nhiệt đới xavan/Cận xích đạo
3158,92,Thành phố Cần Thơ,31150,Phường An Bình,10.0091785,105.7371565,ĐBSCL,Nhiệt đới xavan/Cận xích đạo
3159,92,Thành phố Cần Thơ,31153,Phường Ô Môn,10.0849453,105.7066752,ĐBSCL,Nhiệt đới xavan/Cận xích đạo
3160,92,Thành phố Cần Thơ,31157,Phường Thới Long,10.1656210,105.5864610,ĐBSCL,Nhiệt đới xavan/Cận xích đạo
3161,92,Thành phố Cần Thơ,31162,Phường Phước Thới,10.0849453,105.7066752,ĐBSCL,Nhiệt đới xavan/Cận xích đạo
3162,92,Thành phố Cần Thơ,31168,Phường Bình Thủy,10.0716304,105.7450555,ĐBSCL,Nhiệt đới xavan/Cận xích đạo
3163,92,Thành phố Cần Thơ,31174,Phường Thới An Đông,10.0849686,105.7112049,ĐBSCL,Nhiệt đới xavan/Cận xích đạo
3164,92,Thành phố Cần Thơ,31183,Phường Long Tuyền,10.0446950,105.7289511,ĐBSCL,Nhiệt đới xavan/Cận xích đạo
3165,92,Thành phố Cần Thơ,31186,Phường Cái Răng,9.9871888,105.7560885,ĐBSCL,Nhiệt đới xavan/Cận xích đạo
3166,92,Thành phố Cần Thơ,31201,Phường Hưng Phú,9.9990807,105.8136468,ĐBSCL,Nhiệt đới xavan/Cận xích đạo
3167,92,Thành phố Cần Thơ,31207,Phường Thốt Nốt,10.2935507,105.5032173,ĐBSCL,Nhiệt đới xavan/Cận xích đạo
3168,92,Thành phố Cần Thơ,31213,Phường Tân Lộc,10.2466704,105.5784189,ĐBSCL,Nhiệt đới xavan/Cận xích đạo
3207,92,Thành phố Cần Thơ,31217,Phường Trung Nhứt,10.0849453,105.7066752,ĐBSCL,Nhiệt đới xavan/Cận xích đạo
3208,92,Thành phố Cần Thơ,31228,Phường Thuận Hưng,10.0849453,105.7066752,ĐBSCL,Nhiệt đới xavan/Cận xích đạo
3209,92,Thành phố Cần Thơ,31231,Xã Thạnh An,10.0849453,105.7066752,ĐBSCL,Nhiệt đới xavan/Cận xích đạo
3210,92,Thành phố Cần Thơ,31232,Xã Vĩnh Thạnh,10.0849453,105.7066752,ĐBSCL,Nhiệt đới xavan/Cận xích đạo
3211,92,Thành phố Cần Thơ,31237,Xã Vĩnh Trinh,10.0849453,105.7066752,ĐBSCL,Nhiệt đới xavan/Cận xích đạo
3212,92,Thành phố Cần Thơ,31246,Xã Thạnh Quới,10.0849453,105.7066752,ĐBSCL,Nhiệt đới xavan/Cận xích đạo
3213,92,Thành phố Cần Thơ,31249,Xã Thạnh Phú,10.0849453,105.7066752,ĐBSCL,Nhiệt đới xavan/Cận xích đạo
3214,92,Thành phố Cần Thơ,31255,Xã Trung Hưng,10.0849453,105.7066752,ĐBSCL,Nhiệt đới xavan/Cận xích đạo
3215,92,Thành phố Cần Thơ,31258,Xã Thới Lai,10.0849453,105.7066752,ĐBSCL,Nhiệt đới xavan/Cận xích đạo
3216,92,Thành phố Cần Thơ,31261,Xã Cờ Đỏ,10.0849453,105.7066752,ĐBSCL,Nhiệt đới xavan/Cận xích đạo
3217,92,Thành phố Cần Thơ,31264,Xã Thới Hưng,10.0849453,105.7066752,ĐBSCL,Nhiệt đới xavan/Cận xích đạo
3218,92,Thành phố Cần Thơ,31273,Xã Đông Hiệp,10.0849453,105.7066752,ĐBSCL,Nhiệt đới xavan/Cận xích đạo
3219,92,Thành phố Cần Thơ,31282,Xã Đông Thuận,10.0849453,105.7066752,ĐBSCL,Nhiệt đới xavan/Cận xích đạo
3220,92,Thành phố Cần Thơ,31288,Xã Trường Thành,10.0849453,105.7066752,ĐBSCL,Nhiệt đới xavan/Cận xích đạo
3221,92,Thành phố Cần Thơ,31294,Xã Trường Xuân,10.0849453,105.7066752,ĐBSCL,Nhiệt đới xavan/Cận xích đạo
3222,92,Thành phố Cần Thơ,31299,Xã Phong Điền,10.0849453,105.7066752,ĐBSCL,Nhiệt đới xavan/Cận xích đạo
3223,92,Thành phố Cần Thơ,31309,Xã Trường Long,10.0849453,105.7066752,ĐBSCL,Nhiệt đới xavan/Cận xích đạo
3224,92,Thành phố Cần Thơ,31315,Xã Nhơn Ái,10.0849453,105.7066752,ĐBSCL,Nhiệt đới xavan/Cận xích đạo
3225,92,Thành phố Cần Thơ,31321,Phường Vị Thanh,10.0849453,105.7066752,ĐBSCL,Nhiệt đới xavan/Cận xích đạo
3226,92,Thành phố Cần Thơ,31333,Phường Vị Tân,10.0849453,105.7066752,ĐBSCL,Nhiệt đới xavan/Cận xích đạo
3227,92,Thành phố Cần Thơ,31338,Xã Hỏa Lựu,10.0849453,105.7066752,ĐBSCL,Nhiệt đới xavan/Cận xích đạo
3228,92,Thành phố Cần Thơ,31340,Phường Ngã Bảy,10.0849453,105.7066752,ĐBSCL,Nhiệt đới xavan/Cận xích đạo
3229,92,Thành phố Cần Thơ,31342,Xã Tân Hòa,10.0849453,105.7066752,ĐBSCL,Nhiệt đới xavan/Cận xích đạo
3230,92,Thành phố Cần Thơ,31348,Xã Trường Long Tây,10.0849453,105.7066752,ĐBSCL,Nhiệt đới xavan/Cận xích đạo
3231,92,Thành phố Cần Thơ,31360,Xã Thạnh Xuân,10.0849453,105.7066752,ĐBSCL,Nhiệt đới xavan/Cận xích đạo
3232,92,Thành phố Cần Thơ,31366,Xã Châu Thành,10.0849453,105.7066752,ĐBSCL,Nhiệt đới xavan/Cận xích đạo
3233,92,Thành phố Cần Thơ,31369,Xã Đông Phước,10.0849453,105.7066752,ĐBSCL,Nhiệt đới xavan/Cận xích đạo
3234,92,Thành phố Cần Thơ,31378,Xã Phú Hữu,10.0849453,105.7066752,ĐBSCL,Nhiệt đới xavan/Cận xích đạo
3235,92,Thành phố Cần Thơ,31393,Xã Hòa An,10.0849453,105.7066752,ĐBSCL,Nhiệt đới xavan/Cận xích đạo
3236,92,Thành phố Cần Thơ,31396,Xã Hiệp Hưng,10.0849453,105.7066752,ĐBSCL,Nhiệt đới xavan/Cận xích đạo
3237,92,Thành phố Cần Thơ,31399,Xã Tân Bình,10.0849453,105.7066752,ĐBSCL,Nhiệt đới xavan/Cận xích đạo
3238,92,Thành phố Cần Thơ,31408,Xã Thạnh Hòa,10.0849453,105.7066752,ĐBSCL,Nhiệt đới xavan/Cận xích đạo
3239,92,Thành phố Cần Thơ,31411,Phường Đại Thành,10.0849453,105.7066752,ĐBSCL,Nhiệt đới xavan/Cận xích đạo
3240,92,Thành phố Cần Thơ,31420,Xã Phụng Hiệp,10.0849453,105.7066752,ĐBSCL,Nhiệt đới xavan/Cận xích đạo
3241,92,Thành phố Cần Thơ,31426,Xã Phương Bình,10.0849453,105.7066752,ĐBSCL,Nhiệt đới xavan/Cận xích đạo
3242,92,Thành phố Cần Thơ,31432,Xã Tân Phước Hưng,10.0849453,105.7066752,ĐBSCL,Nhiệt đới xavan/Cận xích đạo
3243,92,Thành phố Cần Thơ,31441,Xã Vị Thủy,10.0849453,105.7066752,ĐBSCL,Nhiệt đới xavan/Cận xích đạo
3244,92,Thành phố Cần Thơ,31453,Xã Vĩnh Thuận Đông,10.0849453,105.7066752,ĐBSCL,Nhiệt đới xavan/Cận xích đạo
3245,92,Thành phố Cần Thơ,31459,Xã Vĩnh Tường,10.0849453,105.7066752,ĐBSCL,Nhiệt đới xavan/Cận xích đạo
3246,92,Thành phố Cần Thơ,31465,Xã Vị Thanh 1,10.0849453,105.7066752,ĐBSCL,Nhiệt đới xavan/Cận xích đạo
3247,92,Thành phố Cần Thơ,31471,Phường Long Mỹ,10.0849453,105.7066752,ĐBSCL,Nhiệt đới xavan/Cận xích đạo
3248,92,Thành phố Cần Thơ,31473,Phường Long Bình,10.0849453,105.7066752,ĐBSCL,Nhiệt đới xavan/Cận xích đạo
3249,92,Thành phố Cần Thơ,31480,Phường Long Phú 1,10.0849453,105.7066752,ĐBSCL,Nhiệt đới xavan/Cận xích đạo
3250,92,Thành phố Cần Thơ,31489,Xã Vĩnh Viễn,10.0849453,105.7066752,ĐBSCL,Nhiệt đới xavan/Cận xích đạo
3251,92,Thành phố Cần Thơ,31492,Xã Lương Tâm,10.0849453,105.7066752,ĐBSCL,Nhiệt đới xavan/Cận xích đạo
3252,92,Thành phố Cần Thơ,31495,Xã Xà Phiên,10.0849453,105.7066752,ĐBSCL,Nhiệt đới xavan/Cận xích đạo
3253,92,Thành phố Cần Thơ,31507,Phường Sóc Trăng,10.0849453,105.7066752,ĐBSCL,Nhiệt đới xavan/Cận xích đạo
3254,92,Thành phố Cần Thơ,31510,Phường Phú Lợi,10.0849453,105.7066752,ĐBSCL,Nhiệt đới xavan/Cận xích đạo
3255,92,Thành phố Cần Thơ,31528,Xã Kế Sách,10.0849453,105.7066752,ĐBSCL,Nhiệt đới xavan/Cận xích đạo
3256,92,Thành phố Cần Thơ,31531,Xã An Lạc Thôn,10.0849453,105.7066752,ĐBSCL,Nhiệt đới xavan/Cận xích đạo
3257,92,Thành phố Cần Thơ,31537,Xã Phong Nẫm,10.0849453,105.7066752,ĐBSCL,Nhiệt đới xavan/Cận xích đạo
3258,92,Thành phố Cần Thơ,31540,Xã Thới An Hội,10.0849453,105.7066752,ĐBSCL,Nhiệt đới xavan/Cận xích đạo
3259,92,Thành phố Cần Thơ,31552,Xã Nhơn Mỹ,10.0849453,105.7066752,ĐBSCL,Nhiệt đới xavan/Cận xích đạo
3260,92,Thành phố Cần Thơ,31561,Xã Đại Hải,10.0849453,105.7066752,ĐBSCL,Nhiệt đới xavan/Cận xích đạo
3261,92,Thành phố Cần Thơ,31567,Xã Mỹ Tú,10.0849453,105.7066752,ĐBSCL,Nhiệt đới xavan/Cận xích đạo
3262,92,Thành phố Cần Thơ,31569,Xã Phú Tâm,10.0849453,105.7066752,ĐBSCL,Nhiệt đới xavan/Cận xích đạo
3263,92,Thành phố Cần Thơ,31570,Xã Hồ Đắc Kiện,10.0849453,105.7066752,ĐBSCL,Nhiệt đới xavan/Cận xích đạo
3264,92,Thành phố Cần Thơ,31579,Xã Long Hưng,10.0849453,105.7066752,ĐBSCL,Nhiệt đới xavan/Cận xích đạo
3265,92,Thành phố Cần Thơ,31582,Xã Thuận Hòa,10.0849453,105.7066752,ĐBSCL,Nhiệt đới xavan/Cận xích đạo
3266,92,Thành phố Cần Thơ,31591,Xã Mỹ Hương,10.0849453,105.7066752,ĐBSCL,Nhiệt đới xavan/Cận xích đạo
3267,92,Thành phố Cần Thơ,31594,Xã An Ninh,10.0849453,105.7066752,ĐBSCL,Nhiệt đới xavan/Cận xích đạo
3268,92,Thành phố Cần Thơ,31603,Xã Mỹ Phước,10.0849453,105.7066752,ĐBSCL,Nhiệt đới xavan/Cận xích đạo
3269,92,Thành phố Cần Thơ,31615,Xã An Thạnh,10.0849453,105.7066752,ĐBSCL,Nhiệt đới xavan/Cận xích đạo
3270,92,Thành phố Cần Thơ,31633,Xã Cù Lao Dung,10.0849453,105.7066752,ĐBSCL,Nhiệt đới xavan/Cận xích đạo
3271,92,Thành phố Cần Thơ,31639,Xã Long Phú,10.0849453,105.7066752,ĐBSCL,Nhiệt đới xavan/Cận xích đạo
3272,92,Thành phố Cần Thơ,31645,Xã Đại Ngãi,10.0849453,105.7066752,ĐBSCL,Nhiệt đới xavan/Cận xích đạo
3273,92,Thành phố Cần Thơ,31654,Xã Trường Khánh,10.0849453,105.7066752,ĐBSCL,Nhiệt đới xavan/Cận xích đạo
3274,92,Thành phố Cần Thơ,31666,Xã Tân Thạnh,10.0849453,105.7066752,ĐBSCL,Nhiệt đới xavan/Cận xích đạo
3275,92,Thành phố Cần Thơ,31673,Xã Trần Đề,10.0849453,105.7066752,ĐBSCL,Nhiệt đới xavan/Cận xích đạo
3276,92,Thành phố Cần Thơ,31675,Xã Liêu Tú,10.0849453,105.7066752,ĐBSCL,Nhiệt đới xavan/Cận xích đạo
3277,92,Thành phố Cần Thơ,31679,Xã Lịch Hội Thượng,10.0849453,105.7066752,ĐBSCL,Nhiệt đới xavan/Cận xích đạo
3278,92,Thành phố Cần Thơ,31684,Phường Mỹ Xuyên,10.0849453,105.7066752,ĐBSCL,Nhiệt đới xavan/Cận xích đạo
3279,92,Thành phố Cần Thơ,31687,Xã Tài Văn,10.0849453,105.7066752,ĐBSCL,Nhiệt đới xavan/Cận xích đạo
3280,92,Thành phố Cần Thơ,31699,Xã Thạnh Thới An,10.0849453,105.7066752,ĐBSCL,Nhiệt đới xavan/Cận xích đạo
3281,92,Thành phố Cần Thơ,31708,Xã Nhu Gia,10.0849453,105.7066752,ĐBSCL,Nhiệt đới xavan/Cận xích đạo
3282,92,Thành phố Cần Thơ,31717,Xã Hòa Tú,10.0849453,105.7066752,ĐBSCL,Nhiệt đới xavan/Cận xích đạo
3283,92,Thành phố Cần Thơ,31723,Xã Ngọc Tố,10.0849453,105.7066752,ĐBSCL,Nhiệt đới xavan/Cận xích đạo
3284,92,Thành phố Cần Thơ,31726,Xã Gia Hòa,10.0849453,105.7066752,ĐBSCL,Nhiệt đới xavan/Cận xích đạo
3285,92,Thành phố Cần Thơ,31732,Phường Ngã Năm,10.0849453,105.7066752,ĐBSCL,Nhiệt đới xavan/Cận xích đạo
3286,92,Thành phố Cần Thơ,31741,Xã Tân Long,10.0849453,105.7066752,ĐBSCL,Nhiệt đới xavan/Cận xích đạo
3287,92,Thành phố Cần Thơ,31753,Phường Mỹ Quới,10.0849453,105.7066752,ĐBSCL,Nhiệt đới xavan/Cận xích đạo
3288,92,Thành phố Cần Thơ,31756,Xã Phú Lộc,10.0849453,105.7066752,ĐBSCL,Nhiệt đới xavan/Cận xích đạo
3289,92,Thành phố Cần Thơ,31759,Xã Lâm Tân,10.0849453,105.7066752,ĐBSCL,Nhiệt đới xavan/Cận xích đạo
3290,92,Thành phố Cần Thơ,31777,Xã Vĩnh Lợi,10.0849453,105.7066752,ĐBSCL,Nhiệt đới xavan/Cận xích đạo
3291,92,Thành phố Cần Thơ,31783,Phường Vĩnh Châu,10.0849453,105.7066752,ĐBSCL,Nhiệt đới xavan/Cận xích đạo
3292,92,Thành phố Cần Thơ,31789,Phường Khánh Hòa,10.0849453,105.7066752,ĐBSCL,Nhiệt đới xavan/Cận xích đạo
3293,92,Thành phố Cần Thơ,31795,Xã Vĩnh Hải,10.0849453,105.7066752,ĐBSCL,Nhiệt đới xavan/Cận xích đạo
3294,92,Thành phố Cần Thơ,31804,Phường Vĩnh Phước,10.0849453,105.7066752,ĐBSCL,Nhiệt đới xavan/Cận xích đạo
3295,92,Thành phố Cần Thơ,31810,Xã Lai Hòa,10.0849453,105.7066752,ĐBSCL,Nhiệt đới xavan/Cận xích đạo
3296,96,Cà Mau,31825,Phường Bạc Liêu,9.1760000,105.1500000,ĐBSCL,Nhiệt đới xavan/Cận xích đạo
3297,96,Cà Mau,31834,Phường Vĩnh Trạch,9.1760000,105.1500000,ĐBSCL,Nhiệt đới xavan/Cận xích đạo
3298,96,Cà Mau,31840,Phường Hiệp Thành,9.1760000,105.1500000,ĐBSCL,Nhiệt đới xavan/Cận xích đạo
3299,96,Cà Mau,31843,Xã Hồng Dân,9.1760000,105.1500000,ĐBSCL,Nhiệt đới xavan/Cận xích đạo
3300,96,Cà Mau,31849,Xã Ninh Quới,9.1760000,105.1500000,ĐBSCL,Nhiệt đới xavan/Cận xích đạo
3301,96,Cà Mau,31858,Xã Vĩnh Lộc,9.1760000,105.1500000,ĐBSCL,Nhiệt đới xavan/Cận xích đạo
3302,96,Cà Mau,31864,Xã Ninh Thạnh Lợi,9.1760000,105.1500000,ĐBSCL,Nhiệt đới xavan/Cận xích đạo
3303,96,Cà Mau,31867,Xã Phước Long,9.1760000,105.1500000,ĐBSCL,Nhiệt đới xavan/Cận xích đạo
3304,96,Cà Mau,31876,Xã Vĩnh Phước,9.1760000,105.1500000,ĐBSCL,Nhiệt đới xavan/Cận xích đạo
3305,96,Cà Mau,31882,Xã Vĩnh Thanh,9.1760000,105.1500000,ĐBSCL,Nhiệt đới xavan/Cận xích đạo
3306,96,Cà Mau,31885,Xã Phong Hiệp,9.1760000,105.1500000,ĐBSCL,Nhiệt đới xavan/Cận xích đạo
3307,96,Cà Mau,31891,Xã Hòa Bình,9.1760000,105.1500000,ĐBSCL,Nhiệt đới xavan/Cận xích đạo
3308,96,Cà Mau,31894,Xã Châu Thới,9.1760000,105.1500000,ĐBSCL,Nhiệt đới xavan/Cận xích đạo
3309,96,Cà Mau,31900,Xã Vĩnh Lợi,9.1760000,105.1500000,ĐBSCL,Nhiệt đới xavan/Cận xích đạo
3310,96,Cà Mau,31906,Xã Hưng Hội,9.1760000,105.1500000,ĐBSCL,Nhiệt đới xavan/Cận xích đạo
3311,96,Cà Mau,31918,Xã Vĩnh Mỹ,9.1760000,105.1500000,ĐBSCL,Nhiệt đới xavan/Cận xích đạo
3312,96,Cà Mau,31927,Xã Vĩnh Hậu,9.1760000,105.1500000,ĐBSCL,Nhiệt đới xavan/Cận xích đạo
3313,96,Cà Mau,31942,Phường Giá Rai,9.1760000,105.1500000,ĐBSCL,Nhiệt đới xavan/Cận xích đạo
3314,96,Cà Mau,31951,Phường Láng Tròn,9.1760000,105.1500000,ĐBSCL,Nhiệt đới xavan/Cận xích đạo
3315,96,Cà Mau,31957,Xã Phong Thạnh,9.1760000,105.1500000,ĐBSCL,Nhiệt đới xavan/Cận xích đạo
3316,96,Cà Mau,31972,Xã Gành Hào,9.1760000,105.1500000,ĐBSCL,Nhiệt đới xavan/Cận xích đạo
3317,96,Cà Mau,31975,Xã Đông Hải,9.1760000,105.1500000,ĐBSCL,Nhiệt đới xavan/Cận xích đạo
3318,96,Cà Mau,31985,Xã Long Điền,9.1760000,105.1500000,ĐBSCL,Nhiệt đới xavan/Cận xích đạo
3319,96,Cà Mau,31988,Xã An Trạch,9.1760000,105.1500000,ĐBSCL,Nhiệt đới xavan/Cận xích đạo
3320,96,Cà Mau,31993,Xã Định Thành,9.1760000,105.1500000,ĐBSCL,Nhiệt đới xavan/Cận xích đạo
3321,96,Cà Mau,32002,Phường An Xuyên,9.1760000,105.1500000,ĐBSCL,Nhiệt đới xavan/Cận xích đạo
3322,96,Cà Mau,32014,Phường Lý Văn Lâm,9.1760000,105.1500000,ĐBSCL,Nhiệt đới xavan/Cận xích đạo
3323,96,Cà Mau,32025,Phường Tân Thành,9.1760000,105.1500000,ĐBSCL,Nhiệt đới xavan/Cận xích đạo
3324,96,Cà Mau,32041,Phường Hòa Thành,9.1760000,105.1500000,ĐBSCL,Nhiệt đới xavan/Cận xích đạo
3325,96,Cà Mau,32044,Xã Nguyễn Phích,9.1760000,105.1500000,ĐBSCL,Nhiệt đới xavan/Cận xích đạo
3326,96,Cà Mau,32047,Xã U Minh,9.1760000,105.1500000,ĐBSCL,Nhiệt đới xavan/Cận xích đạo
3327,96,Cà Mau,32059,Xã Khánh An,9.1760000,105.1500000,ĐBSCL,Nhiệt đới xavan/Cận xích đạo
3328,96,Cà Mau,32062,Xã Khánh Lâm,9.1760000,105.1500000,ĐBSCL,Nhiệt đới xavan/Cận xích đạo
3329,96,Cà Mau,32065,Xã Thới Bình,9.1760000,105.1500000,ĐBSCL,Nhiệt đới xavan/Cận xích đạo
3330,96,Cà Mau,32069,Xã Biển Bạch,9.1760000,105.1500000,ĐBSCL,Nhiệt đới xavan/Cận xích đạo
3331,96,Cà Mau,32071,Xã Trí Phải,9.1760000,105.1500000,ĐBSCL,Nhiệt đới xavan/Cận xích đạo
3332,96,Cà Mau,32083,Xã Tân Lộc,9.1760000,105.1500000,ĐBSCL,Nhiệt đới xavan/Cận xích đạo
3333,96,Cà Mau,32092,Xã Hồ Thị Kỷ,9.1760000,105.1500000,ĐBSCL,Nhiệt đới xavan/Cận xích đạo
3334,96,Cà Mau,32095,Xã Trần Văn Thời,9.1760000,105.1500000,ĐBSCL,Nhiệt đới xavan/Cận xích đạo
3335,96,Cà Mau,32098,Xã Sông Đốc,9.1760000,105.1500000,ĐBSCL,Nhiệt đới xavan/Cận xích đạo
3336,96,Cà Mau,32104,Xã Đá Bạc,9.1760000,105.1500000,ĐBSCL,Nhiệt đới xavan/Cận xích đạo
3337,96,Cà Mau,32110,Xã Khánh Bình,9.1760000,105.1500000,ĐBSCL,Nhiệt đới xavan/Cận xích đạo
3338,96,Cà Mau,32119,Xã Khánh Hưng,9.1760000,105.1500000,ĐBSCL,Nhiệt đới xavan/Cận xích đạo
3339,96,Cà Mau,32128,Xã Cái Nước,9.1760000,105.1500000,ĐBSCL,Nhiệt đới xavan/Cận xích đạo
3340,96,Cà Mau,32134,Xã Lương Thế Trân,9.1760000,105.1500000,ĐBSCL,Nhiệt đới xavan/Cận xích đạo
3341,96,Cà Mau,32137,Xã Tân Hưng,9.1760000,105.1500000,ĐBSCL,Nhiệt đới xavan/Cận xích đạo
3342,96,Cà Mau,32140,Xã Hưng Mỹ,9.1760000,105.1500000,ĐBSCL,Nhiệt đới xavan/Cận xích đạo
3343,96,Cà Mau,32152,Xã Đầm Dơi,9.1760000,105.1500000,ĐBSCL,Nhiệt đới xavan/Cận xích đạo
3344,96,Cà Mau,32155,Xã Tạ An Khương,9.1760000,105.1500000,ĐBSCL,Nhiệt đới xavan/Cận xích đạo
3345,96,Cà Mau,32161,Xã Trần Phán,9.1760000,105.1500000,ĐBSCL,Nhiệt đới xavan/Cận xích đạo
3346,96,Cà Mau,32167,Xã Tân Thuận,9.1760000,105.1500000,ĐBSCL,Nhiệt đới xavan/Cận xích đạo
3347,96,Cà Mau,32182,Xã Quách Phẩm,9.1760000,105.1500000,ĐBSCL,Nhiệt đới xavan/Cận xích đạo
3348,96,Cà Mau,32185,Xã Thanh Tùng,9.1760000,105.1500000,ĐBSCL,Nhiệt đới xavan/Cận xích đạo
3349,96,Cà Mau,32188,Xã Tân Tiến,9.1760000,105.1500000,ĐBSCL,Nhiệt đới xavan/Cận xích đạo
3350,96,Cà Mau,32191,Xã Năm Căn,9.1760000,105.1500000,ĐBSCL,Nhiệt đới xavan/Cận xích đạo
3351,96,Cà Mau,32201,Xã Đất Mới,9.1760000,105.1500000,ĐBSCL,Nhiệt đới xavan/Cận xích đạo
3352,96,Cà Mau,32206,Xã Tam Giang,9.1760000,105.1500000,ĐBSCL,Nhiệt đới xavan/Cận xích đạo
3353,96,Cà Mau,32212,Xã Cái Đôi Vàm,9.1760000,105.1500000,ĐBSCL,Nhiệt đới xavan/Cận xích đạo
3354,96,Cà Mau,32214,Xã Phú Mỹ,9.1760000,105.1500000,ĐBSCL,Nhiệt đới xavan/Cận xích đạo
3355,96,Cà Mau,32218,Xã Phú Tân,9.1760000,105.1500000,ĐBSCL,Nhiệt đới xavan/Cận xích đạo
3356,96,Cà Mau,32227,Xã Nguyễn Việt Khái,9.1760000,105.1500000,ĐBSCL,Nhiệt đới xavan/Cận xích đạo
3357,96,Cà Mau,32236,Xã Tân Ân,9.1760000,105.1500000,ĐBSCL,Nhiệt đới xavan/Cận xích đạo
3358,96,Cà Mau,32244,Xã Phan Ngọc Hiển,9.1760000,105.1500000,ĐBSCL,Nhiệt đới xavan/Cận xích đạo
3359,96,Cà Mau,32248,Xã Đất Mũi,9.1760000,105.1500000,ĐBSCL,Nhiệt đới xavan/Cận xích đạo
